season,round,race_date,race_name,circuit_id,driver_id,driver_code,constructor_id,qualifying_position,q1_time_sec,q2_time_sec,q3_time_sec,best_qualifying_time_sec,qualifying_session_reached
2018,1,2018-03-25,Australian Grand Prix,albert_park,hamilton,HAM,mercedes,1,82.824,82.051,81.164,81.164,Q3
2018,1,2018-03-25,Australian Grand Prix,albert_park,raikkonen,RAI,ferrari,2,83.096,82.507,81.828,81.828,Q3
2018,1,2018-03-25,Australian Grand Prix,albert_park,vettel,VET,ferrari,3,83.348,81.944,81.838,81.838,Q3
2018,1,2018-03-25,Australian Grand Prix,albert_park,max_verstappen,VER,red_bull,4,83.483,82.416,81.879,81.879,Q3
2018,1,2018-03-25,Australian Grand Prix,albert_park,ricciardo,RIC,red_bull,5,83.494,82.89699999999999,82.152,82.152,Q3
2018,1,2018-03-25,Australian Grand Prix,albert_park,kevin_magnussen,MAG,haas,6,83.90899999999999,83.3,83.187,83.187,Q3
2018,1,2018-03-25,Australian Grand Prix,albert_park,grosjean,GRO,haas,7,83.67099999999999,83.468,83.339,83.339,Q3
2018,1,2018-03-25,Australian Grand Prix,albert_park,hulkenberg,HUL,renault,8,83.782,83.544,83.532,83.532,Q3
2018,1,2018-03-25,Australian Grand Prix,albert_park,sainz,SAI,renault,9,83.529,83.061,83.577,83.061,Q3
2018,1,2018-03-25,Australian Grand Prix,albert_park,bottas,BOT,mercedes,10,83.686,82.089,,82.089,Q2
2018,1,2018-03-25,Australian Grand Prix,albert_park,alonso,ALO,mclaren,11,83.59700000000001,83.69200000000001,,83.59700000000001,Q2
2018,1,2018-03-25,Australian Grand Prix,albert_park,vandoorne,VAN,mclaren,12,84.07300000000001,83.85300000000001,,83.85300000000001,Q2
2018,1,2018-03-25,Australian Grand Prix,albert_park,perez,PER,force_india,13,84.344,84.005,,84.005,Q2
2018,1,2018-03-25,Australian Grand Prix,albert_park,stroll,STR,williams,14,84.464,84.23,,84.23,Q2
2018,1,2018-03-25,Australian Grand Prix,albert_park,ocon,OCO,force_india,15,84.503,84.786,,84.503,Q2
2018,1,2018-03-25,Australian Grand Prix,albert_park,brendon_hartley,HAR,toro_rosso,16,84.532,,,84.532,Q1
2018,1,2018-03-25,Australian Grand Prix,albert_park,ericsson,ERI,sauber,17,84.556,,,84.556,Q1
2018,1,2018-03-25,Australian Grand Prix,albert_park,leclerc,LEC,sauber,18,84.636,,,84.636,Q1
2018,1,2018-03-25,Australian Grand Prix,albert_park,sirotkin,SIR,williams,19,84.922,,,84.922,Q1
2018,1,2018-03-25,Australian Grand Prix,albert_park,gasly,GAS,toro_rosso,20,85.295,,,85.295,Q1
2018,2,2018-04-08,Bahrain Grand Prix,bahrain,vettel,VET,ferrari,1,89.06,88.34100000000001,87.958,87.958,Q3
2018,2,2018-04-08,Bahrain Grand Prix,bahrain,raikkonen,RAI,ferrari,2,88.951,88.515,88.101,88.101,Q3
2018,2,2018-04-08,Bahrain Grand Prix,bahrain,bottas,BOT,mercedes,3,89.275,88.794,88.124,88.124,Q3
2018,2,2018-04-08,Bahrain Grand Prix,bahrain,hamilton,HAM,mercedes,4,89.396,88.458,88.22,88.22,Q3
2018,2,2018-04-08,Bahrain Grand Prix,bahrain,ricciardo,RIC,red_bull,5,89.55199999999999,88.962,88.398,88.398,Q3
2018,2,2018-04-08,Bahrain Grand Prix,bahrain,gasly,GAS,toro_rosso,6,90.121,89.836,89.32900000000001,89.32900000000001,Q3
2018,2,2018-04-08,Bahrain Grand Prix,bahrain,kevin_magnussen,MAG,haas,7,89.594,89.623,89.358,89.358,Q3
2018,2,2018-04-08,Bahrain Grand Prix,bahrain,hulkenberg,HUL,renault,8,90.26,89.187,89.57,89.187,Q3
2018,2,2018-04-08,Bahrain Grand Prix,bahrain,ocon,OCO,force_india,9,90.338,90.009,89.874,89.874,Q3
2018,2,2018-04-08,Bahrain Grand Prix,bahrain,sainz,SAI,renault,10,89.893,89.80199999999999,89.986,89.80199999999999,Q3
2018,2,2018-04-08,Bahrain Grand Prix,bahrain,brendon_hartley,HAR,toro_rosso,11,90.412,90.105,,90.105,Q2
2018,2,2018-04-08,Bahrain Grand Prix,bahrain,perez,PER,force_india,12,90.218,90.156,,90.156,Q2
2018,2,2018-04-08,Bahrain Grand Prix,bahrain,alonso,ALO,mclaren,13,90.53,90.212,,90.212,Q2
2018,2,2018-04-08,Bahrain Grand Prix,bahrain,vandoorne,VAN,mclaren,14,90.479,90.525,,90.479,Q2
2018,2,2018-04-08,Bahrain Grand Prix,bahrain,max_verstappen,VER,red_bull,15,89.374,,,89.374,Q1
2018,2,2018-04-08,Bahrain Grand Prix,bahrain,grosjean,GRO,haas,16,90.53,,,90.53,Q1
2018,2,2018-04-08,Bahrain Grand Prix,bahrain,ericsson,ERI,sauber,17,91.063,,,91.063,Q1
2018,2,2018-04-08,Bahrain Grand Prix,bahrain,sirotkin,SIR,williams,18,91.414,,,91.414,Q1
2018,2,2018-04-08,Bahrain Grand Prix,bahrain,leclerc,LEC,sauber,19,91.42,,,91.42,Q1
2018,2,2018-04-08,Bahrain Grand Prix,bahrain,stroll,STR,williams,20,91.503,,,91.503,Q1
2018,3,2018-04-15,Chinese Grand Prix,shanghai,vettel,VET,ferrari,1,92.17099999999999,92.38499999999999,91.095,91.095,Q3
2018,3,2018-04-15,Chinese Grand Prix,shanghai,raikkonen,RAI,ferrari,2,92.47399999999999,92.286,91.182,91.182,Q3
2018,3,2018-04-15,Chinese Grand Prix,shanghai,bottas,BOT,mercedes,3,92.92099999999999,92.063,91.625,91.625,Q3
2018,3,2018-04-15,Chinese Grand Prix,shanghai,hamilton,HAM,mercedes,4,93.283,91.914,91.675,91.675,Q3
2018,3,2018-04-15,Chinese Grand Prix,shanghai,max_verstappen,VER,red_bull,5,92.932,92.809,91.79599999999999,91.79599999999999,Q3
2018,3,2018-04-15,Chinese Grand Prix,shanghai,ricciardo,RIC,red_bull,6,93.87700000000001,92.688,91.94800000000001,91.94800000000001,Q3
2018,3,2018-04-15,Chinese Grand Prix,shanghai,hulkenberg,HUL,renault,7,93.545,92.494,92.532,92.494,Q3
2018,3,2018-04-15,Chinese Grand Prix,shanghai,perez,PER,force_india,8,93.464,92.931,92.75800000000001,92.75800000000001,Q3
2018,3,2018-04-15,Chinese Grand Prix,shanghai,sainz,SAI,renault,9,93.315,92.97,92.819,92.819,Q3
2018,3,2018-04-15,Chinese Grand Prix,shanghai,grosjean,GRO,haas,10,93.238,92.524,92.85499999999999,92.524,Q3
2018,3,2018-04-15,Chinese Grand Prix,shanghai,kevin_magnussen,MAG,haas,11,93.35900000000001,92.98599999999999,,92.98599999999999,Q2
2018,3,2018-04-15,Chinese Grand Prix,shanghai,ocon,OCO,force_india,12,93.58500000000001,93.057,,93.057,Q2
2018,3,2018-04-15,Chinese Grand Prix,shanghai,alonso,ALO,mclaren,13,93.428,93.232,,93.232,Q2
2018,3,2018-04-15,Chinese Grand Prix,shanghai,vandoorne,VAN,mclaren,14,93.824,93.505,,93.505,Q2
2018,3,2018-04-15,Chinese Grand Prix,shanghai,brendon_hartley,HAR,toro_rosso,15,94.013,93.795,,93.795,Q2
2018,3,2018-04-15,Chinese Grand Prix,shanghai,sirotkin,SIR,williams,16,94.062,,,94.062,Q1
2018,3,2018-04-15,Chinese Grand Prix,shanghai,gasly,GAS,toro_rosso,17,94.101,,,94.101,Q1
2018,3,2018-04-15,Chinese Grand Prix,shanghai,stroll,STR,williams,18,94.285,,,94.285,Q1
2018,3,2018-04-15,Chinese Grand Prix,shanghai,leclerc,LEC,sauber,19,94.45400000000001,,,94.45400000000001,Q1
2018,3,2018-04-15,Chinese Grand Prix,shanghai,ericsson,ERI,sauber,20,94.914,,,94.914,Q1
2018,4,2018-04-29,Azerbaijan Grand Prix,baku,vettel,VET,ferrari,1,102.762,103.015,101.49799999999999,101.49799999999999,Q3
2018,4,2018-04-29,Azerbaijan Grand Prix,baku,hamilton,HAM,mercedes,2,102.693,102.676,101.67699999999999,101.67699999999999,Q3
2018,4,2018-04-29,Azerbaijan Grand Prix,baku,bottas,BOT,mercedes,3,103.35499999999999,102.679,101.837,101.837,Q3
2018,4,2018-04-29,Azerbaijan Grand Prix,baku,ricciardo,RIC,red_bull,4,102.857,103.482,101.911,101.911,Q3
2018,4,2018-04-29,Azerbaijan Grand Prix,baku,max_verstappen,VER,red_bull,5,102.642,102.90100000000001,101.994,101.994,Q3
2018,4,2018-04-29,Azerbaijan Grand Prix,baku,raikkonen,RAI,ferrari,6,102.538,102.50999999999999,102.49000000000001,102.49000000000001,Q3
2018,4,2018-04-29,Azerbaijan Grand Prix,baku,ocon,OCO,force_india,7,103.021,102.967,102.523,102.523,Q3
2018,4,2018-04-29,Azerbaijan Grand Prix,baku,perez,PER,force_india,8,103.99199999999999,103.366,102.547,102.547,Q3
2018,4,2018-04-29,Azerbaijan Grand Prix,baku,hulkenberg,HUL,renault,9,103.74600000000001,103.232,103.066,103.066,Q3
2018,4,2018-04-29,Azerbaijan Grand Prix,baku,sainz,SAI,renault,10,103.426,103.464,103.351,103.351,Q3
2018,4,2018-04-29,Azerbaijan Grand Prix,baku,stroll,STR,williams,11,104.35900000000001,103.58500000000001,,103.58500000000001,Q2
2018,4,2018-04-29,Azerbaijan Grand Prix,baku,sirotkin,SIR,williams,12,104.261,103.886,,103.886,Q2
2018,4,2018-04-29,Azerbaijan Grand Prix,baku,alonso,ALO,mclaren,13,104.00999999999999,104.019,,104.00999999999999,Q2
2018,4,2018-04-29,Azerbaijan Grand Prix,baku,leclerc,LEC,sauber,14,103.75200000000001,104.074,,103.75200000000001,Q2
2018,4,2018-04-29,Azerbaijan Grand Prix,baku,kevin_magnussen,MAG,haas,15,103.674,104.759,,103.674,Q2
2018,4,2018-04-29,Azerbaijan Grand Prix,baku,vandoorne,VAN,mclaren,16,104.489,,,104.489,Q1
2018,4,2018-04-29,Azerbaijan Grand Prix,baku,gasly,GAS,toro_rosso,17,104.49600000000001,,,104.49600000000001,Q1
2018,4,2018-04-29,Azerbaijan Grand Prix,baku,ericsson,ERI,sauber,18,105.541,,,105.541,Q1
2018,4,2018-04-29,Azerbaijan Grand Prix,baku,brendon_hartley,HAR,toro_rosso,19,117.354,,,117.354,Q1
2018,4,2018-04-29,Azerbaijan Grand Prix,baku,grosjean,GRO,haas,20,,,,,Q1
2018,5,2018-05-13,Spanish Grand Prix,catalunya,hamilton,HAM,mercedes,1,77.633,77.166,76.173,76.173,Q3
2018,5,2018-05-13,Spanish Grand Prix,catalunya,bottas,BOT,mercedes,2,77.674,77.111,76.213,76.213,Q3
2018,5,2018-05-13,Spanish Grand Prix,catalunya,vettel,VET,ferrari,3,77.031,76.80199999999999,76.305,76.305,Q3
2018,5,2018-05-13,Spanish Grand Prix,catalunya,raikkonen,RAI,ferrari,4,77.483,77.071,76.612,76.612,Q3
2018,5,2018-05-13,Spanish Grand Prix,catalunya,max_verstappen,VER,red_bull,5,77.411,77.26599999999999,76.816,76.816,Q3
2018,5,2018-05-13,Spanish Grand Prix,catalunya,ricciardo,RIC,red_bull,6,77.623,77.638,76.818,76.818,Q3
2018,5,2018-05-13,Spanish Grand Prix,catalunya,kevin_magnussen,MAG,haas,7,78.169,77.618,77.676,77.618,Q3
2018,5,2018-05-13,Spanish Grand Prix,catalunya,alonso,ALO,mclaren,8,78.276,78.1,77.721,77.721,Q3
2018,5,2018-05-13,Spanish Grand Prix,catalunya,sainz,SAI,renault,9,78.48,77.803,77.78999999999999,77.78999999999999,Q3
2018,5,2018-05-13,Spanish Grand Prix,catalunya,grosjean,GRO,haas,10,78.305,77.699,77.83500000000001,77.699,Q3
2018,5,2018-05-13,Spanish Grand Prix,catalunya,vandoorne,VAN,mclaren,11,78.885,78.32300000000001,,78.32300000000001,Q2
2018,5,2018-05-13,Spanish Grand Prix,catalunya,gasly,GAS,toro_rosso,12,78.55,78.463,,78.463,Q2
2018,5,2018-05-13,Spanish Grand Prix,catalunya,ocon,OCO,force_india,13,78.813,78.696,,78.696,Q2
2018,5,2018-05-13,Spanish Grand Prix,catalunya,leclerc,LEC,sauber,14,78.661,78.91,,78.661,Q2
2018,5,2018-05-13,Spanish Grand Prix,catalunya,perez,PER,force_india,15,78.74,79.098,,78.74,Q2
2018,5,2018-05-13,Spanish Grand Prix,catalunya,hulkenberg,HUL,renault,16,78.923,,,78.923,Q1
2018,5,2018-05-13,Spanish Grand Prix,catalunya,ericsson,ERI,sauber,17,79.493,,,79.493,Q1
2018,5,2018-05-13,Spanish Grand Prix,catalunya,sirotkin,SIR,williams,18,79.695,,,79.695,Q1
2018,5,2018-05-13,Spanish Grand Prix,catalunya,stroll,STR,williams,19,80.225,,,80.225,Q1
2018,5,2018-05-13,Spanish Grand Prix,catalunya,brendon_hartley,HAR,toro_rosso,20,,,,,Q1
2018,6,2018-05-27,Monaco Grand Prix,monaco,ricciardo,RIC,red_bull,1,72.013,71.278,70.81,70.81,Q3
2018,6,2018-05-27,Monaco Grand Prix,monaco,vettel,VET,ferrari,2,72.41499999999999,71.518,71.039,71.039,Q3
2018,6,2018-05-27,Monaco Grand Prix,monaco,hamilton,HAM,mercedes,3,72.46000000000001,71.584,71.232,71.232,Q3
2018,6,2018-05-27,Monaco Grand Prix,monaco,raikkonen,RAI,ferrari,4,72.639,71.391,71.266,71.266,Q3
2018,6,2018-05-27,Monaco Grand Prix,monaco,bottas,BOT,mercedes,5,72.434,72.002,71.441,71.441,Q3
2018,6,2018-05-27,Monaco Grand Prix,monaco,ocon,OCO,force_india,6,73.028,72.188,72.061,72.061,Q3
2018,6,2018-05-27,Monaco Grand Prix,monaco,alonso,ALO,mclaren,7,72.657,72.269,72.11,72.11,Q3
2018,6,2018-05-27,Monaco Grand Prix,monaco,sainz,SAI,renault,8,72.95,72.286,72.13,72.13,Q3
2018,6,2018-05-27,Monaco Grand Prix,monaco,perez,PER,force_india,9,72.848,72.194,72.154,72.154,Q3
2018,6,2018-05-27,Monaco Grand Prix,monaco,gasly,GAS,toro_rosso,10,72.941,72.313,72.221,72.221,Q3
2018,6,2018-05-27,Monaco Grand Prix,monaco,hulkenberg,HUL,renault,11,73.065,72.411,,72.411,Q2
2018,6,2018-05-27,Monaco Grand Prix,monaco,vandoorne,VAN,mclaren,12,72.463,72.44,,72.44,Q2
2018,6,2018-05-27,Monaco Grand Prix,monaco,sirotkin,SIR,williams,13,72.706,72.521,,72.521,Q2
2018,6,2018-05-27,Monaco Grand Prix,monaco,leclerc,LEC,sauber,14,72.82900000000001,72.714,,72.714,Q2
2018,6,2018-05-27,Monaco Grand Prix,monaco,grosjean,GRO,haas,15,72.93,72.728,,72.728,Q2
2018,6,2018-05-27,Monaco Grand Prix,monaco,brendon_hartley,HAR,toro_rosso,16,73.179,,,73.179,Q1
2018,6,2018-05-27,Monaco Grand Prix,monaco,ericsson,ERI,sauber,17,73.265,,,73.265,Q1
2018,6,2018-05-27,Monaco Grand Prix,monaco,stroll,STR,williams,18,73.32300000000001,,,73.32300000000001,Q1
2018,6,2018-05-27,Monaco Grand Prix,monaco,kevin_magnussen,MAG,haas,19,73.393,,,73.393,Q1
2018,6,2018-05-27,Monaco Grand Prix,monaco,max_verstappen,VER,red_bull,20,,,,,Q1
2018,7,2018-06-10,Canadian Grand Prix,villeneuve,vettel,VET,ferrari,1,71.71000000000001,71.524,70.764,70.764,Q3
2018,7,2018-06-10,Canadian Grand Prix,villeneuve,bottas,BOT,mercedes,2,71.95,71.514,70.857,70.857,Q3
2018,7,2018-06-10,Canadian Grand Prix,villeneuve,max_verstappen,VER,red_bull,3,72.008,71.472,70.937,70.937,Q3
2018,7,2018-06-10,Canadian Grand Prix,villeneuve,hamilton,HAM,mercedes,4,71.83500000000001,71.74,70.996,70.996,Q3
2018,7,2018-06-10,Canadian Grand Prix,villeneuve,raikkonen,RAI,ferrari,5,71.725,71.62,71.095,71.095,Q3
2018,7,2018-06-10,Canadian Grand Prix,villeneuve,ricciardo,RIC,red_bull,6,72.459,71.434,71.116,71.116,Q3
2018,7,2018-06-10,Canadian Grand Prix,villeneuve,hulkenberg,HUL,renault,7,72.795,71.916,71.973,71.916,Q3
2018,7,2018-06-10,Canadian Grand Prix,villeneuve,ocon,OCO,force_india,8,72.577,72.141,72.084,72.084,Q3
2018,7,2018-06-10,Canadian Grand Prix,villeneuve,sainz,SAI,renault,9,72.689,72.097,72.168,72.097,Q3
2018,7,2018-06-10,Canadian Grand Prix,villeneuve,perez,PER,force_india,10,72.702,72.395,72.67099999999999,72.395,Q3
2018,7,2018-06-10,Canadian Grand Prix,villeneuve,kevin_magnussen,MAG,haas,11,72.68,72.606,,72.606,Q2
2018,7,2018-06-10,Canadian Grand Prix,villeneuve,brendon_hartley,HAR,toro_rosso,12,72.587,72.635,,72.587,Q2
2018,7,2018-06-10,Canadian Grand Prix,villeneuve,leclerc,LEC,sauber,13,72.945,72.661,,72.661,Q2
2018,7,2018-06-10,Canadian Grand Prix,villeneuve,alonso,ALO,mclaren,14,72.979,72.856,,72.856,Q2
2018,7,2018-06-10,Canadian Grand Prix,villeneuve,vandoorne,VAN,mclaren,15,72.998,72.865,,72.865,Q2
2018,7,2018-06-10,Canadian Grand Prix,villeneuve,gasly,GAS,toro_rosso,16,73.047,,,73.047,Q1
2018,7,2018-06-10,Canadian Grand Prix,villeneuve,stroll,STR,williams,17,73.59,,,73.59,Q1
2018,7,2018-06-10,Canadian Grand Prix,villeneuve,sirotkin,SIR,williams,18,73.643,,,73.643,Q1
2018,7,2018-06-10,Canadian Grand Prix,villeneuve,ericsson,ERI,sauber,19,74.593,,,74.593,Q1
2018,7,2018-06-10,Canadian Grand Prix,villeneuve,grosjean,GRO,haas,20,,,,,Q1
2018,8,2018-06-24,French Grand Prix,ricard,hamilton,HAM,mercedes,1,91.271,90.645,90.029,90.029,Q3
2018,8,2018-06-24,French Grand Prix,ricard,bottas,BOT,mercedes,2,91.776,91.227,90.14699999999999,90.14699999999999,Q3
2018,8,2018-06-24,French Grand Prix,ricard,vettel,VET,ferrari,3,91.82,90.751,90.4,90.4,Q3
2018,8,2018-06-24,French Grand Prix,ricard,max_verstappen,VER,red_bull,4,91.531,90.818,90.705,90.705,Q3
2018,8,2018-06-24,French Grand Prix,ricard,ricciardo,RIC,red_bull,5,91.91,91.538,90.895,90.895,Q3
2018,8,2018-06-24,French Grand Prix,ricard,raikkonen,RAI,ferrari,6,91.56700000000001,90.77199999999999,91.057,90.77199999999999,Q3
2018,8,2018-06-24,French Grand Prix,ricard,sainz,SAI,renault,7,92.394,92.01599999999999,92.126,92.01599999999999,Q3
2018,8,2018-06-24,French Grand Prix,ricard,leclerc,LEC,sauber,8,92.538,92.055,92.63499999999999,92.055,Q3
2018,8,2018-06-24,French Grand Prix,ricard,kevin_magnussen,MAG,haas,9,92.169,91.51,92.93,91.51,Q3
2018,8,2018-06-24,French Grand Prix,ricard,grosjean,GRO,haas,10,92.083,91.47200000000001,,91.47200000000001,Q2
2018,8,2018-06-24,French Grand Prix,ricard,ocon,OCO,force_india,11,92.786,92.075,,92.075,Q2
2018,8,2018-06-24,French Grand Prix,ricard,hulkenberg,HUL,renault,12,92.949,92.11500000000001,,92.11500000000001,Q2
2018,8,2018-06-24,French Grand Prix,ricard,perez,PER,force_india,13,92.69200000000001,92.45400000000001,,92.45400000000001,Q2
2018,8,2018-06-24,French Grand Prix,ricard,gasly,GAS,toro_rosso,14,92.447,92.46000000000001,,92.447,Q2
2018,8,2018-06-24,French Grand Prix,ricard,ericsson,ERI,sauber,15,92.804,92.82,,92.804,Q2
2018,8,2018-06-24,French Grand Prix,ricard,alonso,ALO,mclaren,16,92.976,,,92.976,Q1
2018,8,2018-06-24,French Grand Prix,ricard,brendon_hartley,HAR,toro_rosso,17,93.025,,,93.025,Q1
2018,8,2018-06-24,French Grand Prix,ricard,vandoorne,VAN,mclaren,18,93.162,,,93.162,Q1
2018,8,2018-06-24,French Grand Prix,ricard,sirotkin,SIR,williams,19,93.636,,,93.636,Q1
2018,8,2018-06-24,French Grand Prix,ricard,stroll,STR,williams,20,93.729,,,93.729,Q1
2018,9,2018-07-01,Austrian Grand Prix,red_bull_ring,bottas,BOT,mercedes,1,64.175,63.756,63.13,63.13,Q3
2018,9,2018-07-01,Austrian Grand Prix,red_bull_ring,hamilton,HAM,mercedes,2,64.08,63.577,63.149,63.149,Q3
2018,9,2018-07-01,Austrian Grand Prix,red_bull_ring,vettel,VET,ferrari,3,64.347,63.544,63.464,63.464,Q3
2018,9,2018-07-01,Austrian Grand Prix,red_bull_ring,raikkonen,RAI,ferrari,4,64.234,63.975,63.66,63.66,Q3
2018,9,2018-07-01,Austrian Grand Prix,red_bull_ring,max_verstappen,VER,red_bull,5,64.273,64.001,63.84,63.84,Q3
2018,9,2018-07-01,Austrian Grand Prix,red_bull_ring,grosjean,GRO,haas,6,64.242,64.059,63.892,63.892,Q3
2018,9,2018-07-01,Austrian Grand Prix,red_bull_ring,ricciardo,RIC,red_bull,7,64.723,64.403,63.996,63.996,Q3
2018,9,2018-07-01,Austrian Grand Prix,red_bull_ring,kevin_magnussen,MAG,haas,8,64.46,64.291,64.051,64.051,Q3
2018,9,2018-07-01,Austrian Grand Prix,red_bull_ring,sainz,SAI,renault,9,64.94800000000001,64.561,64.725,64.561,Q3
2018,9,2018-07-01,Austrian Grand Prix,red_bull_ring,hulkenberg,HUL,renault,10,64.864,64.676,65.019,64.676,Q3
2018,9,2018-07-01,Austrian Grand Prix,red_bull_ring,ocon,OCO,force_india,11,65.148,64.845,,64.845,Q2
2018,9,2018-07-01,Austrian Grand Prix,red_bull_ring,gasly,GAS,toro_rosso,12,65.011,64.874,,64.874,Q2
2018,9,2018-07-01,Austrian Grand Prix,red_bull_ring,leclerc,LEC,sauber,13,64.967,64.979,,64.967,Q2
2018,9,2018-07-01,Austrian Grand Prix,red_bull_ring,alonso,ALO,mclaren,14,64.965,65.05799999999999,,64.965,Q2
2018,9,2018-07-01,Austrian Grand Prix,red_bull_ring,stroll,STR,williams,15,65.264,65.286,,65.264,Q2
2018,9,2018-07-01,Austrian Grand Prix,red_bull_ring,vandoorne,VAN,mclaren,16,65.271,,,65.271,Q1
2018,9,2018-07-01,Austrian Grand Prix,red_bull_ring,perez,PER,force_india,17,65.279,,,65.279,Q1
2018,9,2018-07-01,Austrian Grand Prix,red_bull_ring,sirotkin,SIR,williams,18,65.322,,,65.322,Q1
2018,9,2018-07-01,Austrian Grand Prix,red_bull_ring,brendon_hartley,HAR,toro_rosso,19,65.366,,,65.366,Q1
2018,9,2018-07-01,Austrian Grand Prix,red_bull_ring,ericsson,ERI,sauber,20,65.479,,,65.479,Q1
2018,10,2018-07-08,British Grand Prix,silverstone,hamilton,HAM,mercedes,1,86.818,86.256,85.892,85.892,Q3
2018,10,2018-07-08,British Grand Prix,silverstone,vettel,VET,ferrari,2,86.58500000000001,86.372,85.936,85.936,Q3
2018,10,2018-07-08,British Grand Prix,silverstone,raikkonen,RAI,ferrari,3,87.549,86.483,85.99,85.99,Q3
2018,10,2018-07-08,British Grand Prix,silverstone,bottas,BOT,mercedes,4,87.025,86.413,86.217,86.217,Q3
2018,10,2018-07-08,British Grand Prix,silverstone,max_verstappen,VER,red_bull,5,87.309,87.013,86.602,86.602,Q3
2018,10,2018-07-08,British Grand Prix,silverstone,ricciardo,RIC,red_bull,6,87.979,87.369,87.099,87.099,Q3
2018,10,2018-07-08,British Grand Prix,silverstone,kevin_magnussen,MAG,haas,7,88.143,87.73,87.244,87.244,Q3
2018,10,2018-07-08,British Grand Prix,silverstone,grosjean,GRO,haas,8,88.086,87.52199999999999,87.455,87.455,Q3
2018,10,2018-07-08,British Grand Prix,silverstone,leclerc,LEC,sauber,9,87.962,87.78999999999999,87.879,87.78999999999999,Q3
2018,10,2018-07-08,British Grand Prix,silverstone,ocon,OCO,force_india,10,88.279,87.843,88.194,87.843,Q3
2018,10,2018-07-08,British Grand Prix,silverstone,hulkenberg,HUL,renault,11,88.017,87.901,,87.901,Q2
2018,10,2018-07-08,British Grand Prix,silverstone,perez,PER,force_india,12,88.21000000000001,87.928,,87.928,Q2
2018,10,2018-07-08,British Grand Prix,silverstone,alonso,ALO,mclaren,13,88.187,88.139,,88.139,Q2
2018,10,2018-07-08,British Grand Prix,silverstone,gasly,GAS,toro_rosso,14,88.399,88.343,,88.343,Q2
2018,10,2018-07-08,British Grand Prix,silverstone,ericsson,ERI,sauber,15,88.249,88.39099999999999,,88.249,Q2
2018,10,2018-07-08,British Grand Prix,silverstone,sainz,SAI,renault,16,88.456,,,88.456,Q1
2018,10,2018-07-08,British Grand Prix,silverstone,vandoorne,VAN,mclaren,17,89.096,,,89.096,Q1
2018,10,2018-07-08,British Grand Prix,silverstone,sirotkin,SIR,williams,18,89.252,,,89.252,Q1
2018,10,2018-07-08,British Grand Prix,silverstone,stroll,STR,williams,19,,,,,Q1
2018,10,2018-07-08,British Grand Prix,silverstone,brendon_hartley,HAR,toro_rosso,20,,,,,Q1
2018,11,2018-07-22,German Grand Prix,hockenheimring,vettel,VET,ferrari,1,72.538,72.505,71.212,71.212,Q3
2018,11,2018-07-22,German Grand Prix,hockenheimring,bottas,BOT,mercedes,2,72.962,72.152,71.416,71.416,Q3
2018,11,2018-07-22,German Grand Prix,hockenheimring,raikkonen,RAI,ferrari,3,72.505,72.336,71.547,71.547,Q3
2018,11,2018-07-22,German Grand Prix,hockenheimring,max_verstappen,VER,red_bull,4,73.127,72.188,71.822,71.822,Q3
2018,11,2018-07-22,German Grand Prix,hockenheimring,kevin_magnussen,MAG,haas,5,73.105,72.523,72.2,72.2,Q3
2018,11,2018-07-22,German Grand Prix,hockenheimring,grosjean,GRO,haas,6,72.986,72.722,72.544,72.544,Q3
2018,11,2018-07-22,German Grand Prix,hockenheimring,hulkenberg,HUL,renault,7,73.479,72.946,72.56,72.56,Q3
2018,11,2018-07-22,German Grand Prix,hockenheimring,sainz,SAI,renault,8,73.324,73.032,72.69200000000001,72.69200000000001,Q3
2018,11,2018-07-22,German Grand Prix,hockenheimring,leclerc,LEC,sauber,9,73.077,72.995,72.717,72.717,Q3
2018,11,2018-07-22,German Grand Prix,hockenheimring,perez,PER,force_india,10,73.42699999999999,73.072,72.774,72.774,Q3
2018,11,2018-07-22,German Grand Prix,hockenheimring,alonso,ALO,mclaren,11,73.614,73.657,,73.614,Q2
2018,11,2018-07-22,German Grand Prix,hockenheimring,sirotkin,SIR,williams,12,73.708,73.702,,73.702,Q2
2018,11,2018-07-22,German Grand Prix,hockenheimring,ericsson,ERI,sauber,13,73.562,73.736,,73.562,Q2
2018,11,2018-07-22,German Grand Prix,hockenheimring,hamilton,HAM,mercedes,14,73.012,,,73.012,Q1
2018,11,2018-07-22,German Grand Prix,hockenheimring,ricciardo,RIC,red_bull,15,73.318,,,73.318,Q1
2018,11,2018-07-22,German Grand Prix,hockenheimring,ocon,OCO,force_india,16,73.72,,,73.72,Q1
2018,11,2018-07-22,German Grand Prix,hockenheimring,gasly,GAS,toro_rosso,17,73.749,,,73.749,Q1
2018,11,2018-07-22,German Grand Prix,hockenheimring,brendon_hartley,HAR,toro_rosso,18,74.045,,,74.045,Q1
2018,11,2018-07-22,German Grand Prix,hockenheimring,stroll,STR,williams,19,74.206,,,74.206,Q1
2018,11,2018-07-22,German Grand Prix,hockenheimring,vandoorne,VAN,mclaren,20,74.401,,,74.401,Q1
2018,12,2018-07-29,Hungarian Grand Prix,hungaroring,hamilton,HAM,mercedes,1,77.419,91.242,95.658,77.419,Q3
2018,12,2018-07-29,Hungarian Grand Prix,hungaroring,bottas,BOT,mercedes,2,77.123,92.081,95.918,77.123,Q3
2018,12,2018-07-29,Hungarian Grand Prix,hungaroring,raikkonen,RAI,ferrari,3,77.526,92.762,96.186,77.526,Q3
2018,12,2018-07-29,Hungarian Grand Prix,hungaroring,vettel,VET,ferrari,4,76.666,88.636,96.21000000000001,76.666,Q3
2018,12,2018-07-29,Hungarian Grand Prix,hungaroring,sainz,SAI,renault,5,77.82900000000001,90.771,96.743,77.82900000000001,Q3
2018,12,2018-07-29,Hungarian Grand Prix,hungaroring,gasly,GAS,toro_rosso,6,78.577,91.286,97.59100000000001,78.577,Q3
2018,12,2018-07-29,Hungarian Grand Prix,hungaroring,max_verstappen,VER,red_bull,7,76.94,91.178,98.032,76.94,Q3
2018,12,2018-07-29,Hungarian Grand Prix,hungaroring,brendon_hartley,HAR,toro_rosso,8,78.429,92.59,98.128,78.429,Q3
2018,12,2018-07-29,Hungarian Grand Prix,hungaroring,kevin_magnussen,MAG,haas,9,78.314,92.968,99.858,78.314,Q3
2018,12,2018-07-29,Hungarian Grand Prix,hungaroring,grosjean,GRO,haas,10,77.901,93.65,100.593,77.901,Q3
2018,12,2018-07-29,Hungarian Grand Prix,hungaroring,alonso,ALO,mclaren,11,78.208,95.214,,78.208,Q2
2018,12,2018-07-29,Hungarian Grand Prix,hungaroring,ricciardo,RIC,red_bull,12,78.53999999999999,96.44200000000001,,78.53999999999999,Q2
2018,12,2018-07-29,Hungarian Grand Prix,hungaroring,hulkenberg,HUL,renault,13,77.905,96.506,,77.905,Q2
2018,12,2018-07-29,Hungarian Grand Prix,hungaroring,ericsson,ERI,sauber,14,78.64099999999999,97.075,,78.64099999999999,Q2
2018,12,2018-07-29,Hungarian Grand Prix,hungaroring,stroll,STR,williams,15,78.56,,,78.56,Q1
2018,12,2018-07-29,Hungarian Grand Prix,hungaroring,vandoorne,VAN,mclaren,16,78.782,,,78.782,Q1
2018,12,2018-07-29,Hungarian Grand Prix,hungaroring,leclerc,LEC,sauber,17,78.81700000000001,,,78.81700000000001,Q1
2018,12,2018-07-29,Hungarian Grand Prix,hungaroring,ocon,OCO,force_india,18,79.142,,,79.142,Q1
2018,12,2018-07-29,Hungarian Grand Prix,hungaroring,perez,PER,force_india,19,79.2,,,79.2,Q1
2018,12,2018-07-29,Hungarian Grand Prix,hungaroring,sirotkin,SIR,williams,20,79.301,,,79.301,Q1
2018,13,2018-08-26,Belgian Grand Prix,spa,hamilton,HAM,mercedes,1,102.977,101.553,118.179,101.553,Q3
2018,13,2018-08-26,Belgian Grand Prix,spa,vettel,VET,ferrari,2,103.035,101.501,118.905,101.501,Q3
2018,13,2018-08-26,Belgian Grand Prix,spa,ocon,OCO,force_india,3,104.003,103.30199999999999,121.851,103.30199999999999,Q3
2018,13,2018-08-26,Belgian Grand Prix,spa,perez,PER,force_india,4,104.00399999999999,103.01400000000001,121.894,103.01400000000001,Q3
2018,13,2018-08-26,Belgian Grand Prix,spa,grosjean,GRO,haas,5,103.59700000000001,103.042,122.122,103.042,Q3
2018,13,2018-08-26,Belgian Grand Prix,spa,raikkonen,RAI,ferrari,6,102.58500000000001,101.533,122.671,101.533,Q3
2018,13,2018-08-26,Belgian Grand Prix,spa,max_verstappen,VER,red_bull,7,103.199,102.554,122.769,102.554,Q3
2018,13,2018-08-26,Belgian Grand Prix,spa,ricciardo,RIC,red_bull,8,103.604,103.126,122.939,103.126,Q3
2018,13,2018-08-26,Belgian Grand Prix,spa,kevin_magnussen,MAG,haas,9,103.834,103.32,124.93299999999999,103.32,Q3
2018,13,2018-08-26,Belgian Grand Prix,spa,bottas,BOT,mercedes,10,102.805,102.191,,102.191,Q2
2018,13,2018-08-26,Belgian Grand Prix,spa,gasly,GAS,toro_rosso,11,104.221,103.844,,103.844,Q2
2018,13,2018-08-26,Belgian Grand Prix,spa,brendon_hartley,HAR,toro_rosso,12,104.15299999999999,103.86500000000001,,103.86500000000001,Q2
2018,13,2018-08-26,Belgian Grand Prix,spa,leclerc,LEC,sauber,13,103.654,104.062,,103.654,Q2
2018,13,2018-08-26,Belgian Grand Prix,spa,ericsson,ERI,sauber,14,103.846,104.301,,103.846,Q2
2018,13,2018-08-26,Belgian Grand Prix,spa,hulkenberg,HUL,renault,15,104.14500000000001,,,104.14500000000001,Q1
2018,13,2018-08-26,Belgian Grand Prix,spa,sainz,SAI,renault,16,104.489,,,104.489,Q1
2018,13,2018-08-26,Belgian Grand Prix,spa,alonso,ALO,mclaren,17,104.917,,,104.917,Q1
2018,13,2018-08-26,Belgian Grand Prix,spa,sirotkin,SIR,williams,18,104.99799999999999,,,104.99799999999999,Q1
2018,13,2018-08-26,Belgian Grand Prix,spa,stroll,STR,williams,19,105.134,,,105.134,Q1
2018,13,2018-08-26,Belgian Grand Prix,spa,vandoorne,VAN,mclaren,20,105.307,,,105.307,Q1
2018,14,2018-09-02,Italian Grand Prix,monza,raikkonen,RAI,ferrari,1,80.72200000000001,79.846,79.119,79.119,Q3
2018,14,2018-09-02,Italian Grand Prix,monza,vettel,VET,ferrari,2,80.542,79.629,79.28,79.28,Q3
2018,14,2018-09-02,Italian Grand Prix,monza,hamilton,HAM,mercedes,3,80.81,79.798,79.294,79.294,Q3
2018,14,2018-09-02,Italian Grand Prix,monza,bottas,BOT,mercedes,4,81.381,80.42699999999999,79.656,79.656,Q3
2018,14,2018-09-02,Italian Grand Prix,monza,max_verstappen,VER,red_bull,5,81.381,80.333,80.615,80.333,Q3
2018,14,2018-09-02,Italian Grand Prix,monza,grosjean,GRO,haas,6,81.887,81.239,80.936,80.936,Q3
2018,14,2018-09-02,Italian Grand Prix,monza,sainz,SAI,renault,7,81.732,81.55199999999999,81.041,81.041,Q3
2018,14,2018-09-02,Italian Grand Prix,monza,ocon,OCO,force_india,8,81.57,81.315,81.099,81.099,Q3
2018,14,2018-09-02,Italian Grand Prix,monza,gasly,GAS,toro_rosso,9,81.834,81.667,81.35,81.35,Q3
2018,14,2018-09-02,Italian Grand Prix,monza,stroll,STR,williams,10,81.838,81.494,81.627,81.494,Q3
2018,14,2018-09-02,Italian Grand Prix,monza,kevin_magnussen,MAG,haas,11,81.783,81.669,,81.669,Q2
2018,14,2018-09-02,Italian Grand Prix,monza,sirotkin,SIR,williams,12,81.813,81.732,,81.732,Q2
2018,14,2018-09-02,Italian Grand Prix,monza,alonso,ALO,mclaren,13,81.85,82.568,,81.85,Q2
2018,14,2018-09-02,Italian Grand Prix,monza,hulkenberg,HUL,renault,14,81.801,,,81.801,Q1
2018,14,2018-09-02,Italian Grand Prix,monza,ricciardo,RIC,red_bull,15,81.28,,,81.28,Q1
2018,14,2018-09-02,Italian Grand Prix,monza,perez,PER,force_india,16,81.888,,,81.888,Q1
2018,14,2018-09-02,Italian Grand Prix,monza,leclerc,LEC,sauber,17,81.889,,,81.889,Q1
2018,14,2018-09-02,Italian Grand Prix,monza,brendon_hartley,HAR,toro_rosso,18,81.934,,,81.934,Q1
2018,14,2018-09-02,Italian Grand Prix,monza,ericsson,ERI,sauber,19,82.048,,,82.048,Q1
2018,14,2018-09-02,Italian Grand Prix,monza,vandoorne,VAN,mclaren,20,82.08500000000001,,,82.08500000000001,Q1
2018,15,2018-09-16,Singapore Grand Prix,marina_bay,hamilton,HAM,mercedes,1,99.40299999999999,97.344,96.015,96.015,Q3
2018,15,2018-09-16,Singapore Grand Prix,marina_bay,max_verstappen,VER,red_bull,2,98.751,97.214,96.334,96.334,Q3
2018,15,2018-09-16,Singapore Grand Prix,marina_bay,vettel,VET,ferrari,3,98.218,97.876,96.628,96.628,Q3
2018,15,2018-09-16,Singapore Grand Prix,marina_bay,bottas,BOT,mercedes,4,99.291,97.25399999999999,96.702,96.702,Q3
2018,15,2018-09-16,Singapore Grand Prix,marina_bay,raikkonen,RAI,ferrari,5,98.53399999999999,97.194,96.794,96.794,Q3
2018,15,2018-09-16,Singapore Grand Prix,marina_bay,ricciardo,RIC,red_bull,6,98.15299999999999,97.406,96.99600000000001,96.99600000000001,Q3
2018,15,2018-09-16,Singapore Grand Prix,marina_bay,perez,PER,force_india,7,98.814,98.342,97.985,97.985,Q3
2018,15,2018-09-16,Singapore Grand Prix,marina_bay,grosjean,GRO,haas,8,98.685,98.36699999999999,98.32,98.32,Q3
2018,15,2018-09-16,Singapore Grand Prix,marina_bay,ocon,OCO,force_india,9,98.912,98.53399999999999,98.36500000000001,98.36500000000001,Q3
2018,15,2018-09-16,Singapore Grand Prix,marina_bay,hulkenberg,HUL,renault,10,98.932,98.45,98.588,98.45,Q3
2018,15,2018-09-16,Singapore Grand Prix,marina_bay,alonso,ALO,mclaren,11,99.02199999999999,98.64099999999999,,98.64099999999999,Q2
2018,15,2018-09-16,Singapore Grand Prix,marina_bay,sainz,SAI,renault,12,99.10300000000001,98.71600000000001,,98.71600000000001,Q2
2018,15,2018-09-16,Singapore Grand Prix,marina_bay,leclerc,LEC,sauber,13,99.206,98.747,,98.747,Q2
2018,15,2018-09-16,Singapore Grand Prix,marina_bay,ericsson,ERI,sauber,14,99.366,99.453,,99.366,Q2
2018,15,2018-09-16,Singapore Grand Prix,marina_bay,gasly,GAS,toro_rosso,15,99.614,99.691,,99.614,Q2
2018,15,2018-09-16,Singapore Grand Prix,marina_bay,kevin_magnussen,MAG,haas,16,99.644,,,99.644,Q1
2018,15,2018-09-16,Singapore Grand Prix,marina_bay,brendon_hartley,HAR,toro_rosso,17,99.809,,,99.809,Q1
2018,15,2018-09-16,Singapore Grand Prix,marina_bay,vandoorne,VAN,mclaren,18,99.864,,,99.864,Q1
2018,15,2018-09-16,Singapore Grand Prix,marina_bay,sirotkin,SIR,williams,19,101.263,,,101.263,Q1
2018,15,2018-09-16,Singapore Grand Prix,marina_bay,stroll,STR,williams,20,101.334,,,101.334,Q1
2018,16,2018-09-30,Russian Grand Prix,sochi,bottas,BOT,mercedes,1,92.964,92.744,91.387,91.387,Q3
2018,16,2018-09-30,Russian Grand Prix,sochi,hamilton,HAM,mercedes,2,92.41,92.595,91.532,91.532,Q3
2018,16,2018-09-30,Russian Grand Prix,sochi,vettel,VET,ferrari,3,93.476,93.045,91.943,91.943,Q3
2018,16,2018-09-30,Russian Grand Prix,sochi,raikkonen,RAI,ferrari,4,93.34100000000001,93.065,92.237,92.237,Q3
2018,16,2018-09-30,Russian Grand Prix,sochi,kevin_magnussen,MAG,haas,5,94.078,93.747,93.181,93.181,Q3
2018,16,2018-09-30,Russian Grand Prix,sochi,ocon,OCO,force_india,6,94.28999999999999,93.596,93.413,93.413,Q3
2018,16,2018-09-30,Russian Grand Prix,sochi,leclerc,LEC,sauber,7,93.924,93.488,93.419,93.419,Q3
2018,16,2018-09-30,Russian Grand Prix,sochi,perez,PER,force_india,8,94.084,93.923,93.563,93.563,Q3
2018,16,2018-09-30,Russian Grand Prix,sochi,grosjean,GRO,haas,9,94.02199999999999,93.517,93.70400000000001,93.517,Q3
2018,16,2018-09-30,Russian Grand Prix,sochi,ericsson,ERI,sauber,10,94.17,93.995,95.196,93.995,Q3
2018,16,2018-09-30,Russian Grand Prix,sochi,max_verstappen,VER,red_bull,11,93.048,,,93.048,Q1
2018,16,2018-09-30,Russian Grand Prix,sochi,ricciardo,RIC,red_bull,12,93.247,,,93.247,Q1
2018,16,2018-09-30,Russian Grand Prix,sochi,gasly,GAS,toro_rosso,13,94.38300000000001,,,94.38300000000001,Q1
2018,16,2018-09-30,Russian Grand Prix,sochi,sainz,SAI,renault,14,94.626,,,94.626,Q1
2018,16,2018-09-30,Russian Grand Prix,sochi,hulkenberg,HUL,renault,15,94.655,,,94.655,Q1
2018,16,2018-09-30,Russian Grand Prix,sochi,brendon_hartley,HAR,toro_rosso,16,95.037,,,95.037,Q1
2018,16,2018-09-30,Russian Grand Prix,sochi,alonso,ALO,mclaren,17,95.50399999999999,,,95.50399999999999,Q1
2018,16,2018-09-30,Russian Grand Prix,sochi,sirotkin,SIR,williams,18,95.612,,,95.612,Q1
2018,16,2018-09-30,Russian Grand Prix,sochi,vandoorne,VAN,mclaren,19,95.977,,,95.977,Q1
2018,16,2018-09-30,Russian Grand Prix,sochi,stroll,STR,williams,20,96.437,,,96.437,Q1
2018,17,2018-10-07,Japanese Grand Prix,suzuka,hamilton,HAM,mercedes,1,88.702,88.017,87.76,87.76,Q3
2018,17,2018-10-07,Japanese Grand Prix,suzuka,bottas,BOT,mercedes,2,89.297,87.987,88.059,87.987,Q3
2018,17,2018-10-07,Japanese Grand Prix,suzuka,max_verstappen,VER,red_bull,3,89.48,88.849,89.057,88.849,Q3
2018,17,2018-10-07,Japanese Grand Prix,suzuka,raikkonen,RAI,ferrari,4,89.631,88.595,89.521,88.595,Q3
2018,17,2018-10-07,Japanese Grand Prix,suzuka,grosjean,GRO,haas,5,89.724,89.678,89.761,89.678,Q3
2018,17,2018-10-07,Japanese Grand Prix,suzuka,brendon_hartley,HAR,toro_rosso,6,90.248,89.848,90.023,89.848,Q3
2018,17,2018-10-07,Japanese Grand Prix,suzuka,gasly,GAS,toro_rosso,7,90.137,89.81,90.093,89.81,Q3
2018,17,2018-10-07,Japanese Grand Prix,suzuka,ocon,OCO,force_india,8,89.899,89.538,90.126,89.538,Q3
2018,17,2018-10-07,Japanese Grand Prix,suzuka,vettel,VET,ferrari,9,89.049,88.279,92.19200000000001,88.279,Q3
2018,17,2018-10-07,Japanese Grand Prix,suzuka,perez,PER,force_india,10,90.247,89.56700000000001,97.229,89.56700000000001,Q3
2018,17,2018-10-07,Japanese Grand Prix,suzuka,leclerc,LEC,sauber,11,89.706,89.864,,89.706,Q2
2018,17,2018-10-07,Japanese Grand Prix,suzuka,kevin_magnussen,MAG,haas,12,90.219,90.226,,90.219,Q2
2018,17,2018-10-07,Japanese Grand Prix,suzuka,sainz,SAI,renault,13,90.236,90.49,,90.236,Q2
2018,17,2018-10-07,Japanese Grand Prix,suzuka,stroll,STR,williams,14,90.31700000000001,90.714,,90.31700000000001,Q2
2018,17,2018-10-07,Japanese Grand Prix,suzuka,ricciardo,RIC,red_bull,15,89.806,,,89.806,Q1
2018,17,2018-10-07,Japanese Grand Prix,suzuka,hulkenberg,HUL,renault,16,90.361,,,90.361,Q1
2018,17,2018-10-07,Japanese Grand Prix,suzuka,sirotkin,SIR,williams,17,90.372,,,90.372,Q1
2018,17,2018-10-07,Japanese Grand Prix,suzuka,alonso,ALO,mclaren,18,90.57300000000001,,,90.57300000000001,Q1
2018,17,2018-10-07,Japanese Grand Prix,suzuka,vandoorne,VAN,mclaren,19,91.041,,,91.041,Q1
2018,17,2018-10-07,Japanese Grand Prix,suzuka,ericsson,ERI,sauber,20,91.213,,,91.213,Q1
2018,18,2018-10-21,United States Grand Prix,americas,hamilton,HAM,mercedes,1,94.13,93.47999999999999,92.237,92.237,Q3
2018,18,2018-10-21,United States Grand Prix,americas,vettel,VET,ferrari,2,94.569,93.07900000000001,92.298,92.298,Q3
2018,18,2018-10-21,United States Grand Prix,americas,raikkonen,RAI,ferrari,3,94.703,92.884,92.307,92.307,Q3
2018,18,2018-10-21,United States Grand Prix,americas,bottas,BOT,mercedes,4,94.518,93.702,92.616,92.616,Q3
2018,18,2018-10-21,United States Grand Prix,americas,ricciardo,RIC,red_bull,5,94.755,94.185,93.494,93.494,Q3
2018,18,2018-10-21,United States Grand Prix,americas,ocon,OCO,force_india,6,94.876,94.52199999999999,94.14500000000001,94.14500000000001,Q3
2018,18,2018-10-21,United States Grand Prix,americas,hulkenberg,HUL,renault,7,94.932,94.564,94.215,94.215,Q3
2018,18,2018-10-21,United States Grand Prix,americas,grosjean,GRO,haas,8,94.892,94.419,94.25,94.25,Q3
2018,18,2018-10-21,United States Grand Prix,americas,leclerc,LEC,sauber,9,95.069,94.255,94.42,94.255,Q3
2018,18,2018-10-21,United States Grand Prix,americas,perez,PER,force_india,10,95.193,94.525,94.594,94.525,Q3
2018,18,2018-10-21,United States Grand Prix,americas,sainz,SAI,renault,11,94.89099999999999,94.566,,94.566,Q2
2018,18,2018-10-21,United States Grand Prix,americas,kevin_magnussen,MAG,haas,12,94.97200000000001,94.732,,94.732,Q2
2018,18,2018-10-21,United States Grand Prix,americas,gasly,GAS,toro_rosso,13,94.85,,,94.85,Q1
2018,18,2018-10-21,United States Grand Prix,americas,brendon_hartley,HAR,toro_rosso,14,95.206,,,95.206,Q1
2018,18,2018-10-21,United States Grand Prix,americas,max_verstappen,VER,red_bull,15,94.76599999999999,,,94.76599999999999,Q1
2018,18,2018-10-21,United States Grand Prix,americas,alonso,ALO,mclaren,16,95.294,,,95.294,Q1
2018,18,2018-10-21,United States Grand Prix,americas,sirotkin,SIR,williams,17,95.362,,,95.362,Q1
2018,18,2018-10-21,United States Grand Prix,americas,stroll,STR,williams,18,95.47999999999999,,,95.47999999999999,Q1
2018,18,2018-10-21,United States Grand Prix,americas,ericsson,ERI,sauber,19,95.536,,,95.536,Q1
2018,18,2018-10-21,United States Grand Prix,americas,vandoorne,VAN,mclaren,20,95.735,,,95.735,Q1
2018,19,2018-10-28,Mexican Grand Prix,rodriguez,ricciardo,RIC,red_bull,1,75.866,75.845,74.759,74.759,Q3
2018,19,2018-10-28,Mexican Grand Prix,rodriguez,max_verstappen,VER,red_bull,2,75.756,75.64,74.785,74.785,Q3
2018,19,2018-10-28,Mexican Grand Prix,rodriguez,hamilton,HAM,mercedes,3,75.673,75.644,74.894,74.894,Q3
2018,19,2018-10-28,Mexican Grand Prix,rodriguez,vettel,VET,ferrari,4,76.089,75.715,74.97,74.97,Q3
2018,19,2018-10-28,Mexican Grand Prix,rodriguez,bottas,BOT,mercedes,5,75.58,75.923,75.16,75.16,Q3
2018,19,2018-10-28,Mexican Grand Prix,rodriguez,raikkonen,RAI,ferrari,6,76.446,75.996,75.33,75.33,Q3
2018,19,2018-10-28,Mexican Grand Prix,rodriguez,hulkenberg,HUL,renault,7,76.498,76.126,75.827,75.827,Q3
2018,19,2018-10-28,Mexican Grand Prix,rodriguez,sainz,SAI,renault,8,76.813,76.188,76.084,76.084,Q3
2018,19,2018-10-28,Mexican Grand Prix,rodriguez,leclerc,LEC,sauber,9,76.862,76.32,76.189,76.189,Q3
2018,19,2018-10-28,Mexican Grand Prix,rodriguez,ericsson,ERI,sauber,10,76.701,76.633,76.513,76.513,Q3
2018,19,2018-10-28,Mexican Grand Prix,rodriguez,ocon,OCO,force_india,11,76.252,76.844,,76.252,Q2
2018,19,2018-10-28,Mexican Grand Prix,rodriguez,alonso,ALO,mclaren,12,76.857,76.871,,76.857,Q2
2018,19,2018-10-28,Mexican Grand Prix,rodriguez,perez,PER,force_india,13,76.242,77.167,,76.242,Q2
2018,19,2018-10-28,Mexican Grand Prix,rodriguez,brendon_hartley,HAR,toro_rosso,14,76.682,77.184,,76.682,Q2
2018,19,2018-10-28,Mexican Grand Prix,rodriguez,gasly,GAS,toro_rosso,15,76.828,,,76.828,Q1
2018,19,2018-10-28,Mexican Grand Prix,rodriguez,grosjean,GRO,haas,16,76.911,,,76.911,Q1
2018,19,2018-10-28,Mexican Grand Prix,rodriguez,vandoorne,VAN,mclaren,17,76.96600000000001,,,76.96600000000001,Q1
2018,19,2018-10-28,Mexican Grand Prix,rodriguez,kevin_magnussen,MAG,haas,18,77.599,,,77.599,Q1
2018,19,2018-10-28,Mexican Grand Prix,rodriguez,stroll,STR,williams,19,77.689,,,77.689,Q1
2018,19,2018-10-28,Mexican Grand Prix,rodriguez,sirotkin,SIR,williams,20,77.886,,,77.886,Q1
2018,20,2018-11-11,Brazilian Grand Prix,interlagos,hamilton,HAM,mercedes,1,68.464,67.795,67.281,67.281,Q3
2018,20,2018-11-11,Brazilian Grand Prix,interlagos,vettel,VET,ferrari,2,68.452,67.776,67.374,67.374,Q3
2018,20,2018-11-11,Brazilian Grand Prix,interlagos,bottas,BOT,mercedes,3,68.492,67.727,67.441,67.441,Q3
2018,20,2018-11-11,Brazilian Grand Prix,interlagos,raikkonen,RAI,ferrari,4,68.452,68.028,67.456,67.456,Q3
2018,20,2018-11-11,Brazilian Grand Prix,interlagos,max_verstappen,VER,red_bull,5,68.205,68.017,67.778,67.778,Q3
2018,20,2018-11-11,Brazilian Grand Prix,interlagos,ricciardo,RIC,red_bull,6,68.544,68.055,67.78,67.78,Q3
2018,20,2018-11-11,Brazilian Grand Prix,interlagos,ericsson,ERI,sauber,7,68.754,68.57900000000001,68.29599999999999,68.29599999999999,Q3
2018,20,2018-11-11,Brazilian Grand Prix,interlagos,leclerc,LEC,sauber,8,68.667,68.33500000000001,68.492,68.33500000000001,Q3
2018,20,2018-11-11,Brazilian Grand Prix,interlagos,grosjean,GRO,haas,9,68.735,68.239,68.517,68.239,Q3
2018,20,2018-11-11,Brazilian Grand Prix,interlagos,gasly,GAS,toro_rosso,10,69.04599999999999,68.616,69.029,68.616,Q3
2018,20,2018-11-11,Brazilian Grand Prix,interlagos,kevin_magnussen,MAG,haas,11,68.474,68.659,,68.474,Q2
2018,20,2018-11-11,Brazilian Grand Prix,interlagos,perez,PER,force_india,12,69.217,68.741,,68.741,Q2
2018,20,2018-11-11,Brazilian Grand Prix,interlagos,ocon,OCO,force_india,13,69.264,68.77,,68.77,Q2
2018,20,2018-11-11,Brazilian Grand Prix,interlagos,hulkenberg,HUL,renault,14,69.009,68.834,,68.834,Q2
2018,20,2018-11-11,Brazilian Grand Prix,interlagos,sirotkin,SIR,williams,15,69.259,70.381,,69.259,Q2
2018,20,2018-11-11,Brazilian Grand Prix,interlagos,sainz,SAI,renault,16,69.269,,,69.269,Q1
2018,20,2018-11-11,Brazilian Grand Prix,interlagos,brendon_hartley,HAR,toro_rosso,17,69.28,,,69.28,Q1
2018,20,2018-11-11,Brazilian Grand Prix,interlagos,alonso,ALO,mclaren,18,69.402,,,69.402,Q1
2018,20,2018-11-11,Brazilian Grand Prix,interlagos,stroll,STR,williams,19,69.441,,,69.441,Q1
2018,20,2018-11-11,Brazilian Grand Prix,interlagos,vandoorne,VAN,mclaren,20,69.601,,,69.601,Q1
2018,21,2018-11-25,Abu Dhabi Grand Prix,yas_marina,hamilton,HAM,mercedes,1,96.828,95.693,94.794,94.794,Q3
2018,21,2018-11-25,Abu Dhabi Grand Prix,yas_marina,bottas,BOT,mercedes,2,96.789,96.392,94.956,94.956,Q3
2018,21,2018-11-25,Abu Dhabi Grand Prix,yas_marina,vettel,VET,ferrari,3,96.775,96.345,95.125,95.125,Q3
2018,21,2018-11-25,Abu Dhabi Grand Prix,yas_marina,raikkonen,RAI,ferrari,4,97.00999999999999,96.735,95.36500000000001,95.36500000000001,Q3
2018,21,2018-11-25,Abu Dhabi Grand Prix,yas_marina,ricciardo,RIC,red_bull,5,97.11699999999999,96.964,95.40100000000001,95.40100000000001,Q3
2018,21,2018-11-25,Abu Dhabi Grand Prix,yas_marina,max_verstappen,VER,red_bull,6,97.195,96.144,95.589,95.589,Q3
2018,21,2018-11-25,Abu Dhabi Grand Prix,yas_marina,grosjean,GRO,haas,7,97.575,96.732,96.19200000000001,96.19200000000001,Q3
2018,21,2018-11-25,Abu Dhabi Grand Prix,yas_marina,leclerc,LEC,sauber,8,97.124,96.58,96.237,96.237,Q3
2018,21,2018-11-25,Abu Dhabi Grand Prix,yas_marina,ocon,OCO,force_india,9,96.936,96.814,96.53999999999999,96.53999999999999,Q3
2018,21,2018-11-25,Abu Dhabi Grand Prix,yas_marina,hulkenberg,HUL,renault,10,97.569,96.63,96.542,96.542,Q3
2018,21,2018-11-25,Abu Dhabi Grand Prix,yas_marina,sainz,SAI,renault,11,97.757,96.982,,96.982,Q2
2018,21,2018-11-25,Abu Dhabi Grand Prix,yas_marina,ericsson,ERI,sauber,12,97.619,97.132,,97.132,Q2
2018,21,2018-11-25,Abu Dhabi Grand Prix,yas_marina,kevin_magnussen,MAG,haas,13,97.934,97.309,,97.309,Q2
2018,21,2018-11-25,Abu Dhabi Grand Prix,yas_marina,perez,PER,force_india,14,97.255,97.541,,97.255,Q2
2018,21,2018-11-25,Abu Dhabi Grand Prix,yas_marina,alonso,ALO,mclaren,15,97.89,97.743,,97.743,Q2
2018,21,2018-11-25,Abu Dhabi Grand Prix,yas_marina,brendon_hartley,HAR,toro_rosso,16,97.994,,,97.994,Q1
2018,21,2018-11-25,Abu Dhabi Grand Prix,yas_marina,gasly,GAS,toro_rosso,17,98.166,,,98.166,Q1
2018,21,2018-11-25,Abu Dhabi Grand Prix,yas_marina,vandoorne,VAN,mclaren,18,98.577,,,98.577,Q1
2018,21,2018-11-25,Abu Dhabi Grand Prix,yas_marina,sirotkin,SIR,williams,19,98.63499999999999,,,98.63499999999999,Q1
2018,21,2018-11-25,Abu Dhabi Grand Prix,yas_marina,stroll,STR,williams,20,98.682,,,98.682,Q1
2019,1,2019-03-17,Australian Grand Prix,albert_park,hamilton,HAM,mercedes,1,82.043,81.014,80.486,80.486,Q3
2019,1,2019-03-17,Australian Grand Prix,albert_park,bottas,BOT,mercedes,2,82.367,81.193,80.598,80.598,Q3
2019,1,2019-03-17,Australian Grand Prix,albert_park,vettel,VET,ferrari,3,82.885,81.912,81.19,81.19,Q3
2019,1,2019-03-17,Australian Grand Prix,albert_park,max_verstappen,VER,red_bull,4,82.876,81.678,81.32,81.32,Q3
2019,1,2019-03-17,Australian Grand Prix,albert_park,leclerc,LEC,ferrari,5,82.017,81.739,81.44200000000001,81.44200000000001,Q3
2019,1,2019-03-17,Australian Grand Prix,albert_park,grosjean,GRO,haas,6,82.959,81.87,81.826,81.826,Q3
2019,1,2019-03-17,Australian Grand Prix,albert_park,kevin_magnussen,MAG,haas,7,82.519,82.221,82.099,82.099,Q3
2019,1,2019-03-17,Australian Grand Prix,albert_park,norris,NOR,mclaren,8,82.702,82.423,82.304,82.304,Q3
2019,1,2019-03-17,Australian Grand Prix,albert_park,raikkonen,RAI,alfa,9,82.96600000000001,82.349,82.314,82.314,Q3
2019,1,2019-03-17,Australian Grand Prix,albert_park,perez,PER,racing_point,10,82.908,82.532,82.781,82.532,Q3
2019,1,2019-03-17,Australian Grand Prix,albert_park,hulkenberg,HUL,renault,11,82.53999999999999,82.562,,82.53999999999999,Q2
2019,1,2019-03-17,Australian Grand Prix,albert_park,ricciardo,RIC,renault,12,82.92099999999999,82.57,,82.57,Q2
2019,1,2019-03-17,Australian Grand Prix,albert_park,albon,ALB,toro_rosso,13,82.757,82.636,,82.636,Q2
2019,1,2019-03-17,Australian Grand Prix,albert_park,giovinazzi,GIO,alfa,14,82.431,82.714,,82.431,Q2
2019,1,2019-03-17,Australian Grand Prix,albert_park,kvyat,KVY,toro_rosso,15,82.511,82.774,,82.511,Q2
2019,1,2019-03-17,Australian Grand Prix,albert_park,stroll,STR,racing_point,16,83.017,,,83.017,Q1
2019,1,2019-03-17,Australian Grand Prix,albert_park,gasly,GAS,red_bull,17,83.02,,,83.02,Q1
2019,1,2019-03-17,Australian Grand Prix,albert_park,sainz,SAI,mclaren,18,83.084,,,83.084,Q1
2019,1,2019-03-17,Australian Grand Prix,albert_park,russell,RUS,williams,19,84.36,,,84.36,Q1
2019,1,2019-03-17,Australian Grand Prix,albert_park,kubica,KUB,williams,20,86.06700000000001,,,86.06700000000001,Q1
2019,2,2019-03-31,Bahrain Grand Prix,bahrain,leclerc,LEC,ferrari,1,88.495,88.04599999999999,87.866,87.866,Q3
2019,2,2019-03-31,Bahrain Grand Prix,bahrain,vettel,VET,ferrari,2,88.733,88.356,88.16,88.16,Q3
2019,2,2019-03-31,Bahrain Grand Prix,bahrain,hamilton,HAM,mercedes,3,89.262,88.578,88.19,88.19,Q3
2019,2,2019-03-31,Bahrain Grand Prix,bahrain,bottas,BOT,mercedes,4,89.498,88.83,88.256,88.256,Q3
2019,2,2019-03-31,Bahrain Grand Prix,bahrain,max_verstappen,VER,red_bull,5,89.57900000000001,89.10900000000001,88.752,88.752,Q3
2019,2,2019-03-31,Bahrain Grand Prix,bahrain,kevin_magnussen,MAG,haas,6,89.532,89.017,88.757,88.757,Q3
2019,2,2019-03-31,Bahrain Grand Prix,bahrain,sainz,SAI,mclaren,7,89.52799999999999,89.055,88.813,88.813,Q3
2019,2,2019-03-31,Bahrain Grand Prix,bahrain,grosjean,GRO,haas,8,89.688,89.249,89.015,89.015,Q3
2019,2,2019-03-31,Bahrain Grand Prix,bahrain,raikkonen,RAI,alfa,9,89.959,89.471,89.02199999999999,89.02199999999999,Q3
2019,2,2019-03-31,Bahrain Grand Prix,bahrain,norris,NOR,mclaren,10,89.381,89.258,89.043,89.043,Q3
2019,2,2019-03-31,Bahrain Grand Prix,bahrain,ricciardo,RIC,renault,11,89.85900000000001,89.488,,89.488,Q2
2019,2,2019-03-31,Bahrain Grand Prix,bahrain,albon,ALB,toro_rosso,12,89.514,89.513,,89.513,Q2
2019,2,2019-03-31,Bahrain Grand Prix,bahrain,gasly,GAS,red_bull,13,89.9,89.526,,89.526,Q2
2019,2,2019-03-31,Bahrain Grand Prix,bahrain,perez,PER,racing_point,14,89.893,89.756,,89.756,Q2
2019,2,2019-03-31,Bahrain Grand Prix,bahrain,kvyat,KVY,toro_rosso,15,89.876,89.854,,89.854,Q2
2019,2,2019-03-31,Bahrain Grand Prix,bahrain,giovinazzi,GIO,alfa,16,90.026,,,90.026,Q1
2019,2,2019-03-31,Bahrain Grand Prix,bahrain,hulkenberg,HUL,renault,17,90.03399999999999,,,90.03399999999999,Q1
2019,2,2019-03-31,Bahrain Grand Prix,bahrain,stroll,STR,racing_point,18,90.217,,,90.217,Q1
2019,2,2019-03-31,Bahrain Grand Prix,bahrain,russell,RUS,williams,19,91.759,,,91.759,Q1
2019,2,2019-03-31,Bahrain Grand Prix,bahrain,kubica,KUB,williams,20,91.799,,,91.799,Q1
2019,3,2019-04-14,Chinese Grand Prix,shanghai,bottas,BOT,mercedes,1,92.658,91.72800000000001,91.547,91.547,Q3
2019,3,2019-04-14,Chinese Grand Prix,shanghai,hamilton,HAM,mercedes,2,93.11500000000001,91.637,91.57,91.57,Q3
2019,3,2019-04-14,Chinese Grand Prix,shanghai,vettel,VET,ferrari,3,93.557,92.232,91.848,91.848,Q3
2019,3,2019-04-14,Chinese Grand Prix,shanghai,leclerc,LEC,ferrari,4,92.712,92.324,91.865,91.865,Q3
2019,3,2019-04-14,Chinese Grand Prix,shanghai,max_verstappen,VER,red_bull,5,93.274,92.369,92.089,92.089,Q3
2019,3,2019-04-14,Chinese Grand Prix,shanghai,gasly,GAS,red_bull,6,93.863,92.94800000000001,92.93,92.93,Q3
2019,3,2019-04-14,Chinese Grand Prix,shanghai,ricciardo,RIC,renault,7,93.709,93.214,92.958,92.958,Q3
2019,3,2019-04-14,Chinese Grand Prix,shanghai,hulkenberg,HUL,renault,8,93.644,93.968,92.962,92.962,Q3
2019,3,2019-04-14,Chinese Grand Prix,shanghai,kevin_magnussen,MAG,haas,9,94.036,93.15,,93.15,Q2
2019,3,2019-04-14,Chinese Grand Prix,shanghai,grosjean,GRO,haas,10,93.75200000000001,93.156,,93.156,Q2
2019,3,2019-04-14,Chinese Grand Prix,shanghai,kvyat,KVY,toro_rosso,11,93.783,93.23599999999999,,93.23599999999999,Q2
2019,3,2019-04-14,Chinese Grand Prix,shanghai,perez,PER,racing_point,12,94.02600000000001,93.299,,93.299,Q2
2019,3,2019-04-14,Chinese Grand Prix,shanghai,raikkonen,RAI,alfa,13,94.125,93.419,,93.419,Q2
2019,3,2019-04-14,Chinese Grand Prix,shanghai,sainz,SAI,mclaren,14,93.686,93.523,,93.523,Q2
2019,3,2019-04-14,Chinese Grand Prix,shanghai,norris,NOR,mclaren,15,94.148,93.967,,93.967,Q2
2019,3,2019-04-14,Chinese Grand Prix,shanghai,stroll,STR,racing_point,16,94.292,,,94.292,Q1
2019,3,2019-04-14,Chinese Grand Prix,shanghai,russell,RUS,williams,17,95.253,,,95.253,Q1
2019,3,2019-04-14,Chinese Grand Prix,shanghai,kubica,KUB,williams,18,95.281,,,95.281,Q1
2019,4,2019-04-28,Azerbaijan Grand Prix,baku,bottas,BOT,mercedes,1,102.02600000000001,101.5,100.495,100.495,Q3
2019,4,2019-04-28,Azerbaijan Grand Prix,baku,hamilton,HAM,mercedes,2,101.614,101.58,100.554,100.554,Q3
2019,4,2019-04-28,Azerbaijan Grand Prix,baku,vettel,VET,ferrari,3,102.042,101.88900000000001,100.797,100.797,Q3
2019,4,2019-04-28,Azerbaijan Grand Prix,baku,max_verstappen,VER,red_bull,4,101.727,101.388,101.069,101.069,Q3
2019,4,2019-04-28,Azerbaijan Grand Prix,baku,perez,PER,racing_point,5,102.249,101.87,101.593,101.593,Q3
2019,4,2019-04-28,Azerbaijan Grand Prix,baku,kvyat,KVY,toro_rosso,6,102.324,102.221,101.681,101.681,Q3
2019,4,2019-04-28,Azerbaijan Grand Prix,baku,norris,NOR,mclaren,7,102.37100000000001,102.084,101.886,101.886,Q3
2019,4,2019-04-28,Azerbaijan Grand Prix,baku,giovinazzi,GIO,alfa,8,102.14,102.381,102.424,102.14,Q3
2019,4,2019-04-28,Azerbaijan Grand Prix,baku,leclerc,LEC,ferrari,9,101.426,101.995,,101.426,Q2
2019,4,2019-04-28,Azerbaijan Grand Prix,baku,sainz,SAI,mclaren,10,101.936,102.398,,101.936,Q2
2019,4,2019-04-28,Azerbaijan Grand Prix,baku,ricciardo,RIC,renault,11,102.48599999999999,102.477,,102.477,Q2
2019,4,2019-04-28,Azerbaijan Grand Prix,baku,albon,ALB,toro_rosso,12,102.154,102.494,,102.154,Q2
2019,4,2019-04-28,Azerbaijan Grand Prix,baku,kevin_magnussen,MAG,haas,13,102.382,102.699,,102.382,Q2
2019,4,2019-04-28,Azerbaijan Grand Prix,baku,stroll,STR,racing_point,14,102.63,,,102.63,Q1
2019,4,2019-04-28,Azerbaijan Grand Prix,baku,grosjean,GRO,haas,15,103.407,,,103.407,Q1
2019,4,2019-04-28,Azerbaijan Grand Prix,baku,hulkenberg,HUL,renault,16,103.42699999999999,,,103.42699999999999,Q1
2019,4,2019-04-28,Azerbaijan Grand Prix,baku,russell,RUS,williams,17,105.062,,,105.062,Q1
2019,4,2019-04-28,Azerbaijan Grand Prix,baku,kubica,KUB,williams,18,105.455,,,105.455,Q1
2019,4,2019-04-28,Azerbaijan Grand Prix,baku,raikkonen,RAI,alfa,19,,,,,Q1
2019,4,2019-04-28,Azerbaijan Grand Prix,baku,gasly,GAS,red_bull,20,,,,,Q1
2019,5,2019-05-12,Spanish Grand Prix,catalunya,bottas,BOT,mercedes,1,76.979,75.924,75.406,75.406,Q3
2019,5,2019-05-12,Spanish Grand Prix,catalunya,hamilton,HAM,mercedes,2,77.292,76.038,76.03999999999999,76.038,Q3
2019,5,2019-05-12,Spanish Grand Prix,catalunya,vettel,VET,ferrari,3,77.425,76.667,76.27199999999999,76.27199999999999,Q3
2019,5,2019-05-12,Spanish Grand Prix,catalunya,max_verstappen,VER,red_bull,4,77.244,76.726,76.357,76.357,Q3
2019,5,2019-05-12,Spanish Grand Prix,catalunya,leclerc,LEC,ferrari,5,77.388,76.714,76.588,76.588,Q3
2019,5,2019-05-12,Spanish Grand Prix,catalunya,gasly,GAS,red_bull,6,77.862,76.932,76.708,76.708,Q3
2019,5,2019-05-12,Spanish Grand Prix,catalunya,grosjean,GRO,haas,7,78.042,77.066,76.911,76.911,Q3
2019,5,2019-05-12,Spanish Grand Prix,catalunya,kevin_magnussen,MAG,haas,8,77.669,77.27199999999999,76.922,76.922,Q3
2019,5,2019-05-12,Spanish Grand Prix,catalunya,kvyat,KVY,toro_rosso,9,77.914,77.243,77.57300000000001,77.243,Q3
2019,5,2019-05-12,Spanish Grand Prix,catalunya,ricciardo,RIC,renault,10,78.385,77.299,78.106,77.299,Q3
2019,5,2019-05-12,Spanish Grand Prix,catalunya,norris,NOR,mclaren,11,77.611,77.338,,77.338,Q2
2019,5,2019-05-12,Spanish Grand Prix,catalunya,albon,ALB,toro_rosso,12,77.79599999999999,77.445,,77.445,Q2
2019,5,2019-05-12,Spanish Grand Prix,catalunya,sainz,SAI,mclaren,13,77.76,77.599,,77.599,Q2
2019,5,2019-05-12,Spanish Grand Prix,catalunya,raikkonen,RAI,alfa,14,78.132,77.788,,77.788,Q2
2019,5,2019-05-12,Spanish Grand Prix,catalunya,perez,PER,racing_point,15,78.286,77.886,,77.886,Q2
2019,5,2019-05-12,Spanish Grand Prix,catalunya,hulkenberg,HUL,renault,16,78.404,,,78.404,Q1
2019,5,2019-05-12,Spanish Grand Prix,catalunya,stroll,STR,racing_point,17,78.471,,,78.471,Q1
2019,5,2019-05-12,Spanish Grand Prix,catalunya,giovinazzi,GIO,alfa,18,78.664,,,78.664,Q1
2019,5,2019-05-12,Spanish Grand Prix,catalunya,russell,RUS,williams,19,79.072,,,79.072,Q1
2019,5,2019-05-12,Spanish Grand Prix,catalunya,kubica,KUB,williams,20,80.254,,,80.254,Q1
2019,6,2019-05-26,Monaco Grand Prix,monaco,hamilton,HAM,mercedes,1,71.542,70.83500000000001,70.166,70.166,Q3
2019,6,2019-05-26,Monaco Grand Prix,monaco,bottas,BOT,mercedes,2,71.562,70.701,70.252,70.252,Q3
2019,7,2019-06-09,Canadian Grand Prix,villeneuve,vettel,VET,ferrari,1,71.2,71.142,70.24,70.24,Q3
2019,7,2019-06-09,Canadian Grand Prix,villeneuve,hamilton,HAM,mercedes,2,71.518,71.01,70.446,70.446,Q3
2019,7,2019-06-09,Canadian Grand Prix,villeneuve,leclerc,LEC,ferrari,3,71.214,71.205,70.92,70.92,Q3
2019,7,2019-06-09,Canadian Grand Prix,villeneuve,ricciardo,RIC,renault,4,71.837,71.532,71.071,71.071,Q3
2019,7,2019-06-09,Canadian Grand Prix,villeneuve,gasly,GAS,red_bull,5,72.023,71.196,71.07900000000001,71.07900000000001,Q3
2019,7,2019-06-09,Canadian Grand Prix,villeneuve,bottas,BOT,mercedes,6,71.229,71.095,71.101,71.095,Q3
2019,7,2019-06-09,Canadian Grand Prix,villeneuve,hulkenberg,HUL,renault,7,71.72,71.553,71.324,71.324,Q3
2019,7,2019-06-09,Canadian Grand Prix,villeneuve,norris,NOR,mclaren,8,71.78,71.735,71.863,71.735,Q3
2019,7,2019-06-09,Canadian Grand Prix,villeneuve,sainz,SAI,mclaren,9,71.75,71.572,73.981,71.572,Q3
2019,7,2019-06-09,Canadian Grand Prix,villeneuve,kevin_magnussen,MAG,haas,10,72.107,71.786,,71.786,Q2
2019,7,2019-06-09,Canadian Grand Prix,villeneuve,max_verstappen,VER,red_bull,11,71.619,71.8,,71.619,Q2
2019,7,2019-06-09,Canadian Grand Prix,villeneuve,kvyat,KVY,toro_rosso,12,71.965,71.92099999999999,,71.92099999999999,Q2
2019,7,2019-06-09,Canadian Grand Prix,villeneuve,giovinazzi,GIO,alfa,13,72.122,72.136,,72.122,Q2
2019,7,2019-06-09,Canadian Grand Prix,villeneuve,albon,ALB,toro_rosso,14,72.02,72.193,,72.02,Q2
2019,7,2019-06-09,Canadian Grand Prix,villeneuve,grosjean,GRO,haas,15,72.109,,,72.109,Q1
2019,7,2019-06-09,Canadian Grand Prix,villeneuve,perez,PER,racing_point,16,72.197,,,72.197,Q1
2019,7,2019-06-09,Canadian Grand Prix,villeneuve,raikkonen,RAI,alfa,17,72.23,,,72.23,Q1
2019,7,2019-06-09,Canadian Grand Prix,villeneuve,stroll,STR,racing_point,18,72.266,,,72.266,Q1
2019,7,2019-06-09,Canadian Grand Prix,villeneuve,russell,RUS,williams,19,73.617,,,73.617,Q1
2019,7,2019-06-09,Canadian Grand Prix,villeneuve,kubica,KUB,williams,20,74.393,,,74.393,Q1
2019,8,2019-06-23,French Grand Prix,ricard,hamilton,HAM,mercedes,1,90.60900000000001,89.52,88.319,88.319,Q3
2019,8,2019-06-23,French Grand Prix,ricard,bottas,BOT,mercedes,2,90.55,89.437,88.605,88.605,Q3
2019,8,2019-06-23,French Grand Prix,ricard,leclerc,LEC,ferrari,3,90.64699999999999,89.699,88.965,88.965,Q3
2019,8,2019-06-23,French Grand Prix,ricard,max_verstappen,VER,red_bull,4,91.327,90.099,89.40899999999999,89.40899999999999,Q3
2019,8,2019-06-23,French Grand Prix,ricard,norris,NOR,mclaren,5,90.989,90.019,89.418,89.418,Q3
2019,8,2019-06-23,French Grand Prix,ricard,sainz,SAI,mclaren,6,91.07300000000001,90.319,89.52199999999999,89.52199999999999,Q3
2019,8,2019-06-23,French Grand Prix,ricard,vettel,VET,ferrari,7,91.075,89.506,89.799,89.506,Q3
2019,8,2019-06-23,French Grand Prix,ricard,ricciardo,RIC,renault,8,90.95400000000001,90.369,89.918,89.918,Q3
2019,8,2019-06-23,French Grand Prix,ricard,gasly,GAS,red_bull,9,91.152,90.42099999999999,90.184,90.184,Q3
2019,8,2019-06-23,French Grand Prix,ricard,giovinazzi,GIO,alfa,10,91.18,90.408,93.42,90.408,Q3
2019,8,2019-06-23,French Grand Prix,ricard,albon,ALB,toro_rosso,11,91.445,90.461,,90.461,Q2
2019,8,2019-06-23,French Grand Prix,ricard,raikkonen,RAI,alfa,12,90.97200000000001,90.533,,90.533,Q2
2019,8,2019-06-23,French Grand Prix,ricard,hulkenberg,HUL,renault,13,90.865,90.544,,90.544,Q2
2019,8,2019-06-23,French Grand Prix,ricard,perez,PER,racing_point,14,90.964,90.738,,90.738,Q2
2019,8,2019-06-23,French Grand Prix,ricard,kevin_magnussen,MAG,haas,15,91.166,91.44,,91.166,Q2
2019,8,2019-06-23,French Grand Prix,ricard,kvyat,KVY,toro_rosso,16,91.564,,,91.564,Q1
2019,8,2019-06-23,French Grand Prix,ricard,grosjean,GRO,haas,17,91.626,,,91.626,Q1
2019,8,2019-06-23,French Grand Prix,ricard,stroll,STR,racing_point,18,91.726,,,91.726,Q1
2019,8,2019-06-23,French Grand Prix,ricard,russell,RUS,williams,19,92.789,,,92.789,Q1
2019,8,2019-06-23,French Grand Prix,ricard,kubica,KUB,williams,20,93.205,,,93.205,Q1
2019,9,2019-06-30,Austrian Grand Prix,red_bull_ring,leclerc,LEC,ferrari,1,64.138,63.378,63.003,63.003,Q3
2019,9,2019-06-30,Austrian Grand Prix,red_bull_ring,hamilton,HAM,mercedes,2,63.818,63.803,63.262,63.262,Q3
2019,9,2019-06-30,Austrian Grand Prix,red_bull_ring,max_verstappen,VER,red_bull,3,63.807,63.835,63.439,63.439,Q3
2019,9,2019-06-30,Austrian Grand Prix,red_bull_ring,bottas,BOT,mercedes,4,64.084,63.863,63.537,63.537,Q3
2019,9,2019-06-30,Austrian Grand Prix,red_bull_ring,kevin_magnussen,MAG,haas,5,64.778,64.466,64.072,64.072,Q3
2019,9,2019-06-30,Austrian Grand Prix,red_bull_ring,norris,NOR,mclaren,6,64.361,64.211,64.099,64.099,Q3
2019,9,2019-06-30,Austrian Grand Prix,red_bull_ring,raikkonen,RAI,alfa,7,64.615,64.056,64.166,64.056,Q3
2019,9,2019-06-30,Austrian Grand Prix,red_bull_ring,giovinazzi,GIO,alfa,8,64.45,64.194,64.179,64.179,Q3
2019,9,2019-06-30,Austrian Grand Prix,red_bull_ring,gasly,GAS,red_bull,9,64.412,63.988,64.199,63.988,Q3
2019,9,2019-06-30,Austrian Grand Prix,red_bull_ring,vettel,VET,ferrari,10,64.43,63.667,,63.667,Q2
2019,9,2019-06-30,Austrian Grand Prix,red_bull_ring,grosjean,GRO,haas,11,64.55199999999999,64.49,,64.49,Q2
2019,9,2019-06-30,Austrian Grand Prix,red_bull_ring,hulkenberg,HUL,renault,12,64.733,64.516,,64.516,Q2
2019,9,2019-06-30,Austrian Grand Prix,red_bull_ring,albon,ALB,toro_rosso,13,64.708,64.665,,64.665,Q2
2019,9,2019-06-30,Austrian Grand Prix,red_bull_ring,ricciardo,RIC,renault,14,64.647,64.79,,64.647,Q2
2019,9,2019-06-30,Austrian Grand Prix,red_bull_ring,sainz,SAI,mclaren,15,64.453,73.601,,64.453,Q2
2019,9,2019-06-30,Austrian Grand Prix,red_bull_ring,perez,PER,racing_point,16,64.789,,,64.789,Q1
2019,9,2019-06-30,Austrian Grand Prix,red_bull_ring,stroll,STR,racing_point,17,64.832,,,64.832,Q1
2019,9,2019-06-30,Austrian Grand Prix,red_bull_ring,kvyat,KVY,toro_rosso,18,65.324,,,65.324,Q1
2019,9,2019-06-30,Austrian Grand Prix,red_bull_ring,russell,RUS,williams,19,65.904,,,65.904,Q1
2019,9,2019-06-30,Austrian Grand Prix,red_bull_ring,kubica,KUB,williams,20,66.206,,,66.206,Q1
2019,10,2019-07-14,British Grand Prix,silverstone,bottas,BOT,mercedes,1,85.75,85.672,85.093,85.093,Q3
2019,10,2019-07-14,British Grand Prix,silverstone,hamilton,HAM,mercedes,2,85.513,85.84,85.099,85.099,Q3
2019,10,2019-07-14,British Grand Prix,silverstone,leclerc,LEC,ferrari,3,85.533,85.54599999999999,85.172,85.172,Q3
2019,10,2019-07-14,British Grand Prix,silverstone,max_verstappen,VER,red_bull,4,85.7,85.848,85.276,85.276,Q3
2019,10,2019-07-14,British Grand Prix,silverstone,gasly,GAS,red_bull,5,86.273,86.038,85.59,85.59,Q3
2019,10,2019-07-14,British Grand Prix,silverstone,vettel,VET,ferrari,6,85.898,86.023,85.787,85.787,Q3
2019,10,2019-07-14,British Grand Prix,silverstone,ricciardo,RIC,renault,7,86.428,86.283,86.182,86.182,Q3
2019,10,2019-07-14,British Grand Prix,silverstone,norris,NOR,mclaren,8,86.07900000000001,86.385,86.224,86.07900000000001,Q3
2019,10,2019-07-14,British Grand Prix,silverstone,albon,ALB,toro_rosso,9,86.482,86.40299999999999,86.345,86.345,Q3
2019,10,2019-07-14,British Grand Prix,silverstone,hulkenberg,HUL,renault,10,86.568,86.39699999999999,86.386,86.386,Q3
2019,10,2019-07-14,British Grand Prix,silverstone,giovinazzi,GIO,alfa,11,86.449,86.519,,86.449,Q2
2019,10,2019-07-14,British Grand Prix,silverstone,raikkonen,RAI,alfa,12,86.55799999999999,86.54599999999999,,86.54599999999999,Q2
2019,10,2019-07-14,British Grand Prix,silverstone,sainz,SAI,mclaren,13,86.203,86.578,,86.203,Q2
2019,10,2019-07-14,British Grand Prix,silverstone,grosjean,GRO,haas,14,86.34700000000001,86.757,,86.34700000000001,Q2
2019,10,2019-07-14,British Grand Prix,silverstone,perez,PER,racing_point,15,86.649,86.928,,86.649,Q2
2019,10,2019-07-14,British Grand Prix,silverstone,kevin_magnussen,MAG,haas,16,86.662,,,86.662,Q1
2019,10,2019-07-14,British Grand Prix,silverstone,kvyat,KVY,toro_rosso,17,86.721,,,86.721,Q1
2019,10,2019-07-14,British Grand Prix,silverstone,stroll,STR,racing_point,18,86.762,,,86.762,Q1
2019,10,2019-07-14,British Grand Prix,silverstone,russell,RUS,williams,19,87.789,,,87.789,Q1
2019,10,2019-07-14,British Grand Prix,silverstone,kubica,KUB,williams,20,88.257,,,88.257,Q1
2019,11,2019-07-28,German Grand Prix,hockenheimring,hamilton,HAM,mercedes,1,72.852,72.149,71.767,71.767,Q3
2019,11,2019-07-28,German Grand Prix,hockenheimring,max_verstappen,VER,red_bull,2,72.593,72.42699999999999,72.113,72.113,Q3
2019,12,2019-08-04,Hungarian Grand Prix,hungaroring,max_verstappen,VER,red_bull,1,75.81700000000001,75.57300000000001,74.572,74.572,Q3
2019,12,2019-08-04,Hungarian Grand Prix,hungaroring,bottas,BOT,mercedes,2,76.078,75.669,74.59,74.59,Q3
2019,12,2019-08-04,Hungarian Grand Prix,hungaroring,hamilton,HAM,mercedes,3,76.068,75.548,74.769,74.769,Q3
2019,12,2019-08-04,Hungarian Grand Prix,hungaroring,leclerc,LEC,ferrari,4,76.337,75.792,75.043,75.043,Q3
2019,12,2019-08-04,Hungarian Grand Prix,hungaroring,vettel,VET,ferrari,5,76.452,75.885,75.071,75.071,Q3
2019,12,2019-08-04,Hungarian Grand Prix,hungaroring,gasly,GAS,red_bull,6,76.71600000000001,76.393,75.45,75.45,Q3
2019,12,2019-08-04,Hungarian Grand Prix,hungaroring,norris,NOR,mclaren,7,76.697,76.06,75.8,75.8,Q3
2019,12,2019-08-04,Hungarian Grand Prix,hungaroring,sainz,SAI,mclaren,8,76.493,76.30799999999999,75.852,75.852,Q3
2019,12,2019-08-04,Hungarian Grand Prix,hungaroring,grosjean,GRO,haas,9,76.97800000000001,76.319,76.013,76.013,Q3
2019,12,2019-08-04,Hungarian Grand Prix,hungaroring,raikkonen,RAI,alfa,10,76.506,76.518,76.041,76.041,Q3
2019,12,2019-08-04,Hungarian Grand Prix,hungaroring,hulkenberg,HUL,renault,11,76.78999999999999,76.565,,76.565,Q2
2019,12,2019-08-04,Hungarian Grand Prix,hungaroring,albon,ALB,toro_rosso,12,76.912,76.687,,76.687,Q2
2019,12,2019-08-04,Hungarian Grand Prix,hungaroring,kvyat,KVY,toro_rosso,13,76.75,76.69200000000001,,76.69200000000001,Q2
2019,12,2019-08-04,Hungarian Grand Prix,hungaroring,giovinazzi,GIO,alfa,14,76.894,76.804,,76.804,Q2
2019,12,2019-08-04,Hungarian Grand Prix,hungaroring,kevin_magnussen,MAG,haas,15,76.122,77.081,,76.122,Q2
2019,12,2019-08-04,Hungarian Grand Prix,hungaroring,russell,RUS,williams,16,77.031,,,77.031,Q1
2019,12,2019-08-04,Hungarian Grand Prix,hungaroring,perez,PER,racing_point,17,77.10900000000001,,,77.10900000000001,Q1
2019,12,2019-08-04,Hungarian Grand Prix,hungaroring,ricciardo,RIC,renault,18,77.257,,,77.257,Q1
2019,12,2019-08-04,Hungarian Grand Prix,hungaroring,stroll,STR,racing_point,19,77.542,,,77.542,Q1
2019,12,2019-08-04,Hungarian Grand Prix,hungaroring,kubica,KUB,williams,20,78.324,,,78.324,Q1
2019,13,2019-09-01,Belgian Grand Prix,spa,leclerc,LEC,ferrari,1,103.587,102.938,102.519,102.519,Q3
2019,13,2019-09-01,Belgian Grand Prix,spa,vettel,VET,ferrari,2,104.10900000000001,103.037,103.267,103.037,Q3
2019,13,2019-09-01,Belgian Grand Prix,spa,hamilton,HAM,mercedes,3,105.25999999999999,103.592,103.282,103.282,Q3
2019,13,2019-09-01,Belgian Grand Prix,spa,bottas,BOT,mercedes,4,105.14099999999999,103.97999999999999,103.41499999999999,103.41499999999999,Q3
2019,13,2019-09-01,Belgian Grand Prix,spa,max_verstappen,VER,red_bull,5,104.622,104.132,103.69,103.69,Q3
2019,13,2019-09-01,Belgian Grand Prix,spa,ricciardo,RIC,renault,6,105.56,104.10300000000001,104.257,104.10300000000001,Q3
2019,13,2019-09-01,Belgian Grand Prix,spa,hulkenberg,HUL,renault,7,105.899,104.549,104.542,104.542,Q3
2019,13,2019-09-01,Belgian Grand Prix,spa,raikkonen,RAI,alfa,8,105.842,104.14,104.557,104.14,Q3
2019,13,2019-09-01,Belgian Grand Prix,spa,perez,PER,racing_point,9,105.732,104.707,104.706,104.706,Q3
2019,13,2019-09-01,Belgian Grand Prix,spa,kevin_magnussen,MAG,haas,10,105.839,104.738,105.086,104.738,Q3
2019,13,2019-09-01,Belgian Grand Prix,spa,grosjean,GRO,haas,11,105.694,104.797,,104.797,Q2
2019,13,2019-09-01,Belgian Grand Prix,spa,norris,NOR,mclaren,12,106.154,104.84700000000001,,104.84700000000001,Q2
2019,13,2019-09-01,Belgian Grand Prix,spa,stroll,STR,racing_point,13,106.0,105.047,,105.047,Q2
2019,13,2019-09-01,Belgian Grand Prix,spa,albon,ALB,red_bull,14,105.52799999999999,105.799,,105.52799999999999,Q2
2019,13,2019-09-01,Belgian Grand Prix,spa,giovinazzi,GIO,alfa,15,105.637,,,105.637,Q1
2019,13,2019-09-01,Belgian Grand Prix,spa,gasly,GAS,toro_rosso,16,106.435,,,106.435,Q1
2019,13,2019-09-01,Belgian Grand Prix,spa,sainz,SAI,mclaren,17,106.507,,,106.507,Q1
2019,13,2019-09-01,Belgian Grand Prix,spa,kvyat,KVY,toro_rosso,18,106.518,,,106.518,Q1
2019,13,2019-09-01,Belgian Grand Prix,spa,russell,RUS,williams,19,107.548,,,107.548,Q1
2019,13,2019-09-01,Belgian Grand Prix,spa,kubica,KUB,williams,20,,,,,Q1
2019,14,2019-09-08,Italian Grand Prix,monza,leclerc,LEC,ferrari,1,80.126,79.553,79.307,79.307,Q3
2019,14,2019-09-08,Italian Grand Prix,monza,hamilton,HAM,mercedes,2,80.27199999999999,79.464,79.346,79.346,Q3
2019,14,2019-09-08,Italian Grand Prix,monza,bottas,BOT,mercedes,3,80.156,80.018,79.354,79.354,Q3
2019,14,2019-09-08,Italian Grand Prix,monza,vettel,VET,ferrari,4,80.378,79.715,79.457,79.457,Q3
2019,14,2019-09-08,Italian Grand Prix,monza,ricciardo,RIC,renault,5,80.374,79.833,79.839,79.833,Q3
2019,14,2019-09-08,Italian Grand Prix,monza,hulkenberg,HUL,renault,6,80.155,80.275,80.049,80.049,Q3
2019,14,2019-09-08,Italian Grand Prix,monza,sainz,SAI,mclaren,7,80.413,80.202,80.455,80.202,Q3
2019,14,2019-09-08,Italian Grand Prix,monza,albon,ALB,red_bull,8,80.382,80.021,,80.021,Q2
2019,14,2019-09-08,Italian Grand Prix,monza,stroll,STR,racing_point,9,80.643,80.498,,80.498,Q2
2019,14,2019-09-08,Italian Grand Prix,monza,raikkonen,RAI,alfa,10,80.634,80.515,,80.515,Q2
2019,14,2019-09-08,Italian Grand Prix,monza,giovinazzi,GIO,alfa,11,80.657,80.517,,80.517,Q2
2019,14,2019-09-08,Italian Grand Prix,monza,kevin_magnussen,MAG,haas,12,80.616,80.615,,80.615,Q2
2019,14,2019-09-08,Italian Grand Prix,monza,kvyat,KVY,toro_rosso,13,80.723,80.63,,80.63,Q2
2019,14,2019-09-08,Italian Grand Prix,monza,norris,NOR,mclaren,14,80.646,81.068,,80.646,Q2
2019,14,2019-09-08,Italian Grand Prix,monza,gasly,GAS,toro_rosso,15,80.508,81.125,,80.508,Q2
2019,14,2019-09-08,Italian Grand Prix,monza,grosjean,GRO,haas,16,80.78399999999999,,,80.78399999999999,Q1
2019,14,2019-09-08,Italian Grand Prix,monza,perez,PER,racing_point,17,81.291,,,81.291,Q1
2019,14,2019-09-08,Italian Grand Prix,monza,russell,RUS,williams,18,81.8,,,81.8,Q1
2019,14,2019-09-08,Italian Grand Prix,monza,kubica,KUB,williams,19,82.356,,,82.356,Q1
2019,14,2019-09-08,Italian Grand Prix,monza,max_verstappen,VER,red_bull,20,,,,,Q1
2019,15,2019-09-22,Singapore Grand Prix,marina_bay,leclerc,LEC,ferrari,1,98.01400000000001,96.65,96.217,96.217,Q3
2019,15,2019-09-22,Singapore Grand Prix,marina_bay,hamilton,HAM,mercedes,2,97.565,96.93299999999999,96.408,96.408,Q3
2019,15,2019-09-22,Singapore Grand Prix,marina_bay,vettel,VET,ferrari,3,98.374,96.72,96.437,96.437,Q3
2019,15,2019-09-22,Singapore Grand Prix,marina_bay,max_verstappen,VER,red_bull,4,98.53999999999999,97.089,96.813,96.813,Q3
2019,15,2019-09-22,Singapore Grand Prix,marina_bay,bottas,BOT,mercedes,5,97.31700000000001,97.142,97.146,97.142,Q3
2019,15,2019-09-22,Singapore Grand Prix,marina_bay,albon,ALB,red_bull,6,99.106,97.86500000000001,97.411,97.411,Q3
2019,15,2019-09-22,Singapore Grand Prix,marina_bay,sainz,SAI,mclaren,7,98.882,97.982,97.818,97.818,Q3
2019,15,2019-09-22,Singapore Grand Prix,marina_bay,hulkenberg,HUL,renault,8,99.001,98.58,98.26400000000001,98.26400000000001,Q3
2019,15,2019-09-22,Singapore Grand Prix,marina_bay,norris,NOR,mclaren,9,98.606,97.572,98.32900000000001,97.572,Q3
2019,15,2019-09-22,Singapore Grand Prix,marina_bay,perez,PER,racing_point,10,99.90899999999999,98.52000000000001,,98.52000000000001,Q2
2019,15,2019-09-22,Singapore Grand Prix,marina_bay,giovinazzi,GIO,alfa,11,99.27199999999999,98.697,,98.697,Q2
2019,15,2019-09-22,Singapore Grand Prix,marina_bay,gasly,GAS,toro_rosso,12,99.08500000000001,98.699,,98.699,Q2
2019,15,2019-09-22,Singapore Grand Prix,marina_bay,raikkonen,RAI,alfa,13,99.45400000000001,98.858,,98.858,Q2
2019,15,2019-09-22,Singapore Grand Prix,marina_bay,kevin_magnussen,MAG,haas,14,99.94200000000001,99.65,,99.65,Q2
2019,15,2019-09-22,Singapore Grand Prix,marina_bay,kvyat,KVY,toro_rosso,15,99.957,,,99.957,Q1
2019,15,2019-09-22,Singapore Grand Prix,marina_bay,stroll,STR,racing_point,16,99.979,,,99.979,Q1
2019,15,2019-09-22,Singapore Grand Prix,marina_bay,grosjean,GRO,haas,17,100.277,,,100.277,Q1
2019,15,2019-09-22,Singapore Grand Prix,marina_bay,russell,RUS,williams,18,100.86699999999999,,,100.86699999999999,Q1
2019,15,2019-09-22,Singapore Grand Prix,marina_bay,kubica,KUB,williams,19,101.186,,,101.186,Q1
2019,15,2019-09-22,Singapore Grand Prix,marina_bay,ricciardo,RIC,renault,20,,,,,Q1
2019,16,2019-09-29,Russian Grand Prix,sochi,leclerc,LEC,ferrari,1,93.613,92.434,91.628,91.628,Q3
2019,16,2019-09-29,Russian Grand Prix,sochi,hamilton,HAM,mercedes,2,93.22999999999999,93.134,92.03,92.03,Q3
2019,17,2019-10-13,Japanese Grand Prix,suzuka,vettel,VET,ferrari,1,88.988,88.174,87.064,87.064,Q3
2019,17,2019-10-13,Japanese Grand Prix,suzuka,leclerc,LEC,ferrari,2,88.405,88.179,87.253,87.253,Q3
2019,17,2019-10-13,Japanese Grand Prix,suzuka,bottas,BOT,mercedes,3,88.896,87.688,87.293,87.293,Q3
2019,17,2019-10-13,Japanese Grand Prix,suzuka,hamilton,HAM,mercedes,4,88.735,87.826,87.30199999999999,87.30199999999999,Q3
2019,17,2019-10-13,Japanese Grand Prix,suzuka,max_verstappen,VER,red_bull,5,88.754,88.499,87.851,87.851,Q3
2019,17,2019-10-13,Japanese Grand Prix,suzuka,albon,ALB,red_bull,6,89.351,88.156,87.851,87.851,Q3
2019,17,2019-10-13,Japanese Grand Prix,suzuka,sainz,SAI,mclaren,7,89.018,88.577,88.304,88.304,Q3
2019,17,2019-10-13,Japanese Grand Prix,suzuka,norris,NOR,mclaren,8,88.873,88.571,88.464,88.464,Q3
2019,17,2019-10-13,Japanese Grand Prix,suzuka,gasly,GAS,toro_rosso,9,89.411,88.779,88.836,88.779,Q3
2019,17,2019-10-13,Japanese Grand Prix,suzuka,grosjean,GRO,haas,10,89.572,89.144,89.34100000000001,89.144,Q3
2019,17,2019-10-13,Japanese Grand Prix,suzuka,giovinazzi,GIO,alfa,11,89.604,89.254,,89.254,Q2
2019,17,2019-10-13,Japanese Grand Prix,suzuka,stroll,STR,racing_point,12,89.594,89.345,,89.345,Q2
2019,17,2019-10-13,Japanese Grand Prix,suzuka,raikkonen,RAI,alfa,13,89.636,89.358,,89.358,Q2
2019,17,2019-10-13,Japanese Grand Prix,suzuka,kvyat,KVY,toro_rosso,14,89.723,89.563,,89.563,Q2
2019,17,2019-10-13,Japanese Grand Prix,suzuka,hulkenberg,HUL,renault,15,89.619,90.112,,89.619,Q2
2019,17,2019-10-13,Japanese Grand Prix,suzuka,ricciardo,RIC,renault,16,89.822,,,89.822,Q1
2019,17,2019-10-13,Japanese Grand Prix,suzuka,perez,PER,racing_point,17,90.344,,,90.344,Q1
2019,17,2019-10-13,Japanese Grand Prix,suzuka,russell,RUS,williams,18,90.364,,,90.364,Q1
2019,17,2019-10-13,Japanese Grand Prix,suzuka,kevin_magnussen,MAG,haas,19,,,,,Q1
2019,17,2019-10-13,Japanese Grand Prix,suzuka,kubica,KUB,williams,20,,,,,Q1
2019,18,2019-10-27,Mexican Grand Prix,rodriguez,max_verstappen,VER,red_bull,1,75.949,76.136,74.758,74.758,Q3
2019,18,2019-10-27,Mexican Grand Prix,rodriguez,leclerc,LEC,ferrari,2,76.364,76.219,75.024,75.024,Q3
2019,18,2019-10-27,Mexican Grand Prix,rodriguez,vettel,VET,ferrari,3,76.696,75.914,75.17,75.17,Q3
2019,18,2019-10-27,Mexican Grand Prix,rodriguez,hamilton,HAM,mercedes,4,76.424,75.721,75.262,75.262,Q3
2019,18,2019-10-27,Mexican Grand Prix,rodriguez,albon,ALB,red_bull,5,76.175,76.574,75.336,75.336,Q3
2019,18,2019-10-27,Mexican Grand Prix,rodriguez,bottas,BOT,mercedes,6,77.062,75.852,75.338,75.338,Q3
2019,18,2019-10-27,Mexican Grand Prix,rodriguez,sainz,SAI,mclaren,7,77.044,76.267,76.014,76.014,Q3
2019,18,2019-10-27,Mexican Grand Prix,rodriguez,norris,NOR,mclaren,8,77.092,76.447,76.322,76.322,Q3
2019,18,2019-10-27,Mexican Grand Prix,rodriguez,kvyat,KVY,toro_rosso,9,77.041,76.657,76.469,76.469,Q3
2019,18,2019-10-27,Mexican Grand Prix,rodriguez,gasly,GAS,toro_rosso,10,77.065,76.679,76.586,76.586,Q3
2019,18,2019-10-27,Mexican Grand Prix,rodriguez,perez,PER,racing_point,11,77.465,76.687,,76.687,Q2
2019,18,2019-10-27,Mexican Grand Prix,rodriguez,hulkenberg,HUL,renault,12,77.608,76.885,,76.885,Q2
2019,18,2019-10-27,Mexican Grand Prix,rodriguez,ricciardo,RIC,renault,13,77.27,76.93299999999999,,76.93299999999999,Q2
2019,18,2019-10-27,Mexican Grand Prix,rodriguez,raikkonen,RAI,alfa,14,77.225,76.967,,76.967,Q2
2019,18,2019-10-27,Mexican Grand Prix,rodriguez,giovinazzi,GIO,alfa,15,77.794,77.269,,77.269,Q2
2019,18,2019-10-27,Mexican Grand Prix,rodriguez,stroll,STR,racing_point,16,78.065,,,78.065,Q1
2019,18,2019-10-27,Mexican Grand Prix,rodriguez,kevin_magnussen,MAG,haas,17,78.436,,,78.436,Q1
2019,18,2019-10-27,Mexican Grand Prix,rodriguez,grosjean,GRO,haas,18,78.599,,,78.599,Q1
2019,18,2019-10-27,Mexican Grand Prix,rodriguez,russell,RUS,williams,19,78.82300000000001,,,78.82300000000001,Q1
2019,18,2019-10-27,Mexican Grand Prix,rodriguez,kubica,KUB,williams,20,80.179,,,80.179,Q1
2019,19,2019-11-03,United States Grand Prix,americas,bottas,BOT,mercedes,1,93.75,93.16,92.029,92.029,Q3
2019,19,2019-11-03,United States Grand Prix,americas,vettel,VET,ferrari,2,93.76599999999999,93.782,92.041,92.041,Q3
2019,19,2019-11-03,United States Grand Prix,americas,max_verstappen,VER,red_bull,3,93.549,93.12,92.096,92.096,Q3
2019,19,2019-11-03,United States Grand Prix,americas,leclerc,LEC,ferrari,4,93.988,92.75999999999999,92.137,92.137,Q3
2019,19,2019-11-03,United States Grand Prix,americas,hamilton,HAM,mercedes,5,93.45400000000001,93.045,92.321,92.321,Q3
2019,19,2019-11-03,United States Grand Prix,americas,albon,ALB,red_bull,6,93.98400000000001,92.898,92.548,92.548,Q3
2019,19,2019-11-03,United States Grand Prix,americas,sainz,SAI,mclaren,7,93.916,93.422,92.84700000000001,92.84700000000001,Q3
2019,19,2019-11-03,United States Grand Prix,americas,norris,NOR,mclaren,8,93.35300000000001,93.316,93.175,93.175,Q3
2019,19,2019-11-03,United States Grand Prix,americas,ricciardo,RIC,renault,9,93.83500000000001,93.608,93.488,93.488,Q3
2019,19,2019-11-03,United States Grand Prix,americas,gasly,GAS,toro_rosso,10,93.556,93.715,93.601,93.556,Q3
2019,19,2019-11-03,United States Grand Prix,americas,hulkenberg,HUL,renault,11,94.092,93.815,,93.815,Q2
2019,19,2019-11-03,United States Grand Prix,americas,kevin_magnussen,MAG,haas,12,93.812,93.979,,93.812,Q2
2019,19,2019-11-03,United States Grand Prix,americas,kvyat,KVY,toro_rosso,13,94.138,93.989,,93.989,Q2
2019,19,2019-11-03,United States Grand Prix,americas,stroll,STR,racing_point,14,93.92099999999999,94.1,,93.92099999999999,Q2
2019,19,2019-11-03,United States Grand Prix,americas,grosjean,GRO,haas,15,94.161,94.158,,94.158,Q2
2019,19,2019-11-03,United States Grand Prix,americas,giovinazzi,GIO,alfa,16,94.226,,,94.226,Q1
2019,19,2019-11-03,United States Grand Prix,americas,raikkonen,RAI,alfa,17,94.369,,,94.369,Q1
2019,19,2019-11-03,United States Grand Prix,americas,russell,RUS,williams,18,95.372,,,95.372,Q1
2019,19,2019-11-03,United States Grand Prix,americas,perez,PER,racing_point,19,95.80799999999999,,,95.80799999999999,Q1
2019,19,2019-11-03,United States Grand Prix,americas,kubica,KUB,williams,20,95.88900000000001,,,95.88900000000001,Q1
2019,20,2019-11-17,Brazilian Grand Prix,interlagos,max_verstappen,VER,red_bull,1,68.242,67.503,67.508,67.503,Q3
2019,20,2019-11-17,Brazilian Grand Prix,interlagos,vettel,VET,ferrari,2,68.556,68.05,67.631,67.631,Q3
2019,20,2019-11-17,Brazilian Grand Prix,interlagos,hamilton,HAM,mercedes,3,68.614,68.088,67.699,67.699,Q3
2019,20,2019-11-17,Brazilian Grand Prix,interlagos,leclerc,LEC,ferrari,4,68.496,67.888,67.728,67.728,Q3
2019,20,2019-11-17,Brazilian Grand Prix,interlagos,bottas,BOT,mercedes,5,68.545,68.232,67.874,67.874,Q3
2019,20,2019-11-17,Brazilian Grand Prix,interlagos,albon,ALB,red_bull,6,68.503,68.117,67.935,67.935,Q3
2019,20,2019-11-17,Brazilian Grand Prix,interlagos,gasly,GAS,toro_rosso,7,68.909,68.77,68.837,68.77,Q3
2019,20,2019-11-17,Brazilian Grand Prix,interlagos,grosjean,GRO,haas,8,69.197,68.705,68.854,68.705,Q3
2019,20,2019-11-17,Brazilian Grand Prix,interlagos,raikkonen,RAI,alfa,9,69.276,68.858,68.984,68.858,Q3
2019,20,2019-11-17,Brazilian Grand Prix,interlagos,kevin_magnussen,MAG,haas,10,68.875,68.803,69.037,68.803,Q3
2019,20,2019-11-17,Brazilian Grand Prix,interlagos,norris,NOR,mclaren,11,68.891,68.868,,68.868,Q2
2019,20,2019-11-17,Brazilian Grand Prix,interlagos,ricciardo,RIC,renault,12,69.086,68.903,,68.903,Q2
2019,20,2019-11-17,Brazilian Grand Prix,interlagos,giovinazzi,GIO,alfa,13,69.175,68.919,,68.919,Q2
2019,20,2019-11-17,Brazilian Grand Prix,interlagos,hulkenberg,HUL,renault,14,69.05,68.92099999999999,,68.92099999999999,Q2
2019,20,2019-11-17,Brazilian Grand Prix,interlagos,perez,PER,racing_point,15,69.288,69.035,,69.035,Q2
2019,20,2019-11-17,Brazilian Grand Prix,interlagos,kvyat,KVY,toro_rosso,16,69.32,,,69.32,Q1
2019,20,2019-11-17,Brazilian Grand Prix,interlagos,stroll,STR,racing_point,17,69.536,,,69.536,Q1
2019,20,2019-11-17,Brazilian Grand Prix,interlagos,russell,RUS,williams,18,70.126,,,70.126,Q1
2019,20,2019-11-17,Brazilian Grand Prix,interlagos,kubica,KUB,williams,19,70.614,,,70.614,Q1
2019,20,2019-11-17,Brazilian Grand Prix,interlagos,sainz,SAI,mclaren,20,,,,,Q1
2019,21,2019-12-01,Abu Dhabi Grand Prix,yas_marina,hamilton,HAM,mercedes,1,95.851,95.634,94.779,94.779,Q3
2019,21,2019-12-01,Abu Dhabi Grand Prix,yas_marina,bottas,BOT,mercedes,2,96.2,95.674,94.973,94.973,Q3
2020,1,2020-07-05,Austrian Grand Prix,red_bull_ring,bottas,BOT,mercedes,1,64.111,63.015,62.939,62.939,Q3
2020,1,2020-07-05,Austrian Grand Prix,red_bull_ring,hamilton,HAM,mercedes,2,64.19800000000001,63.096000000000004,62.951,62.951,Q3
2020,1,2020-07-05,Austrian Grand Prix,red_bull_ring,max_verstappen,VER,red_bull,3,64.024,64.0,63.477,63.477,Q3
2020,1,2020-07-05,Austrian Grand Prix,red_bull_ring,norris,NOR,mclaren,4,64.606,63.819,63.626,63.626,Q3
2020,1,2020-07-05,Austrian Grand Prix,red_bull_ring,albon,ALB,red_bull,5,64.661,63.746,63.868,63.746,Q3
2020,1,2020-07-05,Austrian Grand Prix,red_bull_ring,perez,PER,racing_point,6,64.543,63.86,63.868,63.86,Q3
2020,1,2020-07-05,Austrian Grand Prix,red_bull_ring,leclerc,LEC,ferrari,7,64.5,64.041,63.923,63.923,Q3
2020,1,2020-07-05,Austrian Grand Prix,red_bull_ring,sainz,SAI,mclaren,8,64.537,63.971000000000004,63.971000000000004,63.971000000000004,Q3
2020,1,2020-07-05,Austrian Grand Prix,red_bull_ring,stroll,STR,racing_point,9,64.309,63.955,64.029,63.955,Q3
2020,1,2020-07-05,Austrian Grand Prix,red_bull_ring,ricciardo,RIC,renault,10,64.556,64.023,64.239,64.023,Q3
2020,1,2020-07-05,Austrian Grand Prix,red_bull_ring,vettel,VET,ferrari,11,64.554,64.206,,64.206,Q2
2020,1,2020-07-05,Austrian Grand Prix,red_bull_ring,gasly,GAS,alphatauri,12,64.603,64.305,,64.305,Q2
2020,1,2020-07-05,Austrian Grand Prix,red_bull_ring,kvyat,KVY,alphatauri,13,65.031,64.431,,64.431,Q2
2020,1,2020-07-05,Austrian Grand Prix,red_bull_ring,ocon,OCO,renault,14,64.93299999999999,64.643,,64.643,Q2
2020,1,2020-07-05,Austrian Grand Prix,red_bull_ring,grosjean,GRO,haas,15,65.094,64.691,,64.691,Q2
2020,1,2020-07-05,Austrian Grand Prix,red_bull_ring,kevin_magnussen,MAG,haas,16,65.164,,,65.164,Q1
2020,1,2020-07-05,Austrian Grand Prix,red_bull_ring,russell,RUS,williams,17,65.167,,,65.167,Q1
2020,1,2020-07-05,Austrian Grand Prix,red_bull_ring,giovinazzi,GIO,alfa,18,65.175,,,65.175,Q1
2020,1,2020-07-05,Austrian Grand Prix,red_bull_ring,raikkonen,RAI,alfa,19,65.224,,,65.224,Q1
2020,1,2020-07-05,Austrian Grand Prix,red_bull_ring,latifi,LAT,williams,20,65.757,,,65.757,Q1
2020,2,2020-07-12,Styrian Grand Prix,red_bull_ring,hamilton,HAM,mercedes,1,78.188,77.825,79.273,77.825,Q3
2020,2,2020-07-12,Styrian Grand Prix,red_bull_ring,max_verstappen,VER,red_bull,2,78.297,77.938,80.489,77.938,Q3
2020,2,2020-07-12,Styrian Grand Prix,red_bull_ring,sainz,SAI,mclaren,3,78.59,78.836,80.67099999999999,78.59,Q3
2020,2,2020-07-12,Styrian Grand Prix,red_bull_ring,bottas,BOT,mercedes,4,78.791,78.657,80.701,78.657,Q3
2020,2,2020-07-12,Styrian Grand Prix,red_bull_ring,ocon,OCO,renault,5,79.687,78.764,80.922,78.764,Q3
2020,2,2020-07-12,Styrian Grand Prix,red_bull_ring,norris,NOR,mclaren,6,78.504,78.44800000000001,80.925,78.44800000000001,Q3
2020,2,2020-07-12,Styrian Grand Prix,red_bull_ring,albon,ALB,red_bull,7,80.882,79.014,81.011,79.014,Q3
2020,2,2020-07-12,Styrian Grand Prix,red_bull_ring,gasly,GAS,alphatauri,8,80.19200000000001,78.744,81.02799999999999,78.744,Q3
2020,2,2020-07-12,Styrian Grand Prix,red_bull_ring,ricciardo,RIC,renault,9,79.662,79.229,81.19200000000001,79.229,Q3
2020,2,2020-07-12,Styrian Grand Prix,red_bull_ring,vettel,VET,ferrari,10,80.243,79.545,81.651,79.545,Q3
2020,2,2020-07-12,Styrian Grand Prix,red_bull_ring,leclerc,LEC,ferrari,11,80.871,79.628,,79.628,Q2
2020,2,2020-07-12,Styrian Grand Prix,red_bull_ring,russell,RUS,williams,12,80.382,79.636,,79.636,Q2
2020,2,2020-07-12,Styrian Grand Prix,red_bull_ring,stroll,STR,racing_point,13,79.697,79.645,,79.645,Q2
2020,2,2020-07-12,Styrian Grand Prix,red_bull_ring,kvyat,KVY,alphatauri,14,79.824,79.717,,79.717,Q2
2020,2,2020-07-12,Styrian Grand Prix,red_bull_ring,kevin_magnussen,MAG,haas,15,81.14,80.211,,80.211,Q2
2020,2,2020-07-12,Styrian Grand Prix,red_bull_ring,raikkonen,RAI,alfa,16,81.14,,,81.14,Q1
2020,2,2020-07-12,Styrian Grand Prix,red_bull_ring,perez,PER,racing_point,17,81.607,,,81.607,Q1
2020,2,2020-07-12,Styrian Grand Prix,red_bull_ring,latifi,LAT,williams,18,81.759,,,81.759,Q1
2020,2,2020-07-12,Styrian Grand Prix,red_bull_ring,giovinazzi,GIO,alfa,19,81.831,,,81.831,Q1
2020,2,2020-07-12,Styrian Grand Prix,red_bull_ring,grosjean,GRO,haas,20,,,,,Q1
2020,3,2020-07-19,Hungarian Grand Prix,hungaroring,hamilton,HAM,mercedes,1,74.907,74.261,73.447,73.447,Q3
2020,3,2020-07-19,Hungarian Grand Prix,hungaroring,bottas,BOT,mercedes,2,75.474,74.53,73.554,73.554,Q3
2020,3,2020-07-19,Hungarian Grand Prix,hungaroring,stroll,STR,racing_point,3,74.895,75.176,74.377,74.377,Q3
2020,3,2020-07-19,Hungarian Grand Prix,hungaroring,perez,PER,racing_point,4,74.681,75.394,74.545,74.545,Q3
2020,3,2020-07-19,Hungarian Grand Prix,hungaroring,vettel,VET,ferrari,5,75.455,75.131,74.774,74.774,Q3
2020,3,2020-07-19,Hungarian Grand Prix,hungaroring,leclerc,LEC,ferrari,6,75.793,75.006,74.81700000000001,74.81700000000001,Q3
2020,3,2020-07-19,Hungarian Grand Prix,hungaroring,max_verstappen,VER,red_bull,7,75.495,74.976,74.849,74.849,Q3
2020,3,2020-07-19,Hungarian Grand Prix,hungaroring,norris,NOR,mclaren,8,75.444,75.08500000000001,74.966,74.966,Q3
2020,3,2020-07-19,Hungarian Grand Prix,hungaroring,sainz,SAI,mclaren,9,75.281,75.267,75.027,75.027,Q3
2020,3,2020-07-19,Hungarian Grand Prix,hungaroring,gasly,GAS,alphatauri,10,75.767,75.508,,75.508,Q2
2020,3,2020-07-19,Hungarian Grand Prix,hungaroring,ricciardo,RIC,renault,11,75.848,75.661,,75.661,Q2
2020,3,2020-07-19,Hungarian Grand Prix,hungaroring,russell,RUS,williams,12,75.58500000000001,75.69800000000001,,75.58500000000001,Q2
2020,3,2020-07-19,Hungarian Grand Prix,hungaroring,albon,ALB,red_bull,13,75.722,75.715,,75.715,Q2
2020,3,2020-07-19,Hungarian Grand Prix,hungaroring,ocon,OCO,renault,14,75.719,75.742,,75.719,Q2
2020,3,2020-07-19,Hungarian Grand Prix,hungaroring,latifi,LAT,williams,15,76.105,76.544,,76.105,Q2
2020,3,2020-07-19,Hungarian Grand Prix,hungaroring,kevin_magnussen,MAG,haas,16,76.152,,,76.152,Q1
2020,3,2020-07-19,Hungarian Grand Prix,hungaroring,kvyat,KVY,alphatauri,17,76.20400000000001,,,76.20400000000001,Q1
2020,3,2020-07-19,Hungarian Grand Prix,hungaroring,grosjean,GRO,haas,18,76.407,,,76.407,Q1
2020,3,2020-07-19,Hungarian Grand Prix,hungaroring,giovinazzi,GIO,alfa,19,76.506,,,76.506,Q1
2020,3,2020-07-19,Hungarian Grand Prix,hungaroring,raikkonen,RAI,alfa,20,76.614,,,76.614,Q1
2020,4,2020-08-02,British Grand Prix,silverstone,hamilton,HAM,mercedes,1,85.9,85.34700000000001,84.303,84.303,Q3
2020,4,2020-08-02,British Grand Prix,silverstone,bottas,BOT,mercedes,2,85.801,85.015,84.616,84.616,Q3
2020,4,2020-08-02,British Grand Prix,silverstone,max_verstappen,VER,red_bull,3,86.115,86.144,85.325,85.325,Q3
2020,4,2020-08-02,British Grand Prix,silverstone,leclerc,LEC,ferrari,4,86.55,86.203,85.42699999999999,85.42699999999999,Q3
2020,4,2020-08-02,British Grand Prix,silverstone,norris,NOR,mclaren,5,86.855,86.42,85.782,85.782,Q3
2020,4,2020-08-02,British Grand Prix,silverstone,stroll,STR,racing_point,6,86.243,86.501,85.839,85.839,Q3
2020,4,2020-08-02,British Grand Prix,silverstone,sainz,SAI,mclaren,7,86.715,86.149,85.965,85.965,Q3
2020,4,2020-08-02,British Grand Prix,silverstone,ricciardo,RIC,renault,8,86.67699999999999,86.339,86.009,86.009,Q3
2020,4,2020-08-02,British Grand Prix,silverstone,ocon,OCO,renault,9,86.396,86.252,86.209,86.209,Q3
2020,4,2020-08-02,British Grand Prix,silverstone,vettel,VET,ferrari,10,86.469,86.455,86.339,86.339,Q3
2020,4,2020-08-02,British Grand Prix,silverstone,gasly,GAS,alphatauri,11,86.343,86.501,,86.343,Q2
2020,4,2020-08-02,British Grand Prix,silverstone,albon,ALB,red_bull,12,86.565,86.545,,86.545,Q2
2020,4,2020-08-02,British Grand Prix,silverstone,hulkenberg,HUL,racing_point,13,86.327,86.566,,86.327,Q2
2020,4,2020-08-02,British Grand Prix,silverstone,kvyat,KVY,alphatauri,14,86.774,86.744,,86.744,Q2
2020,4,2020-08-02,British Grand Prix,silverstone,russell,RUS,williams,15,86.732,87.092,,86.732,Q2
2020,4,2020-08-02,British Grand Prix,silverstone,kevin_magnussen,MAG,haas,16,87.158,,,87.158,Q1
2020,4,2020-08-02,British Grand Prix,silverstone,giovinazzi,GIO,alfa,17,87.164,,,87.164,Q1
2020,4,2020-08-02,British Grand Prix,silverstone,raikkonen,RAI,alfa,18,87.366,,,87.366,Q1
2020,4,2020-08-02,British Grand Prix,silverstone,grosjean,GRO,haas,19,87.643,,,87.643,Q1
2020,4,2020-08-02,British Grand Prix,silverstone,latifi,LAT,williams,20,87.705,,,87.705,Q1
2020,5,2020-08-09,70th Anniversary Grand Prix,silverstone,bottas,BOT,mercedes,1,86.738,85.785,85.154,85.154,Q3
2020,5,2020-08-09,70th Anniversary Grand Prix,silverstone,hamilton,HAM,mercedes,2,86.818,86.26599999999999,85.217,85.217,Q3
2020,5,2020-08-09,70th Anniversary Grand Prix,silverstone,hulkenberg,HUL,racing_point,3,87.279,86.261,86.082,86.082,Q3
2020,5,2020-08-09,70th Anniversary Grand Prix,silverstone,max_verstappen,VER,red_bull,4,87.154,86.779,86.176,86.176,Q3
2020,5,2020-08-09,70th Anniversary Grand Prix,silverstone,ricciardo,RIC,renault,5,87.44200000000001,86.636,86.297,86.297,Q3
2020,5,2020-08-09,70th Anniversary Grand Prix,silverstone,stroll,STR,racing_point,6,87.187,86.674,86.428,86.428,Q3
2020,5,2020-08-09,70th Anniversary Grand Prix,silverstone,gasly,GAS,alphatauri,7,87.154,86.523,86.53399999999999,86.523,Q3
2020,5,2020-08-09,70th Anniversary Grand Prix,silverstone,leclerc,LEC,ferrari,8,87.42699999999999,86.709,86.614,86.614,Q3
2020,5,2020-08-09,70th Anniversary Grand Prix,silverstone,albon,ALB,red_bull,9,87.15299999999999,86.642,86.669,86.642,Q3
2020,5,2020-08-09,70th Anniversary Grand Prix,silverstone,norris,NOR,mclaren,10,87.217,86.885,86.77799999999999,86.77799999999999,Q3
2020,5,2020-08-09,70th Anniversary Grand Prix,silverstone,ocon,OCO,renault,11,87.27799999999999,87.011,,87.011,Q2
2020,5,2020-08-09,70th Anniversary Grand Prix,silverstone,vettel,VET,ferrari,12,87.612,87.078,,87.078,Q2
2020,5,2020-08-09,70th Anniversary Grand Prix,silverstone,sainz,SAI,mclaren,13,87.45,87.083,,87.083,Q2
2020,5,2020-08-09,70th Anniversary Grand Prix,silverstone,grosjean,GRO,haas,14,87.519,87.254,,87.254,Q2
2020,5,2020-08-09,70th Anniversary Grand Prix,silverstone,russell,RUS,williams,15,87.757,87.455,,87.455,Q2
2020,5,2020-08-09,70th Anniversary Grand Prix,silverstone,kvyat,KVY,alphatauri,16,87.882,,,87.882,Q1
2020,5,2020-08-09,70th Anniversary Grand Prix,silverstone,kevin_magnussen,MAG,haas,17,88.236,,,88.236,Q1
2020,5,2020-08-09,70th Anniversary Grand Prix,silverstone,latifi,LAT,williams,18,88.43,,,88.43,Q1
2020,5,2020-08-09,70th Anniversary Grand Prix,silverstone,giovinazzi,GIO,alfa,19,88.43299999999999,,,88.43299999999999,Q1
2020,5,2020-08-09,70th Anniversary Grand Prix,silverstone,raikkonen,RAI,alfa,20,88.493,,,88.493,Q1
2020,6,2020-08-16,Spanish Grand Prix,catalunya,hamilton,HAM,mercedes,1,76.872,76.013,75.584,75.584,Q3
2020,6,2020-08-16,Spanish Grand Prix,catalunya,bottas,BOT,mercedes,2,77.243,76.152,75.643,75.643,Q3
2020,6,2020-08-16,Spanish Grand Prix,catalunya,max_verstappen,VER,red_bull,3,77.213,76.518,76.292,76.292,Q3
2020,6,2020-08-16,Spanish Grand Prix,catalunya,perez,PER,racing_point,4,77.117,76.936,76.482,76.482,Q3
2020,6,2020-08-16,Spanish Grand Prix,catalunya,stroll,STR,racing_point,5,77.316,76.666,76.589,76.589,Q3
2020,6,2020-08-16,Spanish Grand Prix,catalunya,albon,ALB,red_bull,6,77.419,77.163,77.029,77.029,Q3
2020,6,2020-08-16,Spanish Grand Prix,catalunya,sainz,SAI,mclaren,7,77.438,76.876,77.044,76.876,Q3
2020,6,2020-08-16,Spanish Grand Prix,catalunya,norris,NOR,mclaren,8,77.577,77.166,77.084,77.084,Q3
2020,6,2020-08-16,Spanish Grand Prix,catalunya,leclerc,LEC,ferrari,9,77.256,76.953,77.087,76.953,Q3
2020,6,2020-08-16,Spanish Grand Prix,catalunya,gasly,GAS,alphatauri,10,77.356,76.8,77.136,76.8,Q3
2020,6,2020-08-16,Spanish Grand Prix,catalunya,vettel,VET,ferrari,11,77.57300000000001,77.168,,77.168,Q2
2020,6,2020-08-16,Spanish Grand Prix,catalunya,kvyat,KVY,alphatauri,12,77.676,77.19200000000001,,77.19200000000001,Q2
2020,6,2020-08-16,Spanish Grand Prix,catalunya,ricciardo,RIC,renault,13,77.667,77.19800000000001,,77.19800000000001,Q2
2020,6,2020-08-16,Spanish Grand Prix,catalunya,raikkonen,RAI,alfa,14,77.797,77.386,,77.386,Q2
2020,6,2020-08-16,Spanish Grand Prix,catalunya,ocon,OCO,renault,15,77.765,77.56700000000001,,77.56700000000001,Q2
2020,6,2020-08-16,Spanish Grand Prix,catalunya,kevin_magnussen,MAG,haas,16,77.908,,,77.908,Q1
2020,6,2020-08-16,Spanish Grand Prix,catalunya,grosjean,GRO,haas,17,78.089,,,78.089,Q1
2020,6,2020-08-16,Spanish Grand Prix,catalunya,russell,RUS,williams,18,78.099,,,78.099,Q1
2020,6,2020-08-16,Spanish Grand Prix,catalunya,latifi,LAT,williams,19,78.532,,,78.532,Q1
2020,6,2020-08-16,Spanish Grand Prix,catalunya,giovinazzi,GIO,alfa,20,78.697,,,78.697,Q1
2020,7,2020-08-30,Belgian Grand Prix,spa,hamilton,HAM,mercedes,1,102.32300000000001,102.01400000000001,101.25200000000001,101.25200000000001,Q3
2020,7,2020-08-30,Belgian Grand Prix,spa,bottas,BOT,mercedes,2,102.53399999999999,102.126,101.763,101.763,Q3
2020,7,2020-08-30,Belgian Grand Prix,spa,max_verstappen,VER,red_bull,3,103.197,102.473,101.77799999999999,101.77799999999999,Q3
2020,7,2020-08-30,Belgian Grand Prix,spa,ricciardo,RIC,renault,4,103.309,102.487,102.061,102.061,Q3
2020,7,2020-08-30,Belgian Grand Prix,spa,albon,ALB,red_bull,5,103.418,102.193,102.26400000000001,102.193,Q3
2020,7,2020-08-30,Belgian Grand Prix,spa,ocon,OCO,renault,6,103.505,102.53399999999999,102.396,102.396,Q3
2020,7,2020-08-30,Belgian Grand Prix,spa,sainz,SAI,mclaren,7,103.322,102.47800000000001,102.438,102.438,Q3
2020,7,2020-08-30,Belgian Grand Prix,spa,perez,PER,racing_point,8,103.34899999999999,102.67,102.532,102.532,Q3
2020,7,2020-08-30,Belgian Grand Prix,spa,stroll,STR,racing_point,9,103.265,102.491,102.60300000000001,102.491,Q3
2020,7,2020-08-30,Belgian Grand Prix,spa,norris,NOR,mclaren,10,103.51400000000001,102.72200000000001,102.657,102.657,Q3
2020,7,2020-08-30,Belgian Grand Prix,spa,kvyat,KVY,alphatauri,11,103.267,102.72999999999999,,102.72999999999999,Q2
2020,7,2020-08-30,Belgian Grand Prix,spa,gasly,GAS,alphatauri,12,103.262,102.745,,102.745,Q2
2020,7,2020-08-30,Belgian Grand Prix,spa,leclerc,LEC,ferrari,13,103.656,102.99600000000001,,102.99600000000001,Q2
2020,7,2020-08-30,Belgian Grand Prix,spa,vettel,VET,ferrari,14,103.56700000000001,103.261,,103.261,Q2
2020,7,2020-08-30,Belgian Grand Prix,spa,russell,RUS,williams,15,103.63,103.468,,103.468,Q2
2020,7,2020-08-30,Belgian Grand Prix,spa,raikkonen,RAI,alfa,16,103.743,,,103.743,Q1
2020,7,2020-08-30,Belgian Grand Prix,spa,grosjean,GRO,haas,17,103.838,,,103.838,Q1
2020,7,2020-08-30,Belgian Grand Prix,spa,giovinazzi,GIO,alfa,18,103.95,,,103.95,Q1
2020,7,2020-08-30,Belgian Grand Prix,spa,latifi,LAT,williams,19,104.138,,,104.138,Q1
2020,7,2020-08-30,Belgian Grand Prix,spa,kevin_magnussen,MAG,haas,20,104.314,,,104.314,Q1
2020,8,2020-09-06,Italian Grand Prix,monza,hamilton,HAM,mercedes,1,79.514,79.092,78.887,78.887,Q3
2020,8,2020-09-06,Italian Grand Prix,monza,bottas,BOT,mercedes,2,79.786,78.952,78.956,78.952,Q3
2020,8,2020-09-06,Italian Grand Prix,monza,sainz,SAI,mclaren,3,80.099,79.705,79.695,79.695,Q3
2020,8,2020-09-06,Italian Grand Prix,monza,perez,PER,racing_point,4,80.048,79.718,79.72,79.718,Q3
2020,8,2020-09-06,Italian Grand Prix,monza,max_verstappen,VER,red_bull,5,80.193,79.78,79.795,79.78,Q3
2020,8,2020-09-06,Italian Grand Prix,monza,norris,NOR,mclaren,6,80.344,79.962,79.82,79.82,Q3
2020,8,2020-09-06,Italian Grand Prix,monza,ricciardo,RIC,renault,7,80.548,80.031,79.864,79.864,Q3
2020,8,2020-09-06,Italian Grand Prix,monza,stroll,STR,racing_point,8,80.4,79.924,80.049,79.924,Q3
2020,8,2020-09-06,Italian Grand Prix,monza,albon,ALB,red_bull,9,81.104,80.064,80.09,80.064,Q3
2020,8,2020-09-06,Italian Grand Prix,monza,gasly,GAS,alphatauri,10,80.145,79.90899999999999,80.17699999999999,79.90899999999999,Q3
2020,8,2020-09-06,Italian Grand Prix,monza,kvyat,KVY,alphatauri,11,80.307,80.169,,80.169,Q2
2020,8,2020-09-06,Italian Grand Prix,monza,ocon,OCO,renault,12,80.747,80.23400000000001,,80.23400000000001,Q2
2020,8,2020-09-06,Italian Grand Prix,monza,leclerc,LEC,ferrari,13,80.443,80.273,,80.273,Q2
2020,8,2020-09-06,Italian Grand Prix,monza,raikkonen,RAI,alfa,14,81.01,80.926,,80.926,Q2
2020,8,2020-09-06,Italian Grand Prix,monza,kevin_magnussen,MAG,haas,15,80.869,81.57300000000001,,80.869,Q2
2020,8,2020-09-06,Italian Grand Prix,monza,grosjean,GRO,haas,16,81.139,,,81.139,Q1
2020,8,2020-09-06,Italian Grand Prix,monza,vettel,VET,ferrari,17,81.151,,,81.151,Q1
2020,8,2020-09-06,Italian Grand Prix,monza,giovinazzi,GIO,alfa,18,81.206,,,81.206,Q1
2020,8,2020-09-06,Italian Grand Prix,monza,russell,RUS,williams,19,81.587,,,81.587,Q1
2020,8,2020-09-06,Italian Grand Prix,monza,latifi,LAT,williams,20,81.717,,,81.717,Q1
2020,9,2020-09-13,Tuscan Grand Prix,mugello,hamilton,HAM,mercedes,1,75.778,75.309,75.144,75.144,Q3
2020,9,2020-09-13,Tuscan Grand Prix,mugello,bottas,BOT,mercedes,2,75.749,75.322,75.203,75.203,Q3
2020,9,2020-09-13,Tuscan Grand Prix,mugello,max_verstappen,VER,red_bull,3,76.33500000000001,75.471,75.509,75.471,Q3
2020,9,2020-09-13,Tuscan Grand Prix,mugello,albon,ALB,red_bull,4,76.527,75.914,75.95400000000001,75.914,Q3
2020,9,2020-09-13,Tuscan Grand Prix,mugello,leclerc,LEC,ferrari,5,76.69800000000001,76.324,76.27,76.27,Q3
2020,9,2020-09-13,Tuscan Grand Prix,mugello,perez,PER,racing_point,6,76.596,76.489,76.311,76.311,Q3
2020,9,2020-09-13,Tuscan Grand Prix,mugello,stroll,STR,racing_point,7,76.701,76.271,76.356,76.271,Q3
2020,9,2020-09-13,Tuscan Grand Prix,mugello,ricciardo,RIC,renault,8,76.981,76.243,76.543,76.243,Q3
2020,9,2020-09-13,Tuscan Grand Prix,mugello,sainz,SAI,mclaren,9,76.993,76.52199999999999,77.87,76.52199999999999,Q3
2020,9,2020-09-13,Tuscan Grand Prix,mugello,ocon,OCO,renault,10,76.825,76.297,,76.297,Q2
2020,9,2020-09-13,Tuscan Grand Prix,mugello,norris,NOR,mclaren,11,76.895,76.64,,76.64,Q2
2020,9,2020-09-13,Tuscan Grand Prix,mugello,kvyat,KVY,alphatauri,12,76.928,76.854,,76.854,Q2
2020,9,2020-09-13,Tuscan Grand Prix,mugello,raikkonen,RAI,alfa,13,77.059,76.854,,76.854,Q2
2020,9,2020-09-13,Tuscan Grand Prix,mugello,vettel,VET,ferrari,14,77.072,76.858,,76.858,Q2
2020,9,2020-09-13,Tuscan Grand Prix,mugello,grosjean,GRO,haas,15,77.069,77.254,,77.069,Q2
2020,9,2020-09-13,Tuscan Grand Prix,mugello,gasly,GAS,alphatauri,16,77.125,,,77.125,Q1
2020,9,2020-09-13,Tuscan Grand Prix,mugello,giovinazzi,GIO,alfa,17,77.22,,,77.22,Q1
2020,9,2020-09-13,Tuscan Grand Prix,mugello,russell,RUS,williams,18,77.232,,,77.232,Q1
2020,9,2020-09-13,Tuscan Grand Prix,mugello,latifi,LAT,williams,19,77.32,,,77.32,Q1
2020,9,2020-09-13,Tuscan Grand Prix,mugello,kevin_magnussen,MAG,haas,20,77.348,,,77.348,Q1
2020,10,2020-09-27,Russian Grand Prix,sochi,hamilton,HAM,mercedes,1,92.983,92.83500000000001,91.304,91.304,Q3
2020,10,2020-09-27,Russian Grand Prix,sochi,max_verstappen,VER,red_bull,2,93.63,93.157,91.867,91.867,Q3
2020,10,2020-09-27,Russian Grand Prix,sochi,bottas,BOT,mercedes,3,92.656,92.405,91.956,91.956,Q3
2020,10,2020-09-27,Russian Grand Prix,sochi,perez,PER,racing_point,4,93.70400000000001,93.038,92.31700000000001,92.31700000000001,Q3
2020,10,2020-09-27,Russian Grand Prix,sochi,ricciardo,RIC,renault,5,93.65,92.218,92.364,92.218,Q3
2020,10,2020-09-27,Russian Grand Prix,sochi,sainz,SAI,mclaren,6,93.967,92.757,92.55,92.55,Q3
2020,10,2020-09-27,Russian Grand Prix,sochi,ocon,OCO,renault,7,93.557,93.196,92.624,92.624,Q3
2020,10,2020-09-27,Russian Grand Prix,sochi,norris,NOR,mclaren,8,93.804,93.081,92.84700000000001,92.84700000000001,Q3
2020,10,2020-09-27,Russian Grand Prix,sochi,gasly,GAS,alphatauri,9,93.73400000000001,93.13900000000001,93.0,93.0,Q3
2020,10,2020-09-27,Russian Grand Prix,sochi,albon,ALB,red_bull,10,93.919,93.15299999999999,93.00800000000001,93.00800000000001,Q3
2020,10,2020-09-27,Russian Grand Prix,sochi,leclerc,LEC,ferrari,11,94.071,93.239,,93.239,Q2
2020,10,2020-09-27,Russian Grand Prix,sochi,kvyat,KVY,alphatauri,12,93.511,93.249,,93.249,Q2
2020,10,2020-09-27,Russian Grand Prix,sochi,stroll,STR,racing_point,13,93.852,93.364,,93.364,Q2
2020,10,2020-09-27,Russian Grand Prix,sochi,russell,RUS,williams,14,94.02000000000001,93.583,,93.583,Q2
2020,10,2020-09-27,Russian Grand Prix,sochi,vettel,VET,ferrari,15,94.134,93.60900000000001,,93.60900000000001,Q2
2020,10,2020-09-27,Russian Grand Prix,sochi,grosjean,GRO,haas,16,94.592,,,94.592,Q1
2020,10,2020-09-27,Russian Grand Prix,sochi,giovinazzi,GIO,alfa,17,94.594,,,94.594,Q1
2020,10,2020-09-27,Russian Grand Prix,sochi,kevin_magnussen,MAG,haas,18,94.681,,,94.681,Q1
2020,10,2020-09-27,Russian Grand Prix,sochi,latifi,LAT,williams,19,95.066,,,95.066,Q1
2020,10,2020-09-27,Russian Grand Prix,sochi,raikkonen,RAI,alfa,20,95.267,,,95.267,Q1
2020,11,2020-10-11,Eifel Grand Prix,nurburgring,bottas,BOT,mercedes,1,86.57300000000001,85.971,85.269,85.269,Q3
2020,11,2020-10-11,Eifel Grand Prix,nurburgring,hamilton,HAM,mercedes,2,86.62,85.39,85.525,85.39,Q3
2020,11,2020-10-11,Eifel Grand Prix,nurburgring,max_verstappen,VER,red_bull,3,86.319,85.467,85.562,85.467,Q3
2020,11,2020-10-11,Eifel Grand Prix,nurburgring,leclerc,LEC,ferrari,4,86.857,86.24,86.035,86.035,Q3
2020,11,2020-10-11,Eifel Grand Prix,nurburgring,albon,ALB,red_bull,5,87.126,86.285,86.047,86.047,Q3
2020,11,2020-10-11,Eifel Grand Prix,nurburgring,ricciardo,RIC,renault,6,86.836,86.096,86.223,86.096,Q3
2020,11,2020-10-11,Eifel Grand Prix,nurburgring,ocon,OCO,renault,7,87.086,86.364,86.242,86.242,Q3
2020,11,2020-10-11,Eifel Grand Prix,nurburgring,norris,NOR,mclaren,8,86.82900000000001,86.316,86.458,86.316,Q3
2020,11,2020-10-11,Eifel Grand Prix,nurburgring,perez,PER,racing_point,9,87.12,86.33,86.70400000000001,86.33,Q3
2020,11,2020-10-11,Eifel Grand Prix,nurburgring,sainz,SAI,mclaren,10,87.378,86.361,86.709,86.361,Q3
2020,11,2020-10-11,Eifel Grand Prix,nurburgring,vettel,VET,ferrari,11,87.107,86.738,,86.738,Q2
2020,11,2020-10-11,Eifel Grand Prix,nurburgring,gasly,GAS,alphatauri,12,87.072,86.776,,86.776,Q2
2020,11,2020-10-11,Eifel Grand Prix,nurburgring,kvyat,KVY,alphatauri,13,87.285,86.848,,86.848,Q2
2020,11,2020-10-11,Eifel Grand Prix,nurburgring,giovinazzi,GIO,alfa,14,87.532,86.936,,86.936,Q2
2020,11,2020-10-11,Eifel Grand Prix,nurburgring,kevin_magnussen,MAG,haas,15,87.231,87.125,,87.125,Q2
2020,11,2020-10-11,Eifel Grand Prix,nurburgring,grosjean,GRO,haas,16,87.55199999999999,,,87.55199999999999,Q1
2020,11,2020-10-11,Eifel Grand Prix,nurburgring,russell,RUS,williams,17,87.564,,,87.564,Q1
2020,11,2020-10-11,Eifel Grand Prix,nurburgring,latifi,LAT,williams,18,87.812,,,87.812,Q1
2020,11,2020-10-11,Eifel Grand Prix,nurburgring,raikkonen,RAI,alfa,19,87.81700000000001,,,87.81700000000001,Q1
2020,11,2020-10-11,Eifel Grand Prix,nurburgring,hulkenberg,HUL,racing_point,20,88.021,,,88.021,Q1
2020,12,2020-10-25,Portuguese Grand Prix,portimao,hamilton,HAM,mercedes,1,76.828,76.824,76.652,76.652,Q3
2020,12,2020-10-25,Portuguese Grand Prix,portimao,bottas,BOT,mercedes,2,76.945,76.46600000000001,76.754,76.46600000000001,Q3
2020,12,2020-10-25,Portuguese Grand Prix,portimao,max_verstappen,VER,red_bull,3,76.879,77.038,76.904,76.879,Q3
2020,12,2020-10-25,Portuguese Grand Prix,portimao,leclerc,LEC,ferrari,4,77.42099999999999,77.367,77.09,77.09,Q3
2020,12,2020-10-25,Portuguese Grand Prix,portimao,perez,PER,racing_point,5,77.37,77.129,77.223,77.129,Q3
2020,12,2020-10-25,Portuguese Grand Prix,portimao,albon,ALB,red_bull,6,77.435,77.411,77.437,77.411,Q3
2020,12,2020-10-25,Portuguese Grand Prix,portimao,sainz,SAI,mclaren,7,77.627,77.18299999999999,77.52,77.18299999999999,Q3
2020,12,2020-10-25,Portuguese Grand Prix,portimao,norris,NOR,mclaren,8,77.547,77.321,77.525,77.321,Q3
2020,12,2020-10-25,Portuguese Grand Prix,portimao,gasly,GAS,alphatauri,9,77.209,77.367,77.803,77.209,Q3
2020,12,2020-10-25,Portuguese Grand Prix,portimao,ricciardo,RIC,renault,10,77.621,77.481,,77.481,Q2
2020,12,2020-10-25,Portuguese Grand Prix,portimao,ocon,OCO,renault,11,77.775,77.614,,77.614,Q2
2020,12,2020-10-25,Portuguese Grand Prix,portimao,stroll,STR,racing_point,12,77.667,77.626,,77.626,Q2
2020,12,2020-10-25,Portuguese Grand Prix,portimao,kvyat,KVY,alphatauri,13,77.84100000000001,77.72800000000001,,77.72800000000001,Q2
2020,12,2020-10-25,Portuguese Grand Prix,portimao,russell,RUS,williams,14,77.931,77.788,,77.788,Q2
2020,12,2020-10-25,Portuguese Grand Prix,portimao,vettel,VET,ferrari,15,77.446,77.919,,77.446,Q2
2020,12,2020-10-25,Portuguese Grand Prix,portimao,raikkonen,RAI,alfa,16,78.201,,,78.201,Q1
2020,12,2020-10-25,Portuguese Grand Prix,portimao,giovinazzi,GIO,alfa,17,78.32300000000001,,,78.32300000000001,Q1
2020,12,2020-10-25,Portuguese Grand Prix,portimao,grosjean,GRO,haas,18,78.364,,,78.364,Q1
2020,12,2020-10-25,Portuguese Grand Prix,portimao,kevin_magnussen,MAG,haas,19,78.508,,,78.508,Q1
2020,12,2020-10-25,Portuguese Grand Prix,portimao,latifi,LAT,williams,20,78.777,,,78.777,Q1
2020,13,2020-11-01,Emilia Romagna Grand Prix,imola,bottas,BOT,mercedes,1,74.221,74.58500000000001,73.609,73.609,Q3
2020,13,2020-11-01,Emilia Romagna Grand Prix,imola,hamilton,HAM,mercedes,2,74.229,74.643,73.706,73.706,Q3
2020,13,2020-11-01,Emilia Romagna Grand Prix,imola,max_verstappen,VER,red_bull,3,75.034,74.974,74.176,74.176,Q3
2020,13,2020-11-01,Emilia Romagna Grand Prix,imola,gasly,GAS,alphatauri,4,75.18299999999999,74.681,74.502,74.502,Q3
2020,13,2020-11-01,Emilia Romagna Grand Prix,imola,ricciardo,RIC,renault,5,75.474,74.953,74.52,74.52,Q3
2020,13,2020-11-01,Emilia Romagna Grand Prix,imola,albon,ALB,red_bull,6,75.402,74.745,74.572,74.572,Q3
2020,13,2020-11-01,Emilia Romagna Grand Prix,imola,leclerc,LEC,ferrari,7,75.123,75.017,74.616,74.616,Q3
2020,13,2020-11-01,Emilia Romagna Grand Prix,imola,kvyat,KVY,alphatauri,8,75.412,75.022,74.696,74.696,Q3
2020,13,2020-11-01,Emilia Romagna Grand Prix,imola,norris,NOR,mclaren,9,75.274,75.051,74.814,74.814,Q3
2020,13,2020-11-01,Emilia Romagna Grand Prix,imola,sainz,SAI,mclaren,10,75.528,75.027,74.911,74.911,Q3
2020,13,2020-11-01,Emilia Romagna Grand Prix,imola,perez,PER,racing_point,11,75.407,75.061,,75.061,Q2
2020,13,2020-11-01,Emilia Romagna Grand Prix,imola,ocon,OCO,renault,12,75.352,75.201,,75.201,Q2
2020,13,2020-11-01,Emilia Romagna Grand Prix,imola,russell,RUS,williams,13,75.76,75.32300000000001,,75.32300000000001,Q2
2020,13,2020-11-01,Emilia Romagna Grand Prix,imola,vettel,VET,ferrari,14,75.571,75.385,,75.385,Q2
2020,13,2020-11-01,Emilia Romagna Grand Prix,imola,stroll,STR,racing_point,15,75.822,75.494,,75.494,Q2
2020,13,2020-11-01,Emilia Romagna Grand Prix,imola,grosjean,GRO,haas,16,75.918,,,75.918,Q1
2020,13,2020-11-01,Emilia Romagna Grand Prix,imola,kevin_magnussen,MAG,haas,17,75.939,,,75.939,Q1
2020,13,2020-11-01,Emilia Romagna Grand Prix,imola,raikkonen,RAI,alfa,18,75.953,,,75.953,Q1
2020,13,2020-11-01,Emilia Romagna Grand Prix,imola,latifi,LAT,williams,19,75.987,,,75.987,Q1
2020,13,2020-11-01,Emilia Romagna Grand Prix,imola,giovinazzi,GIO,alfa,20,76.208,,,76.208,Q1
2020,14,2020-11-15,Turkish Grand Prix,istanbul,stroll,STR,racing_point,1,127.467,113.372,107.765,107.765,Q3
2020,14,2020-11-15,Turkish Grand Prix,istanbul,max_verstappen,VER,red_bull,2,117.485,110.293,108.055,108.055,Q3
2020,14,2020-11-15,Turkish Grand Prix,istanbul,perez,PER,racing_point,3,127.614,114.09700000000001,109.321,109.321,Q3
2020,14,2020-11-15,Turkish Grand Prix,istanbul,albon,ALB,red_bull,4,119.431,112.282,110.44800000000001,110.44800000000001,Q3
2020,14,2020-11-15,Turkish Grand Prix,istanbul,ricciardo,RIC,renault,5,125.598,114.27799999999999,111.595,111.595,Q3
2020,14,2020-11-15,Turkish Grand Prix,istanbul,hamilton,HAM,mercedes,6,127.599,112.709,112.56,112.56,Q3
2020,14,2020-11-15,Turkish Grand Prix,istanbul,ocon,OCO,renault,7,126.115,113.657,112.622,112.622,Q3
2020,14,2020-11-15,Turkish Grand Prix,istanbul,raikkonen,RAI,alfa,8,121.249,113.793,112.745,112.745,Q3
2020,14,2020-11-15,Turkish Grand Prix,istanbul,bottas,BOT,mercedes,9,127.001,113.767,113.25800000000001,113.25800000000001,Q3
2020,14,2020-11-15,Turkish Grand Prix,istanbul,giovinazzi,GIO,alfa,10,127.341,113.431,117.226,113.431,Q3
2020,14,2020-11-15,Turkish Grand Prix,istanbul,norris,NOR,mclaren,11,127.167,114.945,,114.945,Q2
2020,14,2020-11-15,Turkish Grand Prix,istanbul,vettel,VET,ferrari,12,123.356,115.169,,115.169,Q2
2020,14,2020-11-15,Turkish Grand Prix,istanbul,sainz,SAI,mclaren,13,127.489,115.41,,115.41,Q2
2020,14,2020-11-15,Turkish Grand Prix,istanbul,leclerc,LEC,ferrari,14,124.464,116.696,,116.696,Q2
2020,14,2020-11-15,Turkish Grand Prix,istanbul,gasly,GAS,alphatauri,15,125.579,118.556,,118.556,Q2
2020,14,2020-11-15,Turkish Grand Prix,istanbul,kevin_magnussen,MAG,haas,16,128.007,,,128.007,Q1
2020,14,2020-11-15,Turkish Grand Prix,istanbul,kvyat,KVY,alphatauri,17,129.07,,,129.07,Q1
2020,14,2020-11-15,Turkish Grand Prix,istanbul,russell,RUS,williams,18,130.017,,,130.017,Q1
2020,14,2020-11-15,Turkish Grand Prix,istanbul,grosjean,GRO,haas,19,132.909,,,132.909,Q1
2020,14,2020-11-15,Turkish Grand Prix,istanbul,latifi,LAT,williams,20,141.611,,,141.611,Q1
2020,15,2020-11-29,Bahrain Grand Prix,bahrain,hamilton,HAM,mercedes,1,88.343,87.586,87.264,87.264,Q3
2020,15,2020-11-29,Bahrain Grand Prix,bahrain,bottas,BOT,mercedes,2,88.767,88.063,87.553,87.553,Q3
2020,15,2020-11-29,Bahrain Grand Prix,bahrain,max_verstappen,VER,red_bull,3,88.885,88.025,87.678,87.678,Q3
2020,15,2020-11-29,Bahrain Grand Prix,bahrain,albon,ALB,red_bull,4,88.732,88.749,88.274,88.274,Q3
2020,15,2020-11-29,Bahrain Grand Prix,bahrain,perez,PER,racing_point,5,89.178,88.894,88.322,88.322,Q3
2020,15,2020-11-29,Bahrain Grand Prix,bahrain,ricciardo,RIC,renault,6,89.005,88.648,88.417,88.417,Q3
2020,15,2020-11-29,Bahrain Grand Prix,bahrain,ocon,OCO,renault,7,89.203,88.937,88.419,88.419,Q3
2020,15,2020-11-29,Bahrain Grand Prix,bahrain,gasly,GAS,alphatauri,8,88.971,89.008,88.44800000000001,88.44800000000001,Q3
2020,15,2020-11-29,Bahrain Grand Prix,bahrain,norris,NOR,mclaren,9,89.464,88.877,88.542,88.542,Q3
2020,15,2020-11-29,Bahrain Grand Prix,bahrain,kvyat,KVY,alphatauri,10,89.158,88.944,88.618,88.618,Q3
2020,15,2020-11-29,Bahrain Grand Prix,bahrain,vettel,VET,ferrari,11,89.142,89.149,,89.142,Q2
2020,15,2020-11-29,Bahrain Grand Prix,bahrain,leclerc,LEC,ferrari,12,89.137,89.16499999999999,,89.137,Q2
2020,15,2020-11-29,Bahrain Grand Prix,bahrain,stroll,STR,racing_point,13,88.679,89.557,,88.679,Q2
2020,15,2020-11-29,Bahrain Grand Prix,bahrain,russell,RUS,williams,14,89.294,91.218,,89.294,Q2
2020,15,2020-11-29,Bahrain Grand Prix,bahrain,sainz,SAI,mclaren,15,88.975,,,88.975,Q1
2020,15,2020-11-29,Bahrain Grand Prix,bahrain,giovinazzi,GIO,alfa,16,89.491,,,89.491,Q1
2020,15,2020-11-29,Bahrain Grand Prix,bahrain,raikkonen,RAI,alfa,17,89.81,,,89.81,Q1
2020,15,2020-11-29,Bahrain Grand Prix,bahrain,kevin_magnussen,MAG,haas,18,90.111,,,90.111,Q1
2020,15,2020-11-29,Bahrain Grand Prix,bahrain,grosjean,GRO,haas,19,90.138,,,90.138,Q1
2020,15,2020-11-29,Bahrain Grand Prix,bahrain,latifi,LAT,williams,20,90.182,,,90.182,Q1
2020,16,2020-12-06,Sakhir Grand Prix,bahrain,bottas,BOT,mercedes,1,,,,,Q1
2020,16,2020-12-06,Sakhir Grand Prix,bahrain,russell,RUS,mercedes,2,,,,,Q1
2020,16,2020-12-06,Sakhir Grand Prix,bahrain,max_verstappen,VER,red_bull,3,,,,,Q1
2020,16,2020-12-06,Sakhir Grand Prix,bahrain,leclerc,LEC,ferrari,4,,,,,Q1
2020,16,2020-12-06,Sakhir Grand Prix,bahrain,perez,PER,racing_point,5,,,,,Q1
2020,16,2020-12-06,Sakhir Grand Prix,bahrain,kvyat,KVY,alphatauri,6,,,,,Q1
2020,16,2020-12-06,Sakhir Grand Prix,bahrain,ricciardo,RIC,renault,7,,,,,Q1
2020,16,2020-12-06,Sakhir Grand Prix,bahrain,sainz,SAI,mclaren,8,,,,,Q1
2020,16,2020-12-06,Sakhir Grand Prix,bahrain,gasly,GAS,alphatauri,9,,,,,Q1
2020,16,2020-12-06,Sakhir Grand Prix,bahrain,stroll,STR,racing_point,10,,,,,Q1
2020,16,2020-12-06,Sakhir Grand Prix,bahrain,ocon,OCO,renault,11,,,,,Q1
2020,16,2020-12-06,Sakhir Grand Prix,bahrain,albon,ALB,red_bull,12,,,,,Q1
2020,16,2020-12-06,Sakhir Grand Prix,bahrain,vettel,VET,ferrari,13,,,,,Q1
2020,16,2020-12-06,Sakhir Grand Prix,bahrain,giovinazzi,GIO,alfa,14,,,,,Q1
2020,16,2020-12-06,Sakhir Grand Prix,bahrain,norris,NOR,mclaren,15,,,,,Q1
2020,16,2020-12-06,Sakhir Grand Prix,bahrain,kevin_magnussen,MAG,haas,16,,,,,Q1
2020,16,2020-12-06,Sakhir Grand Prix,bahrain,latifi,LAT,williams,17,,,,,Q1
2020,16,2020-12-06,Sakhir Grand Prix,bahrain,aitken,AIT,williams,18,,,,,Q1
2020,16,2020-12-06,Sakhir Grand Prix,bahrain,raikkonen,RAI,alfa,19,,,,,Q1
2020,16,2020-12-06,Sakhir Grand Prix,bahrain,pietro_fittipaldi,FIT,haas,20,,,,,Q1
2020,17,2020-12-13,Abu Dhabi Grand Prix,yas_marina,max_verstappen,VER,red_bull,1,95.993,95.64099999999999,95.24600000000001,95.24600000000001,Q3
2020,17,2020-12-13,Abu Dhabi Grand Prix,yas_marina,bottas,BOT,mercedes,2,95.699,95.527,95.271,95.271,Q3
2020,17,2020-12-13,Abu Dhabi Grand Prix,yas_marina,hamilton,HAM,mercedes,3,95.52799999999999,95.46600000000001,95.332,95.332,Q3
2020,17,2020-12-13,Abu Dhabi Grand Prix,yas_marina,norris,NOR,mclaren,4,96.01599999999999,95.84899999999999,95.497,95.497,Q3
2020,17,2020-12-13,Abu Dhabi Grand Prix,yas_marina,albon,ALB,red_bull,5,96.106,95.654,95.571,95.571,Q3
2020,17,2020-12-13,Abu Dhabi Grand Prix,yas_marina,sainz,SAI,mclaren,6,96.517,96.19200000000001,95.815,95.815,Q3
2020,17,2020-12-13,Abu Dhabi Grand Prix,yas_marina,kvyat,KVY,alphatauri,7,96.459,96.214,95.963,95.963,Q3
2020,17,2020-12-13,Abu Dhabi Grand Prix,yas_marina,stroll,STR,racing_point,8,96.50200000000001,96.143,96.04599999999999,96.04599999999999,Q3
2020,17,2020-12-13,Abu Dhabi Grand Prix,yas_marina,leclerc,LEC,ferrari,9,95.881,95.932,96.065,95.881,Q3
2020,17,2020-12-13,Abu Dhabi Grand Prix,yas_marina,gasly,GAS,alphatauri,10,96.545,96.282,96.24199999999999,96.24199999999999,Q3
2020,17,2020-12-13,Abu Dhabi Grand Prix,yas_marina,ocon,OCO,renault,11,96.783,96.35900000000001,,96.35900000000001,Q2
2020,17,2020-12-13,Abu Dhabi Grand Prix,yas_marina,ricciardo,RIC,renault,12,96.70400000000001,96.406,,96.406,Q2
2020,17,2020-12-13,Abu Dhabi Grand Prix,yas_marina,vettel,VET,ferrari,13,96.655,96.631,,96.631,Q2
2020,17,2020-12-13,Abu Dhabi Grand Prix,yas_marina,giovinazzi,GIO,alfa,14,97.075,98.24799999999999,,97.075,Q2
2020,17,2020-12-13,Abu Dhabi Grand Prix,yas_marina,perez,PER,racing_point,15,96.03399999999999,,,96.03399999999999,Q1
2020,17,2020-12-13,Abu Dhabi Grand Prix,yas_marina,raikkonen,RAI,alfa,16,97.555,,,97.555,Q1
2020,17,2020-12-13,Abu Dhabi Grand Prix,yas_marina,kevin_magnussen,MAG,haas,17,97.863,,,97.863,Q1
2020,17,2020-12-13,Abu Dhabi Grand Prix,yas_marina,russell,RUS,williams,18,98.045,,,98.045,Q1
2020,17,2020-12-13,Abu Dhabi Grand Prix,yas_marina,pietro_fittipaldi,FIT,haas,19,98.173,,,98.173,Q1
2020,17,2020-12-13,Abu Dhabi Grand Prix,yas_marina,latifi,LAT,williams,20,98.443,,,98.443,Q1
2021,1,2021-03-28,Bahrain Grand Prix,bahrain,max_verstappen,VER,red_bull,1,90.499,90.318,88.997,88.997,Q3
2021,1,2021-03-28,Bahrain Grand Prix,bahrain,hamilton,HAM,mercedes,2,90.617,90.08500000000001,89.385,89.385,Q3
2021,1,2021-03-28,Bahrain Grand Prix,bahrain,bottas,BOT,mercedes,3,91.2,90.186,89.586,89.586,Q3
2021,1,2021-03-28,Bahrain Grand Prix,bahrain,leclerc,LEC,ferrari,4,90.691,90.01,89.678,89.678,Q3
2021,1,2021-03-28,Bahrain Grand Prix,bahrain,gasly,GAS,alphatauri,5,90.848,90.513,89.809,89.809,Q3
2021,1,2021-03-28,Bahrain Grand Prix,bahrain,ricciardo,RIC,mclaren,6,90.795,90.22200000000001,89.92699999999999,89.92699999999999,Q3
2021,1,2021-03-28,Bahrain Grand Prix,bahrain,norris,NOR,mclaren,7,90.902,90.099,89.974,89.974,Q3
2021,1,2021-03-28,Bahrain Grand Prix,bahrain,sainz,SAI,ferrari,8,91.65299999999999,90.009,90.215,90.009,Q3
2021,1,2021-03-28,Bahrain Grand Prix,bahrain,alonso,ALO,alpine,9,90.863,90.595,90.249,90.249,Q3
2021,1,2021-03-28,Bahrain Grand Prix,bahrain,stroll,STR,aston_martin,10,91.261,90.624,90.601,90.601,Q3
2021,1,2021-03-28,Bahrain Grand Prix,bahrain,perez,PER,red_bull,11,91.16499999999999,90.65899999999999,,90.65899999999999,Q2
2021,1,2021-03-28,Bahrain Grand Prix,bahrain,giovinazzi,GIO,alfa,12,90.998,90.708,,90.708,Q2
2021,1,2021-03-28,Bahrain Grand Prix,bahrain,tsunoda,TSU,alphatauri,13,90.607,91.203,,90.607,Q2
2021,1,2021-03-28,Bahrain Grand Prix,bahrain,raikkonen,RAI,alfa,14,91.547,91.238,,91.238,Q2
2021,1,2021-03-28,Bahrain Grand Prix,bahrain,russell,RUS,williams,15,91.316,93.43,,91.316,Q2
2021,1,2021-03-28,Bahrain Grand Prix,bahrain,ocon,OCO,alpine,16,91.724,,,91.724,Q1
2021,1,2021-03-28,Bahrain Grand Prix,bahrain,latifi,LAT,williams,17,91.936,,,91.936,Q1
2021,1,2021-03-28,Bahrain Grand Prix,bahrain,vettel,VET,aston_martin,18,92.056,,,92.056,Q1
2021,1,2021-03-28,Bahrain Grand Prix,bahrain,mick_schumacher,MSC,haas,19,92.449,,,92.449,Q1
2021,1,2021-03-28,Bahrain Grand Prix,bahrain,mazepin,MAZ,haas,20,93.273,,,93.273,Q1
2021,2,2021-04-18,Emilia Romagna Grand Prix,imola,hamilton,HAM,mercedes,1,74.82300000000001,74.81700000000001,74.411,74.411,Q3
2021,2,2021-04-18,Emilia Romagna Grand Prix,imola,perez,PER,red_bull,2,75.395,74.716,74.446,74.446,Q3
2021,2,2021-04-18,Emilia Romagna Grand Prix,imola,max_verstappen,VER,red_bull,3,75.109,74.884,74.498,74.498,Q3
2021,2,2021-04-18,Emilia Romagna Grand Prix,imola,leclerc,LEC,ferrari,4,75.413,74.80799999999999,74.74,74.74,Q3
2021,2,2021-04-18,Emilia Romagna Grand Prix,imola,gasly,GAS,alphatauri,5,75.548,74.92699999999999,74.78999999999999,74.78999999999999,Q3
2021,2,2021-04-18,Emilia Romagna Grand Prix,imola,ricciardo,RIC,mclaren,6,75.669,75.033,74.826,74.826,Q3
2021,2,2021-04-18,Emilia Romagna Grand Prix,imola,norris,NOR,mclaren,7,75.009,74.718,74.875,74.718,Q3
2021,2,2021-04-18,Emilia Romagna Grand Prix,imola,bottas,BOT,mercedes,8,74.672,74.905,74.898,74.672,Q3
2021,2,2021-04-18,Emilia Romagna Grand Prix,imola,ocon,OCO,alpine,9,75.385,75.117,75.21000000000001,75.117,Q3
2021,2,2021-04-18,Emilia Romagna Grand Prix,imola,stroll,STR,aston_martin,10,75.522,75.138,,75.138,Q2
2021,2,2021-04-18,Emilia Romagna Grand Prix,imola,sainz,SAI,ferrari,11,75.406,75.199,,75.199,Q2
2021,2,2021-04-18,Emilia Romagna Grand Prix,imola,russell,RUS,williams,12,75.826,75.261,,75.261,Q2
2021,2,2021-04-18,Emilia Romagna Grand Prix,imola,vettel,VET,aston_martin,13,75.459,75.394,,75.394,Q2
2021,2,2021-04-18,Emilia Romagna Grand Prix,imola,latifi,LAT,williams,14,75.653,75.593,,75.593,Q2
2021,2,2021-04-18,Emilia Romagna Grand Prix,imola,alonso,ALO,alpine,15,75.832,75.593,,75.593,Q2
2021,2,2021-04-18,Emilia Romagna Grand Prix,imola,raikkonen,RAI,alfa,16,75.974,,,75.974,Q1
2021,2,2021-04-18,Emilia Romagna Grand Prix,imola,giovinazzi,GIO,alfa,17,76.122,,,76.122,Q1
2021,2,2021-04-18,Emilia Romagna Grand Prix,imola,mick_schumacher,MSC,haas,18,76.279,,,76.279,Q1
2021,2,2021-04-18,Emilia Romagna Grand Prix,imola,mazepin,MAZ,haas,19,76.797,,,76.797,Q1
2021,2,2021-04-18,Emilia Romagna Grand Prix,imola,tsunoda,TSU,alphatauri,20,,,,,Q1
2021,3,2021-05-02,Portuguese Grand Prix,portimao,bottas,BOT,mercedes,1,78.72200000000001,78.458,78.348,78.348,Q3
2021,3,2021-05-02,Portuguese Grand Prix,portimao,hamilton,HAM,mercedes,2,78.857,77.968,78.355,77.968,Q3
2021,3,2021-05-02,Portuguese Grand Prix,portimao,max_verstappen,VER,red_bull,3,79.485,78.65,78.746,78.65,Q3
2021,3,2021-05-02,Portuguese Grand Prix,portimao,perez,PER,red_bull,4,79.337,78.845,78.89,78.845,Q3
2021,3,2021-05-02,Portuguese Grand Prix,portimao,sainz,SAI,ferrari,5,79.309,78.813,79.039,78.813,Q3
2021,3,2021-05-02,Portuguese Grand Prix,portimao,ocon,OCO,alpine,6,79.092,78.586,79.042,78.586,Q3
2021,3,2021-05-02,Portuguese Grand Prix,portimao,norris,NOR,mclaren,7,78.794,78.481,79.116,78.481,Q3
2021,3,2021-05-02,Portuguese Grand Prix,portimao,leclerc,LEC,ferrari,8,79.373,78.769,79.306,78.769,Q3
2021,3,2021-05-02,Portuguese Grand Prix,portimao,gasly,GAS,alphatauri,9,79.464,79.05199999999999,79.475,79.05199999999999,Q3
2021,3,2021-05-02,Portuguese Grand Prix,portimao,vettel,VET,aston_martin,10,79.40299999999999,78.97,79.65899999999999,78.97,Q3
2021,3,2021-05-02,Portuguese Grand Prix,portimao,russell,RUS,williams,11,79.797,79.10900000000001,,79.10900000000001,Q2
2021,3,2021-05-02,Portuguese Grand Prix,portimao,giovinazzi,GIO,alfa,12,79.41,79.21600000000001,,79.21600000000001,Q2
2021,3,2021-05-02,Portuguese Grand Prix,portimao,alonso,ALO,alpine,13,79.72800000000001,79.456,,79.456,Q2
2021,3,2021-05-02,Portuguese Grand Prix,portimao,tsunoda,TSU,alphatauri,14,79.684,79.463,,79.463,Q2
2021,3,2021-05-02,Portuguese Grand Prix,portimao,raikkonen,RAI,alfa,15,79.748,79.812,,79.748,Q2
2021,3,2021-05-02,Portuguese Grand Prix,portimao,ricciardo,RIC,mclaren,16,79.839,,,79.839,Q1
2021,3,2021-05-02,Portuguese Grand Prix,portimao,stroll,STR,aston_martin,17,79.913,,,79.913,Q1
2021,3,2021-05-02,Portuguese Grand Prix,portimao,latifi,LAT,williams,18,80.285,,,80.285,Q1
2021,3,2021-05-02,Portuguese Grand Prix,portimao,mick_schumacher,MSC,haas,19,80.452,,,80.452,Q1
2021,3,2021-05-02,Portuguese Grand Prix,portimao,mazepin,MAZ,haas,20,80.912,,,80.912,Q1
2021,4,2021-05-09,Spanish Grand Prix,catalunya,hamilton,HAM,mercedes,1,78.245,77.166,76.741,76.741,Q3
2021,4,2021-05-09,Spanish Grand Prix,catalunya,max_verstappen,VER,red_bull,2,78.09,76.922,76.777,76.777,Q3
2021,4,2021-05-09,Spanish Grand Prix,catalunya,bottas,BOT,mercedes,3,78.005,77.142,76.873,76.873,Q3
2021,4,2021-05-09,Spanish Grand Prix,catalunya,leclerc,LEC,ferrari,4,78.041,77.717,77.51,77.51,Q3
2021,4,2021-05-09,Spanish Grand Prix,catalunya,ocon,OCO,alpine,5,78.281,77.743,77.58,77.58,Q3
2021,4,2021-05-09,Spanish Grand Prix,catalunya,sainz,SAI,ferrari,6,78.205,77.656,77.62,77.62,Q3
2021,4,2021-05-09,Spanish Grand Prix,catalunya,ricciardo,RIC,mclaren,7,78.264,77.719,77.622,77.622,Q3
2021,4,2021-05-09,Spanish Grand Prix,catalunya,perez,PER,red_bull,8,78.203,77.669,77.701,77.669,Q3
2021,4,2021-05-09,Spanish Grand Prix,catalunya,norris,NOR,mclaren,9,77.821,77.696,78.01,77.696,Q3
2021,4,2021-05-09,Spanish Grand Prix,catalunya,alonso,ALO,alpine,10,78.281,77.96600000000001,78.14699999999999,77.96600000000001,Q3
2021,4,2021-05-09,Spanish Grand Prix,catalunya,stroll,STR,aston_martin,11,78.241,77.974,,77.974,Q2
2021,4,2021-05-09,Spanish Grand Prix,catalunya,gasly,GAS,alphatauri,12,78.19,77.982,,77.982,Q2
2021,4,2021-05-09,Spanish Grand Prix,catalunya,vettel,VET,aston_martin,13,78.289,78.07900000000001,,78.07900000000001,Q2
2021,4,2021-05-09,Spanish Grand Prix,catalunya,giovinazzi,GIO,alfa,14,78.549,78.356,,78.356,Q2
2021,4,2021-05-09,Spanish Grand Prix,catalunya,russell,RUS,williams,15,78.445,79.154,,78.445,Q2
2021,4,2021-05-09,Spanish Grand Prix,catalunya,tsunoda,TSU,alphatauri,16,78.556,,,78.556,Q1
2021,4,2021-05-09,Spanish Grand Prix,catalunya,raikkonen,RAI,alfa,17,78.917,,,78.917,Q1
2021,4,2021-05-09,Spanish Grand Prix,catalunya,mick_schumacher,MSC,haas,18,79.117,,,79.117,Q1
2021,4,2021-05-09,Spanish Grand Prix,catalunya,latifi,LAT,williams,19,79.219,,,79.219,Q1
2021,4,2021-05-09,Spanish Grand Prix,catalunya,mazepin,MAZ,haas,20,79.807,,,79.807,Q1
2021,5,2021-05-23,Monaco Grand Prix,monaco,leclerc,LEC,ferrari,1,71.113,70.597,70.346,70.346,Q3
2021,5,2021-05-23,Monaco Grand Prix,monaco,max_verstappen,VER,red_bull,2,71.124,70.65,70.576,70.576,Q3
2021,5,2021-05-23,Monaco Grand Prix,monaco,bottas,BOT,mercedes,3,70.938,70.695,70.601,70.601,Q3
2021,5,2021-05-23,Monaco Grand Prix,monaco,sainz,SAI,ferrari,4,71.324,70.806,70.611,70.611,Q3
2021,5,2021-05-23,Monaco Grand Prix,monaco,norris,NOR,mclaren,5,71.321,71.031,70.62,70.62,Q3
2021,5,2021-05-23,Monaco Grand Prix,monaco,gasly,GAS,alphatauri,6,71.56,71.179,70.9,70.9,Q3
2021,5,2021-05-23,Monaco Grand Prix,monaco,hamilton,HAM,mercedes,7,71.622,71.116,71.095,71.095,Q3
2021,5,2021-05-23,Monaco Grand Prix,monaco,vettel,VET,aston_martin,8,72.078,71.309,71.419,71.309,Q3
2021,5,2021-05-23,Monaco Grand Prix,monaco,perez,PER,red_bull,9,71.644,71.019,71.57300000000001,71.019,Q3
2021,5,2021-05-23,Monaco Grand Prix,monaco,giovinazzi,GIO,alfa,10,71.658,71.409,71.779,71.409,Q3
2021,5,2021-05-23,Monaco Grand Prix,monaco,ocon,OCO,alpine,11,71.74,71.486,,71.486,Q2
2021,5,2021-05-23,Monaco Grand Prix,monaco,ricciardo,RIC,mclaren,12,71.747,71.598,,71.598,Q2
2021,5,2021-05-23,Monaco Grand Prix,monaco,stroll,STR,aston_martin,13,71.979,71.6,,71.6,Q2
2021,5,2021-05-23,Monaco Grand Prix,monaco,raikkonen,RAI,alfa,14,71.899,71.642,,71.642,Q2
2021,5,2021-05-23,Monaco Grand Prix,monaco,russell,RUS,williams,15,72.016,71.83,,71.83,Q2
2021,5,2021-05-23,Monaco Grand Prix,monaco,tsunoda,TSU,alphatauri,16,72.096,,,72.096,Q1
2021,5,2021-05-23,Monaco Grand Prix,monaco,alonso,ALO,alpine,17,72.205,,,72.205,Q1
2021,5,2021-05-23,Monaco Grand Prix,monaco,latifi,LAT,williams,18,72.366,,,72.366,Q1
2021,5,2021-05-23,Monaco Grand Prix,monaco,mazepin,MAZ,haas,19,72.958,,,72.958,Q1
2021,6,2021-06-06,Azerbaijan Grand Prix,baku,leclerc,LEC,ferrari,1,102.241,101.65899999999999,101.218,101.218,Q3
2021,7,2021-06-20,French Grand Prix,ricard,max_verstappen,VER,red_bull,1,91.001,91.08,89.99,89.99,Q3
2021,7,2021-06-20,French Grand Prix,ricard,hamilton,HAM,mercedes,2,91.237,90.788,90.248,90.248,Q3
2021,7,2021-06-20,French Grand Prix,ricard,bottas,BOT,mercedes,3,91.669,90.735,90.376,90.376,Q3
2021,7,2021-06-20,French Grand Prix,ricard,perez,PER,red_bull,4,91.56,90.971,90.445,90.445,Q3
2021,7,2021-06-20,French Grand Prix,ricard,sainz,SAI,ferrari,5,92.07900000000001,91.146,90.84,90.84,Q3
2021,7,2021-06-20,French Grand Prix,ricard,gasly,GAS,alphatauri,6,91.898,91.35300000000001,90.868,90.868,Q3
2021,7,2021-06-20,French Grand Prix,ricard,leclerc,LEC,ferrari,7,92.209,91.56700000000001,90.987,90.987,Q3
2021,7,2021-06-20,French Grand Prix,ricard,norris,NOR,mclaren,8,91.733,91.542,91.252,91.252,Q3
2021,7,2021-06-20,French Grand Prix,ricard,alonso,ALO,alpine,9,92.158,91.549,91.34,91.34,Q3
2021,7,2021-06-20,French Grand Prix,ricard,ricciardo,RIC,mclaren,10,92.181,91.615,91.382,91.382,Q3
2021,7,2021-06-20,French Grand Prix,ricard,ocon,OCO,alpine,11,92.13900000000001,91.736,,91.736,Q2
2021,7,2021-06-20,French Grand Prix,ricard,vettel,VET,aston_martin,12,92.132,91.767,,91.767,Q2
2021,7,2021-06-20,French Grand Prix,ricard,giovinazzi,GIO,alfa,13,92.72200000000001,91.813,,91.813,Q2
2021,7,2021-06-20,French Grand Prix,ricard,russell,RUS,williams,14,93.06,92.065,,92.065,Q2
2021,7,2021-06-20,French Grand Prix,ricard,mick_schumacher,MSC,haas,15,92.94200000000001,,,92.94200000000001,Q1
2021,7,2021-06-20,French Grand Prix,ricard,latifi,LAT,williams,16,93.062,,,93.062,Q1
2021,7,2021-06-20,French Grand Prix,ricard,raikkonen,RAI,alfa,17,93.354,,,93.354,Q1
2021,7,2021-06-20,French Grand Prix,ricard,mazepin,MAZ,haas,18,93.554,,,93.554,Q1
2021,7,2021-06-20,French Grand Prix,ricard,stroll,STR,aston_martin,19,,,,,Q1
2021,7,2021-06-20,French Grand Prix,ricard,tsunoda,TSU,alphatauri,20,,,,,Q1
2021,8,2021-06-27,Styrian Grand Prix,red_bull_ring,max_verstappen,VER,red_bull,1,64.489,64.43299999999999,63.841,63.841,Q3
2021,8,2021-06-27,Styrian Grand Prix,red_bull_ring,bottas,BOT,mercedes,2,64.537,64.443,64.035,64.035,Q3
2021,8,2021-06-27,Styrian Grand Prix,red_bull_ring,hamilton,HAM,mercedes,3,64.672,64.512,64.06700000000001,64.06700000000001,Q3
2021,8,2021-06-27,Styrian Grand Prix,red_bull_ring,norris,NOR,mclaren,4,64.584,64.298,64.12,64.12,Q3
2021,8,2021-06-27,Styrian Grand Prix,red_bull_ring,perez,PER,red_bull,5,64.638,64.197,64.168,64.168,Q3
2021,8,2021-06-27,Styrian Grand Prix,red_bull_ring,gasly,GAS,alphatauri,6,64.765,64.429,64.236,64.236,Q3
2021,8,2021-06-27,Styrian Grand Prix,red_bull_ring,leclerc,LEC,ferrari,7,64.745,64.646,64.472,64.472,Q3
2021,8,2021-06-27,Styrian Grand Prix,red_bull_ring,tsunoda,TSU,alphatauri,8,64.608,64.631,64.514,64.514,Q3
2021,8,2021-06-27,Styrian Grand Prix,red_bull_ring,alonso,ALO,alpine,9,64.971,64.582,64.574,64.574,Q3
2021,8,2021-06-27,Styrian Grand Prix,red_bull_ring,stroll,STR,aston_martin,10,64.821,64.663,64.708,64.663,Q3
2021,8,2021-06-27,Styrian Grand Prix,red_bull_ring,russell,RUS,williams,11,65.033,64.671,,64.671,Q2
2021,8,2021-06-27,Styrian Grand Prix,red_bull_ring,sainz,SAI,ferrari,12,64.859,64.8,,64.8,Q2
2021,8,2021-06-27,Styrian Grand Prix,red_bull_ring,ricciardo,RIC,mclaren,13,65.142,64.80799999999999,,64.80799999999999,Q2
2021,8,2021-06-27,Styrian Grand Prix,red_bull_ring,vettel,VET,aston_martin,14,65.051,64.875,,64.875,Q2
2021,8,2021-06-27,Styrian Grand Prix,red_bull_ring,giovinazzi,GIO,alfa,15,65.092,64.913,,64.913,Q2
2021,8,2021-06-27,Styrian Grand Prix,red_bull_ring,latifi,LAT,williams,16,65.175,,,65.175,Q1
2021,8,2021-06-27,Styrian Grand Prix,red_bull_ring,ocon,OCO,alpine,17,65.217,,,65.217,Q1
2021,8,2021-06-27,Styrian Grand Prix,red_bull_ring,raikkonen,RAI,alfa,18,65.429,,,65.429,Q1
2021,8,2021-06-27,Styrian Grand Prix,red_bull_ring,mick_schumacher,MSC,haas,19,66.041,,,66.041,Q1
2021,8,2021-06-27,Styrian Grand Prix,red_bull_ring,mazepin,MAZ,haas,20,66.19200000000001,,,66.19200000000001,Q1
2021,9,2021-07-04,Austrian Grand Prix,red_bull_ring,max_verstappen,VER,red_bull,1,64.249,63.927,63.72,63.72,Q3
2021,9,2021-07-04,Austrian Grand Prix,red_bull_ring,norris,NOR,mclaren,2,64.345,64.415,63.768,63.768,Q3
2021,9,2021-07-04,Austrian Grand Prix,red_bull_ring,perez,PER,red_bull,3,64.833,64.483,63.99,63.99,Q3
2021,9,2021-07-04,Austrian Grand Prix,red_bull_ring,hamilton,HAM,mercedes,4,64.506,64.258,64.014,64.014,Q3
2021,9,2021-07-04,Austrian Grand Prix,red_bull_ring,bottas,BOT,mercedes,5,64.563,64.376,64.049,64.049,Q3
2021,9,2021-07-04,Austrian Grand Prix,red_bull_ring,gasly,GAS,alphatauri,6,64.841,64.412,64.107,64.107,Q3
2021,9,2021-07-04,Austrian Grand Prix,red_bull_ring,tsunoda,TSU,alphatauri,7,64.967,64.518,64.273,64.273,Q3
2021,9,2021-07-04,Austrian Grand Prix,red_bull_ring,vettel,VET,aston_martin,8,64.846,64.493,64.57,64.493,Q3
2021,9,2021-07-04,Austrian Grand Prix,red_bull_ring,russell,RUS,williams,9,64.907,64.553,64.591,64.553,Q3
2021,9,2021-07-04,Austrian Grand Prix,red_bull_ring,stroll,STR,aston_martin,10,64.92699999999999,64.547,64.618,64.547,Q3
2021,9,2021-07-04,Austrian Grand Prix,red_bull_ring,sainz,SAI,ferrari,11,64.596,64.559,,64.559,Q2
2021,9,2021-07-04,Austrian Grand Prix,red_bull_ring,leclerc,LEC,ferrari,12,64.906,64.6,,64.6,Q2
2021,9,2021-07-04,Austrian Grand Prix,red_bull_ring,ricciardo,RIC,mclaren,13,64.977,64.719,,64.719,Q2
2021,9,2021-07-04,Austrian Grand Prix,red_bull_ring,alonso,ALO,alpine,14,64.472,64.856,,64.472,Q2
2021,9,2021-07-04,Austrian Grand Prix,red_bull_ring,giovinazzi,GIO,alfa,15,64.782,65.083,,64.782,Q2
2021,9,2021-07-04,Austrian Grand Prix,red_bull_ring,raikkonen,RAI,alfa,16,65.009,,,65.009,Q1
2021,9,2021-07-04,Austrian Grand Prix,red_bull_ring,ocon,OCO,alpine,17,65.051,,,65.051,Q1
2021,9,2021-07-04,Austrian Grand Prix,red_bull_ring,latifi,LAT,williams,18,65.195,,,65.195,Q1
2021,9,2021-07-04,Austrian Grand Prix,red_bull_ring,mick_schumacher,MSC,haas,19,65.42699999999999,,,65.42699999999999,Q1
2021,9,2021-07-04,Austrian Grand Prix,red_bull_ring,mazepin,MAZ,haas,20,65.951,,,65.951,Q1
2021,10,2021-07-18,British Grand Prix,silverstone,hamilton,HAM,mercedes,1,86.786,86.023,86.134,86.023,Q3
2021,10,2021-07-18,British Grand Prix,silverstone,max_verstappen,VER,red_bull,2,86.751,86.315,86.209,86.209,Q3
2021,10,2021-07-18,British Grand Prix,silverstone,bottas,BOT,mercedes,3,87.487,86.764,86.328,86.328,Q3
2021,10,2021-07-18,British Grand Prix,silverstone,leclerc,LEC,ferrari,4,87.051,86.919,86.828,86.828,Q3
2021,10,2021-07-18,British Grand Prix,silverstone,perez,PER,red_bull,5,87.121,87.07300000000001,86.844,86.844,Q3
2021,10,2021-07-18,British Grand Prix,silverstone,norris,NOR,mclaren,6,87.444,87.22,86.89699999999999,86.89699999999999,Q3
2021,10,2021-07-18,British Grand Prix,silverstone,ricciardo,RIC,mclaren,7,87.32300000000001,87.125,86.899,86.899,Q3
2021,10,2021-07-18,British Grand Prix,silverstone,russell,RUS,williams,8,87.67099999999999,87.08,86.971,86.971,Q3
2021,10,2021-07-18,British Grand Prix,silverstone,sainz,SAI,ferrari,9,87.337,86.848,87.007,86.848,Q3
2021,10,2021-07-18,British Grand Prix,silverstone,vettel,VET,aston_martin,10,87.493,87.10300000000001,87.179,87.10300000000001,Q3
2021,10,2021-07-18,British Grand Prix,silverstone,alonso,ALO,alpine,11,87.58,87.245,,87.245,Q2
2021,10,2021-07-18,British Grand Prix,silverstone,gasly,GAS,alphatauri,12,87.6,87.273,,87.273,Q2
2021,10,2021-07-18,British Grand Prix,silverstone,ocon,OCO,alpine,13,87.41499999999999,87.34,,87.34,Q2
2021,10,2021-07-18,British Grand Prix,silverstone,giovinazzi,GIO,alfa,14,87.595,87.617,,87.595,Q2
2021,10,2021-07-18,British Grand Prix,silverstone,stroll,STR,aston_martin,15,88.017,87.66499999999999,,87.66499999999999,Q2
2021,10,2021-07-18,British Grand Prix,silverstone,tsunoda,TSU,alphatauri,16,88.043,,,88.043,Q1
2021,10,2021-07-18,British Grand Prix,silverstone,raikkonen,RAI,alfa,17,88.062,,,88.062,Q1
2021,10,2021-07-18,British Grand Prix,silverstone,latifi,LAT,williams,18,88.254,,,88.254,Q1
2021,10,2021-07-18,British Grand Prix,silverstone,mick_schumacher,MSC,haas,19,88.738,,,88.738,Q1
2021,10,2021-07-18,British Grand Prix,silverstone,mazepin,MAZ,haas,20,89.051,,,89.051,Q1
2021,11,2021-08-01,Hungarian Grand Prix,hungaroring,hamilton,HAM,mercedes,1,76.424,76.553,75.419,75.419,Q3
2021,12,2021-08-29,Belgian Grand Prix,spa,max_verstappen,VER,red_bull,1,118.717,116.559,119.765,116.559,Q3
2021,12,2021-08-29,Belgian Grand Prix,spa,russell,RUS,williams,2,119.864,116.95,120.086,116.95,Q3
2021,12,2021-08-29,Belgian Grand Prix,spa,hamilton,HAM,mercedes,3,119.218,116.229,120.099,116.229,Q3
2021,12,2021-08-29,Belgian Grand Prix,spa,ricciardo,RIC,mclaren,4,121.583,117.12700000000001,120.864,117.12700000000001,Q3
2021,12,2021-08-29,Belgian Grand Prix,spa,vettel,VET,aston_martin,5,120.175,116.814,120.935,116.814,Q3
2021,12,2021-08-29,Belgian Grand Prix,spa,gasly,GAS,alphatauri,6,120.387,116.44,121.164,116.44,Q3
2021,12,2021-08-29,Belgian Grand Prix,spa,perez,PER,red_bull,7,119.334,116.886,122.112,116.886,Q3
2021,12,2021-08-29,Belgian Grand Prix,spa,bottas,BOT,mercedes,8,119.87,116.295,122.502,116.295,Q3
2021,12,2021-08-29,Belgian Grand Prix,spa,ocon,OCO,alpine,9,121.824,117.354,123.513,117.354,Q3
2021,12,2021-08-29,Belgian Grand Prix,spa,norris,NOR,mclaren,10,118.301,116.025,,116.025,Q2
2021,12,2021-08-29,Belgian Grand Prix,spa,leclerc,LEC,ferrari,11,120.728,117.721,,117.721,Q2
2021,12,2021-08-29,Belgian Grand Prix,spa,latifi,LAT,williams,12,120.966,118.056,,118.056,Q2
2021,12,2021-08-29,Belgian Grand Prix,spa,sainz,SAI,ferrari,13,121.184,118.137,,118.137,Q2
2021,12,2021-08-29,Belgian Grand Prix,spa,alonso,ALO,alpine,14,121.653,118.205,,118.205,Q2
2021,12,2021-08-29,Belgian Grand Prix,spa,stroll,STR,aston_martin,15,121.597,118.231,,118.231,Q2
2021,12,2021-08-29,Belgian Grand Prix,spa,giovinazzi,GIO,alfa,16,122.306,,,122.306,Q1
2021,12,2021-08-29,Belgian Grand Prix,spa,tsunoda,TSU,alphatauri,17,122.413,,,122.413,Q1
2021,12,2021-08-29,Belgian Grand Prix,spa,mick_schumacher,MSC,haas,18,123.973,,,123.973,Q1
2021,12,2021-08-29,Belgian Grand Prix,spa,raikkonen,RAI,alfa,19,124.452,,,124.452,Q1
2021,12,2021-08-29,Belgian Grand Prix,spa,mazepin,MAZ,haas,20,124.939,,,124.939,Q1
2021,13,2021-09-05,Dutch Grand Prix,zandvoort,max_verstappen,VER,red_bull,1,70.036,69.071,68.885,68.885,Q3
2021,13,2021-09-05,Dutch Grand Prix,zandvoort,hamilton,HAM,mercedes,2,70.114,69.726,68.923,68.923,Q3
2021,13,2021-09-05,Dutch Grand Prix,zandvoort,bottas,BOT,mercedes,3,70.219,69.769,69.222,69.222,Q3
2021,13,2021-09-05,Dutch Grand Prix,zandvoort,gasly,GAS,alphatauri,4,70.274,69.541,69.478,69.478,Q3
2021,13,2021-09-05,Dutch Grand Prix,zandvoort,leclerc,LEC,ferrari,5,69.82900000000001,69.437,69.527,69.437,Q3
2021,13,2021-09-05,Dutch Grand Prix,zandvoort,sainz,SAI,ferrari,6,70.022,69.87,69.537,69.537,Q3
2021,13,2021-09-05,Dutch Grand Prix,zandvoort,giovinazzi,GIO,alfa,7,70.05,70.033,69.59,69.59,Q3
2021,13,2021-09-05,Dutch Grand Prix,zandvoort,ocon,OCO,alpine,8,70.179,69.919,69.93299999999999,69.919,Q3
2021,13,2021-09-05,Dutch Grand Prix,zandvoort,alonso,ALO,alpine,9,70.435,70.02,69.956,69.956,Q3
2021,13,2021-09-05,Dutch Grand Prix,zandvoort,ricciardo,RIC,mclaren,10,70.255,69.865,70.166,69.865,Q3
2021,13,2021-09-05,Dutch Grand Prix,zandvoort,russell,RUS,williams,11,70.382,70.332,,70.332,Q2
2021,13,2021-09-05,Dutch Grand Prix,zandvoort,stroll,STR,aston_martin,12,70.438,70.367,,70.367,Q2
2021,13,2021-09-05,Dutch Grand Prix,zandvoort,norris,NOR,mclaren,13,70.489,70.406,,70.406,Q2
2021,13,2021-09-05,Dutch Grand Prix,zandvoort,latifi,LAT,williams,14,70.093,71.161,,70.093,Q2
2021,13,2021-09-05,Dutch Grand Prix,zandvoort,tsunoda,TSU,alphatauri,15,70.462,71.314,,70.462,Q2
2021,13,2021-09-05,Dutch Grand Prix,zandvoort,perez,PER,red_bull,16,70.53,,,70.53,Q1
2021,13,2021-09-05,Dutch Grand Prix,zandvoort,vettel,VET,aston_martin,17,70.731,,,70.731,Q1
2021,13,2021-09-05,Dutch Grand Prix,zandvoort,kubica,KUB,alfa,18,71.301,,,71.301,Q1
2021,13,2021-09-05,Dutch Grand Prix,zandvoort,mick_schumacher,MSC,haas,19,71.387,,,71.387,Q1
2021,13,2021-09-05,Dutch Grand Prix,zandvoort,mazepin,MAZ,haas,20,71.875,,,71.875,Q1
2021,14,2021-09-12,Italian Grand Prix,monza,bottas,BOT,mercedes,1,80.685,80.032,79.555,79.555,Q3
2021,14,2021-09-12,Italian Grand Prix,monza,hamilton,HAM,mercedes,2,80.543,79.936,79.651,79.651,Q3
2021,14,2021-09-12,Italian Grand Prix,monza,max_verstappen,VER,red_bull,3,81.035,80.229,79.96600000000001,79.96600000000001,Q3
2021,14,2021-09-12,Italian Grand Prix,monza,norris,NOR,mclaren,4,80.916,80.059,79.989,79.989,Q3
2021,14,2021-09-12,Italian Grand Prix,monza,ricciardo,RIC,mclaren,5,81.292,80.435,79.995,79.995,Q3
2021,14,2021-09-12,Italian Grand Prix,monza,gasly,GAS,alphatauri,6,81.44,80.556,80.26,80.26,Q3
2021,14,2021-09-12,Italian Grand Prix,monza,sainz,SAI,ferrari,7,81.118,80.75,80.462,80.462,Q3
2021,14,2021-09-12,Italian Grand Prix,monza,leclerc,LEC,ferrari,8,81.219,80.767,80.51,80.51,Q3
2021,14,2021-09-12,Italian Grand Prix,monza,perez,PER,red_bull,9,81.30799999999999,80.882,80.611,80.611,Q3
2021,14,2021-09-12,Italian Grand Prix,monza,giovinazzi,GIO,alfa,10,81.197,80.726,80.80799999999999,80.726,Q3
2021,14,2021-09-12,Italian Grand Prix,monza,vettel,VET,aston_martin,11,81.394,80.913,,80.913,Q2
2021,14,2021-09-12,Italian Grand Prix,monza,stroll,STR,aston_martin,12,81.41499999999999,81.02,,81.02,Q2
2021,14,2021-09-12,Italian Grand Prix,monza,alonso,ALO,alpine,13,81.487,81.069,,81.069,Q2
2021,14,2021-09-12,Italian Grand Prix,monza,ocon,OCO,alpine,14,81.5,81.10300000000001,,81.10300000000001,Q2
2021,14,2021-09-12,Italian Grand Prix,monza,russell,RUS,williams,15,81.89,81.392,,81.392,Q2
2021,14,2021-09-12,Italian Grand Prix,monza,latifi,LAT,williams,16,81.925,,,81.925,Q1
2021,14,2021-09-12,Italian Grand Prix,monza,tsunoda,TSU,alphatauri,17,81.973,,,81.973,Q1
2021,14,2021-09-12,Italian Grand Prix,monza,mick_schumacher,MSC,haas,18,82.248,,,82.248,Q1
2021,14,2021-09-12,Italian Grand Prix,monza,kubica,KUB,alfa,19,82.53,,,82.53,Q1
2021,14,2021-09-12,Italian Grand Prix,monza,mazepin,MAZ,haas,20,82.71600000000001,,,82.71600000000001,Q1
2021,15,2021-09-26,Russian Grand Prix,sochi,norris,NOR,mclaren,1,107.238,105.827,101.993,101.993,Q3
2021,15,2021-09-26,Russian Grand Prix,sochi,sainz,SAI,ferrari,2,107.924,106.521,102.50999999999999,102.50999999999999,Q3
2021,15,2021-09-26,Russian Grand Prix,sochi,russell,RUS,williams,3,108.303,106.435,102.983,102.983,Q3
2021,15,2021-09-26,Russian Grand Prix,sochi,hamilton,HAM,mercedes,4,105.99199999999999,105.12899999999999,104.05,104.05,Q3
2021,15,2021-09-26,Russian Grand Prix,sochi,ricciardo,RIC,mclaren,5,108.345,106.36099999999999,104.156,104.156,Q3
2021,15,2021-09-26,Russian Grand Prix,sochi,alonso,ALO,alpine,6,107.87700000000001,105.51400000000001,104.20400000000001,104.20400000000001,Q3
2021,15,2021-09-26,Russian Grand Prix,sochi,bottas,BOT,mercedes,7,106.396,105.306,104.71000000000001,104.71000000000001,Q3
2021,15,2021-09-26,Russian Grand Prix,sochi,stroll,STR,aston_martin,8,108.322,106.36,104.956,104.956,Q3
2021,15,2021-09-26,Russian Grand Prix,sochi,perez,PER,red_bull,9,106.455,105.834,105.337,105.337,Q3
2021,15,2021-09-26,Russian Grand Prix,sochi,ocon,OCO,alpine,10,108.09899999999999,106.07,105.86500000000001,105.86500000000001,Q3
2021,15,2021-09-26,Russian Grand Prix,sochi,vettel,VET,aston_martin,11,107.205,106.57300000000001,,106.57300000000001,Q2
2021,15,2021-09-26,Russian Grand Prix,sochi,gasly,GAS,alphatauri,12,107.828,106.64099999999999,,106.64099999999999,Q2
2021,15,2021-09-26,Russian Grand Prix,sochi,tsunoda,TSU,alphatauri,13,108.854,106.751,,106.751,Q2
2021,15,2021-09-26,Russian Grand Prix,sochi,latifi,LAT,williams,14,108.25200000000001,,,108.25200000000001,Q1
2021,15,2021-09-26,Russian Grand Prix,sochi,leclerc,LEC,ferrari,15,108.47,,,108.47,Q1
2021,15,2021-09-26,Russian Grand Prix,sochi,raikkonen,RAI,alfa,16,109.586,,,109.586,Q1
2021,15,2021-09-26,Russian Grand Prix,sochi,mick_schumacher,MSC,haas,17,109.83,,,109.83,Q1
2021,15,2021-09-26,Russian Grand Prix,sochi,giovinazzi,GIO,alfa,18,111.023,,,111.023,Q1
2021,15,2021-09-26,Russian Grand Prix,sochi,mazepin,MAZ,haas,19,113.76400000000001,,,113.76400000000001,Q1
2021,15,2021-09-26,Russian Grand Prix,sochi,max_verstappen,VER,red_bull,20,,,,,Q1
2021,16,2021-10-10,Turkish Grand Prix,istanbul,hamilton,HAM,mercedes,1,84.58500000000001,83.082,82.868,82.868,Q3
2021,17,2021-10-24,United States Grand Prix,americas,max_verstappen,VER,red_bull,1,94.352,93.464,92.91,92.91,Q3
2021,17,2021-10-24,United States Grand Prix,americas,hamilton,HAM,mercedes,2,94.57900000000001,93.797,93.119,93.119,Q3
2021,17,2021-10-24,United States Grand Prix,americas,perez,PER,red_bull,3,94.369,94.178,93.134,93.134,Q3
2021,17,2021-10-24,United States Grand Prix,americas,bottas,BOT,mercedes,4,94.59,93.959,93.475,93.475,Q3
2021,17,2021-10-24,United States Grand Prix,americas,leclerc,LEC,ferrari,5,94.15299999999999,93.928,93.606,93.606,Q3
2021,17,2021-10-24,United States Grand Prix,americas,sainz,SAI,ferrari,6,94.55799999999999,94.126,93.792,93.792,Q3
2021,17,2021-10-24,United States Grand Prix,americas,ricciardo,RIC,mclaren,7,94.407,94.643,93.80799999999999,93.80799999999999,Q3
2021,17,2021-10-24,United States Grand Prix,americas,norris,NOR,mclaren,8,94.551,93.88,93.887,93.88,Q3
2021,17,2021-10-24,United States Grand Prix,americas,gasly,GAS,alphatauri,9,94.56700000000001,94.583,94.118,94.118,Q3
2021,17,2021-10-24,United States Grand Prix,americas,tsunoda,TSU,alphatauri,10,95.36,95.137,94.918,94.918,Q3
2021,17,2021-10-24,United States Grand Prix,americas,ocon,OCO,alpine,11,95.747,95.37700000000001,,95.37700000000001,Q2
2021,17,2021-10-24,United States Grand Prix,americas,vettel,VET,aston_martin,12,95.281,95.5,,95.281,Q2
2021,17,2021-10-24,United States Grand Prix,americas,giovinazzi,GIO,alfa,13,95.92,95.794,,95.794,Q2
2021,17,2021-10-24,United States Grand Prix,americas,alonso,ALO,alpine,14,95.756,104.549,,95.756,Q2
2021,17,2021-10-24,United States Grand Prix,americas,russell,RUS,williams,15,95.74600000000001,,,95.74600000000001,Q1
2021,17,2021-10-24,United States Grand Prix,americas,stroll,STR,aston_martin,16,95.983,,,95.983,Q1
2021,17,2021-10-24,United States Grand Prix,americas,latifi,LAT,williams,17,95.995,,,95.995,Q1
2021,17,2021-10-24,United States Grand Prix,americas,raikkonen,RAI,alfa,18,96.311,,,96.311,Q1
2021,17,2021-10-24,United States Grand Prix,americas,mick_schumacher,MSC,haas,19,96.499,,,96.499,Q1
2021,17,2021-10-24,United States Grand Prix,americas,mazepin,MAZ,haas,20,96.79599999999999,,,96.79599999999999,Q1
2021,18,2021-11-07,Mexico City Grand Prix,rodriguez,bottas,BOT,mercedes,1,76.727,76.864,75.875,75.875,Q3
2021,18,2021-11-07,Mexico City Grand Prix,rodriguez,hamilton,HAM,mercedes,2,77.207,76.474,76.02,76.02,Q3
2021,18,2021-11-07,Mexico City Grand Prix,rodriguez,max_verstappen,VER,red_bull,3,76.788,76.483,76.225,76.225,Q3
2021,18,2021-11-07,Mexico City Grand Prix,rodriguez,perez,PER,red_bull,4,77.003,77.055,76.342,76.342,Q3
2021,18,2021-11-07,Mexico City Grand Prix,rodriguez,gasly,GAS,alphatauri,5,76.908,76.955,76.456,76.456,Q3
2021,18,2021-11-07,Mexico City Grand Prix,rodriguez,sainz,SAI,ferrari,6,77.517,77.248,76.761,76.761,Q3
2021,18,2021-11-07,Mexico City Grand Prix,rodriguez,ricciardo,RIC,mclaren,7,77.719,77.092,76.763,76.763,Q3
2021,18,2021-11-07,Mexico City Grand Prix,rodriguez,leclerc,LEC,ferrari,8,76.748,77.03399999999999,76.837,76.748,Q3
2021,18,2021-11-07,Mexico City Grand Prix,rodriguez,tsunoda,TSU,alphatauri,9,77.33,76.701,77.158,76.701,Q3
2021,18,2021-11-07,Mexico City Grand Prix,rodriguez,norris,NOR,mclaren,10,77.569,77.473,96.83,77.473,Q3
2021,18,2021-11-07,Mexico City Grand Prix,rodriguez,vettel,VET,aston_martin,11,77.502,77.746,,77.502,Q2
2021,18,2021-11-07,Mexico City Grand Prix,rodriguez,raikkonen,RAI,alfa,12,77.606,77.958,,77.606,Q2
2021,18,2021-11-07,Mexico City Grand Prix,rodriguez,russell,RUS,williams,13,77.958,78.172,,77.958,Q2
2021,18,2021-11-07,Mexico City Grand Prix,rodriguez,giovinazzi,GIO,alfa,14,77.89699999999999,78.28999999999999,,77.89699999999999,Q2
2021,18,2021-11-07,Mexico City Grand Prix,rodriguez,ocon,OCO,alpine,15,78.126,78.405,,78.126,Q2
2021,18,2021-11-07,Mexico City Grand Prix,rodriguez,alonso,ALO,alpine,16,78.452,,,78.452,Q1
2021,18,2021-11-07,Mexico City Grand Prix,rodriguez,latifi,LAT,williams,17,78.756,,,78.756,Q1
2021,18,2021-11-07,Mexico City Grand Prix,rodriguez,mick_schumacher,MSC,haas,18,78.858,,,78.858,Q1
2021,18,2021-11-07,Mexico City Grand Prix,rodriguez,mazepin,MAZ,haas,19,79.303,,,79.303,Q1
2021,18,2021-11-07,Mexico City Grand Prix,rodriguez,stroll,STR,aston_martin,20,80.873,,,80.873,Q1
2021,19,2021-11-14,São Paulo Grand Prix,interlagos,hamilton,HAM,mercedes,1,68.733,68.068,67.934,67.934,Q3
2021,19,2021-11-14,São Paulo Grand Prix,interlagos,max_verstappen,VER,red_bull,2,69.32900000000001,68.499,68.372,68.372,Q3
2021,19,2021-11-14,São Paulo Grand Prix,interlagos,bottas,BOT,mercedes,3,69.03999999999999,68.426,68.469,68.426,Q3
2021,19,2021-11-14,São Paulo Grand Prix,interlagos,perez,PER,red_bull,4,69.172,68.973,68.483,68.483,Q3
2021,19,2021-11-14,São Paulo Grand Prix,interlagos,gasly,GAS,alphatauri,5,69.347,68.903,68.777,68.777,Q3
2021,19,2021-11-14,São Paulo Grand Prix,interlagos,sainz,SAI,ferrari,6,69.04599999999999,69.031,68.826,68.826,Q3
2021,19,2021-11-14,São Paulo Grand Prix,interlagos,leclerc,LEC,ferrari,7,69.155,68.859,68.96000000000001,68.859,Q3
2021,19,2021-11-14,São Paulo Grand Prix,interlagos,norris,NOR,mclaren,8,69.365,69.03,68.98,68.98,Q3
2021,19,2021-11-14,São Paulo Grand Prix,interlagos,ricciardo,RIC,mclaren,9,69.374,69.093,69.039,69.039,Q3
2021,19,2021-11-14,São Paulo Grand Prix,interlagos,alonso,ALO,alpine,10,69.391,69.137,69.113,69.113,Q3
2021,19,2021-11-14,São Paulo Grand Prix,interlagos,ocon,OCO,alpine,11,69.43,69.189,,69.189,Q2
2021,19,2021-11-14,São Paulo Grand Prix,interlagos,vettel,VET,aston_martin,12,69.451,69.399,,69.399,Q2
2021,19,2021-11-14,São Paulo Grand Prix,interlagos,tsunoda,TSU,alphatauri,13,69.35,69.483,,69.35,Q2
2021,19,2021-11-14,São Paulo Grand Prix,interlagos,raikkonen,RAI,alfa,14,69.598,69.503,,69.503,Q2
2021,19,2021-11-14,São Paulo Grand Prix,interlagos,giovinazzi,GIO,alfa,15,69.342,70.227,,69.342,Q2
2021,19,2021-11-14,São Paulo Grand Prix,interlagos,stroll,STR,aston_martin,16,69.663,,,69.663,Q1
2021,19,2021-11-14,São Paulo Grand Prix,interlagos,latifi,LAT,williams,17,69.897,,,69.897,Q1
2021,19,2021-11-14,São Paulo Grand Prix,interlagos,russell,RUS,williams,18,69.953,,,69.953,Q1
2021,19,2021-11-14,São Paulo Grand Prix,interlagos,mick_schumacher,MSC,haas,19,70.32900000000001,,,70.32900000000001,Q1
2021,19,2021-11-14,São Paulo Grand Prix,interlagos,mazepin,MAZ,haas,20,70.589,,,70.589,Q1
2021,20,2021-11-21,Qatar Grand Prix,losail,hamilton,HAM,mercedes,1,81.901,81.682,80.827,80.827,Q3
2021,20,2021-11-21,Qatar Grand Prix,losail,max_verstappen,VER,red_bull,2,81.996,81.98400000000001,81.282,81.282,Q3
2021,20,2021-11-21,Qatar Grand Prix,losail,bottas,BOT,mercedes,3,82.01599999999999,81.991,81.47800000000001,81.47800000000001,Q3
2021,20,2021-11-21,Qatar Grand Prix,losail,gasly,GAS,alphatauri,4,82.535,81.72800000000001,81.64,81.64,Q3
2021,20,2021-11-21,Qatar Grand Prix,losail,alonso,ALO,alpine,5,82.422,81.894,81.67,81.67,Q3
2021,20,2021-11-21,Qatar Grand Prix,losail,norris,NOR,mclaren,6,82.839,82.21600000000001,81.731,81.731,Q3
2021,20,2021-11-21,Qatar Grand Prix,losail,sainz,SAI,ferrari,7,82.304,82.241,81.84,81.84,Q3
2021,20,2021-11-21,Qatar Grand Prix,losail,tsunoda,TSU,alphatauri,8,82.458,82.05799999999999,81.881,81.881,Q3
2021,20,2021-11-21,Qatar Grand Prix,losail,ocon,OCO,alpine,9,82.565,82.012,82.02799999999999,82.012,Q3
2021,20,2021-11-21,Qatar Grand Prix,losail,vettel,VET,aston_martin,10,82.549,82.146,82.785,82.146,Q3
2021,20,2021-11-21,Qatar Grand Prix,losail,perez,PER,red_bull,11,82.398,82.346,,82.346,Q2
2021,20,2021-11-21,Qatar Grand Prix,losail,stroll,STR,aston_martin,12,82.551,82.46000000000001,,82.46000000000001,Q2
2021,20,2021-11-21,Qatar Grand Prix,losail,leclerc,LEC,ferrari,13,82.742,82.463,,82.463,Q2
2021,20,2021-11-21,Qatar Grand Prix,losail,ricciardo,RIC,mclaren,14,82.688,82.59700000000001,,82.59700000000001,Q2
2021,20,2021-11-21,Qatar Grand Prix,losail,russell,RUS,williams,15,82.863,82.756,,82.756,Q2
2021,20,2021-11-21,Qatar Grand Prix,losail,raikkonen,RAI,alfa,16,83.156,,,83.156,Q1
2021,20,2021-11-21,Qatar Grand Prix,losail,latifi,LAT,williams,17,83.213,,,83.213,Q1
2021,20,2021-11-21,Qatar Grand Prix,losail,giovinazzi,GIO,alfa,18,83.262,,,83.262,Q1
2021,20,2021-11-21,Qatar Grand Prix,losail,mick_schumacher,MSC,haas,19,83.407,,,83.407,Q1
2021,20,2021-11-21,Qatar Grand Prix,losail,mazepin,MAZ,haas,20,85.85900000000001,,,85.85900000000001,Q1
2021,21,2021-12-05,Saudi Arabian Grand Prix,jeddah,hamilton,HAM,mercedes,1,88.46600000000001,87.712,87.511,87.511,Q3
2021,22,2021-12-12,Abu Dhabi Grand Prix,yas_marina,max_verstappen,VER,red_bull,1,83.322,82.8,82.10900000000001,82.10900000000001,Q3
2021,22,2021-12-12,Abu Dhabi Grand Prix,yas_marina,hamilton,HAM,mercedes,2,82.845,83.145,82.48,82.48,Q3
2021,22,2021-12-12,Abu Dhabi Grand Prix,yas_marina,norris,NOR,mclaren,3,83.553,83.256,82.931,82.931,Q3
2021,22,2021-12-12,Abu Dhabi Grand Prix,yas_marina,perez,PER,red_bull,4,83.35,83.135,82.947,82.947,Q3
2021,22,2021-12-12,Abu Dhabi Grand Prix,yas_marina,sainz,SAI,ferrari,5,83.624,83.174,82.992,82.992,Q3
2021,22,2021-12-12,Abu Dhabi Grand Prix,yas_marina,bottas,BOT,mercedes,6,83.117,83.246,83.036,83.036,Q3
2021,22,2021-12-12,Abu Dhabi Grand Prix,yas_marina,leclerc,LEC,ferrari,7,83.467,83.202,83.122,83.122,Q3
2021,22,2021-12-12,Abu Dhabi Grand Prix,yas_marina,tsunoda,TSU,alphatauri,8,83.428,83.404,83.22,83.22,Q3
2021,22,2021-12-12,Abu Dhabi Grand Prix,yas_marina,ocon,OCO,alpine,9,83.764,83.42,83.389,83.389,Q3
2021,22,2021-12-12,Abu Dhabi Grand Prix,yas_marina,ricciardo,RIC,mclaren,10,83.82900000000001,83.44800000000001,83.40899999999999,83.40899999999999,Q3
2021,22,2021-12-12,Abu Dhabi Grand Prix,yas_marina,alonso,ALO,alpine,11,83.846,83.46000000000001,,83.46000000000001,Q2
2021,22,2021-12-12,Abu Dhabi Grand Prix,yas_marina,gasly,GAS,alphatauri,12,83.489,84.043,,83.489,Q2
2021,22,2021-12-12,Abu Dhabi Grand Prix,yas_marina,stroll,STR,aston_martin,13,84.061,84.066,,84.061,Q2
2021,22,2021-12-12,Abu Dhabi Grand Prix,yas_marina,giovinazzi,GIO,alfa,14,84.118,84.251,,84.118,Q2
2021,22,2021-12-12,Abu Dhabi Grand Prix,yas_marina,vettel,VET,aston_martin,15,84.225,84.305,,84.225,Q2
2021,22,2021-12-12,Abu Dhabi Grand Prix,yas_marina,latifi,LAT,williams,16,84.338,,,84.338,Q1
2021,22,2021-12-12,Abu Dhabi Grand Prix,yas_marina,russell,RUS,williams,17,84.423,,,84.423,Q1
2021,22,2021-12-12,Abu Dhabi Grand Prix,yas_marina,raikkonen,RAI,alfa,18,84.779,,,84.779,Q1
2021,22,2021-12-12,Abu Dhabi Grand Prix,yas_marina,mick_schumacher,MSC,haas,19,84.906,,,84.906,Q1
2021,22,2021-12-12,Abu Dhabi Grand Prix,yas_marina,mazepin,MAZ,haas,20,85.685,,,85.685,Q1
2022,1,2022-03-20,Bahrain Grand Prix,bahrain,leclerc,LEC,ferrari,1,91.471,90.932,90.55799999999999,90.55799999999999,Q3
2022,1,2022-03-20,Bahrain Grand Prix,bahrain,max_verstappen,VER,red_bull,2,91.785,90.757,90.681,90.681,Q3
2022,1,2022-03-20,Bahrain Grand Prix,bahrain,sainz,SAI,ferrari,3,91.56700000000001,90.787,90.687,90.687,Q3
2022,1,2022-03-20,Bahrain Grand Prix,bahrain,perez,PER,red_bull,4,92.311,91.008,90.92099999999999,90.92099999999999,Q3
2022,1,2022-03-20,Bahrain Grand Prix,bahrain,hamilton,HAM,mercedes,5,92.285,91.048,91.238,91.048,Q3
2022,1,2022-03-20,Bahrain Grand Prix,bahrain,bottas,BOT,alfa,6,91.919,91.717,91.56,91.56,Q3
2022,1,2022-03-20,Bahrain Grand Prix,bahrain,kevin_magnussen,MAG,haas,7,91.955,91.461,91.80799999999999,91.461,Q3
2022,1,2022-03-20,Bahrain Grand Prix,bahrain,alonso,ALO,alpine,8,92.346,91.621,92.195,91.621,Q3
2022,1,2022-03-20,Bahrain Grand Prix,bahrain,russell,RUS,mercedes,9,92.269,91.252,92.21600000000001,91.252,Q3
2022,1,2022-03-20,Bahrain Grand Prix,bahrain,gasly,GAS,alphatauri,10,92.096,91.635,92.338,91.635,Q3
2022,1,2022-03-20,Bahrain Grand Prix,bahrain,ocon,OCO,alpine,11,92.041,91.782,,91.782,Q2
2022,1,2022-03-20,Bahrain Grand Prix,bahrain,mick_schumacher,MSC,haas,12,92.38,91.998,,91.998,Q2
2022,1,2022-03-20,Bahrain Grand Prix,bahrain,norris,NOR,mclaren,13,92.239,92.00800000000001,,92.00800000000001,Q2
2022,1,2022-03-20,Bahrain Grand Prix,bahrain,albon,ALB,williams,14,92.726,92.664,,92.664,Q2
2022,1,2022-03-20,Bahrain Grand Prix,bahrain,zhou,ZHO,alfa,15,92.493,93.543,,92.493,Q2
2022,1,2022-03-20,Bahrain Grand Prix,bahrain,tsunoda,TSU,alphatauri,16,92.75,,,92.75,Q1
2022,1,2022-03-20,Bahrain Grand Prix,bahrain,hulkenberg,HUL,aston_martin,17,92.777,,,92.777,Q1
2022,1,2022-03-20,Bahrain Grand Prix,bahrain,ricciardo,RIC,mclaren,18,92.945,,,92.945,Q1
2022,1,2022-03-20,Bahrain Grand Prix,bahrain,stroll,STR,aston_martin,19,93.032,,,93.032,Q1
2022,1,2022-03-20,Bahrain Grand Prix,bahrain,latifi,LAT,williams,20,93.634,,,93.634,Q1
2022,2,2022-03-27,Saudi Arabian Grand Prix,jeddah,perez,PER,red_bull,1,89.705,88.924,88.2,88.2,Q3
2022,2,2022-03-27,Saudi Arabian Grand Prix,jeddah,leclerc,LEC,ferrari,2,89.039,88.78,88.225,88.225,Q3
2022,2,2022-03-27,Saudi Arabian Grand Prix,jeddah,sainz,SAI,ferrari,3,88.855,88.686,88.402,88.402,Q3
2022,2,2022-03-27,Saudi Arabian Grand Prix,jeddah,max_verstappen,VER,red_bull,4,88.928,88.945,88.461,88.461,Q3
2022,2,2022-03-27,Saudi Arabian Grand Prix,jeddah,ocon,OCO,alpine,5,90.093,89.584,89.068,89.068,Q3
2022,2,2022-03-27,Saudi Arabian Grand Prix,jeddah,russell,RUS,mercedes,6,89.68,89.618,89.104,89.104,Q3
2022,2,2022-03-27,Saudi Arabian Grand Prix,jeddah,alonso,ALO,alpine,7,89.97800000000001,89.295,89.14699999999999,89.14699999999999,Q3
2022,2,2022-03-27,Saudi Arabian Grand Prix,jeddah,bottas,BOT,alfa,8,89.68299999999999,89.404,89.18299999999999,89.18299999999999,Q3
2022,2,2022-03-27,Saudi Arabian Grand Prix,jeddah,gasly,GAS,alphatauri,9,89.89099999999999,89.418,89.254,89.254,Q3
2022,2,2022-03-27,Saudi Arabian Grand Prix,jeddah,kevin_magnussen,MAG,haas,10,89.831,89.54599999999999,89.588,89.54599999999999,Q3
2022,2,2022-03-27,Saudi Arabian Grand Prix,jeddah,norris,NOR,mclaren,11,89.957,89.651,,89.651,Q2
2022,2,2022-03-27,Saudi Arabian Grand Prix,jeddah,ricciardo,RIC,mclaren,12,90.009,89.773,,89.773,Q2
2022,2,2022-03-27,Saudi Arabian Grand Prix,jeddah,zhou,ZHO,alfa,13,89.97800000000001,89.819,,89.819,Q2
2022,2,2022-03-27,Saudi Arabian Grand Prix,jeddah,mick_schumacher,MSC,haas,14,90.167,89.92,,89.92,Q2
2022,2,2022-03-27,Saudi Arabian Grand Prix,jeddah,stroll,STR,aston_martin,15,90.256,91.009,,90.256,Q2
2022,2,2022-03-27,Saudi Arabian Grand Prix,jeddah,hamilton,HAM,mercedes,16,90.343,,,90.343,Q1
2022,2,2022-03-27,Saudi Arabian Grand Prix,jeddah,albon,ALB,williams,17,90.492,,,90.492,Q1
2022,2,2022-03-27,Saudi Arabian Grand Prix,jeddah,hulkenberg,HUL,aston_martin,18,90.543,,,90.543,Q1
2022,2,2022-03-27,Saudi Arabian Grand Prix,jeddah,latifi,LAT,williams,19,91.81700000000001,,,91.81700000000001,Q1
2022,2,2022-03-27,Saudi Arabian Grand Prix,jeddah,tsunoda,TSU,alphatauri,20,,,,,Q1
2022,3,2022-04-10,Australian Grand Prix,albert_park,leclerc,LEC,ferrari,1,78.881,78.606,77.868,77.868,Q3
2022,3,2022-04-10,Australian Grand Prix,albert_park,max_verstappen,VER,red_bull,2,78.58,78.611,78.154,78.154,Q3
2022,3,2022-04-10,Australian Grand Prix,albert_park,perez,PER,red_bull,3,78.834,78.34,78.24,78.24,Q3
2022,3,2022-04-10,Australian Grand Prix,albert_park,norris,NOR,mclaren,4,79.28,79.066,78.703,78.703,Q3
2022,3,2022-04-10,Australian Grand Prix,albert_park,hamilton,HAM,mercedes,5,79.401,79.106,78.825,78.825,Q3
2022,3,2022-04-10,Australian Grand Prix,albert_park,russell,RUS,mercedes,6,79.405,79.076,78.93299999999999,78.93299999999999,Q3
2022,3,2022-04-10,Australian Grand Prix,albert_park,ricciardo,RIC,mclaren,7,79.66499999999999,79.13,79.032,79.032,Q3
2022,3,2022-04-10,Australian Grand Prix,albert_park,ocon,OCO,alpine,8,79.605,79.136,79.061,79.061,Q3
2022,3,2022-04-10,Australian Grand Prix,albert_park,sainz,SAI,ferrari,9,78.983,78.469,79.408,78.469,Q3
2022,3,2022-04-10,Australian Grand Prix,albert_park,alonso,ALO,alpine,10,79.19200000000001,78.815,,78.815,Q2
2022,3,2022-04-10,Australian Grand Prix,albert_park,gasly,GAS,alphatauri,11,79.58,79.226,,79.226,Q2
2022,3,2022-04-10,Australian Grand Prix,albert_park,bottas,BOT,alfa,12,79.251,79.41,,79.251,Q2
2022,3,2022-04-10,Australian Grand Prix,albert_park,tsunoda,TSU,alphatauri,13,79.742,79.424,,79.424,Q2
2022,3,2022-04-10,Australian Grand Prix,albert_park,zhou,ZHO,alfa,14,79.91,80.155,,79.91,Q2
2022,3,2022-04-10,Australian Grand Prix,albert_park,mick_schumacher,MSC,haas,15,80.104,80.465,,80.104,Q2
2022,3,2022-04-10,Australian Grand Prix,albert_park,albon,ALB,williams,16,80.135,,,80.135,Q1
2022,3,2022-04-10,Australian Grand Prix,albert_park,kevin_magnussen,MAG,haas,17,80.254,,,80.254,Q1
2022,3,2022-04-10,Australian Grand Prix,albert_park,vettel,VET,aston_martin,18,81.149,,,81.149,Q1
2022,3,2022-04-10,Australian Grand Prix,albert_park,latifi,LAT,williams,19,81.372,,,81.372,Q1
2022,3,2022-04-10,Australian Grand Prix,albert_park,stroll,STR,aston_martin,20,,,,,Q1
2022,4,2022-04-24,Emilia Romagna Grand Prix,imola,max_verstappen,VER,red_bull,1,79.295,78.793,87.999,78.793,Q3
2022,4,2022-04-24,Emilia Romagna Grand Prix,imola,leclerc,LEC,ferrari,2,78.79599999999999,79.584,88.77799999999999,78.79599999999999,Q3
2022,4,2022-04-24,Emilia Romagna Grand Prix,imola,norris,NOR,mclaren,3,80.168,79.294,89.131,79.294,Q3
2022,4,2022-04-24,Emilia Romagna Grand Prix,imola,kevin_magnussen,MAG,haas,4,80.14699999999999,79.902,89.164,79.902,Q3
2022,4,2022-04-24,Emilia Romagna Grand Prix,imola,alonso,ALO,alpine,5,80.19800000000001,79.595,89.202,79.595,Q3
2022,4,2022-04-24,Emilia Romagna Grand Prix,imola,ricciardo,RIC,mclaren,6,79.98,80.031,89.742,79.98,Q3
2022,4,2022-04-24,Emilia Romagna Grand Prix,imola,perez,PER,red_bull,7,79.773,79.29599999999999,89.80799999999999,79.29599999999999,Q3
2022,4,2022-04-24,Emilia Romagna Grand Prix,imola,bottas,BOT,alfa,8,80.419,80.19200000000001,90.439,80.19200000000001,Q3
2022,4,2022-04-24,Emilia Romagna Grand Prix,imola,vettel,VET,aston_martin,9,80.364,79.957,91.062,79.957,Q3
2022,4,2022-04-24,Emilia Romagna Grand Prix,imola,sainz,SAI,ferrari,10,79.305,78.99,,78.99,Q2
2022,4,2022-04-24,Emilia Romagna Grand Prix,imola,russell,RUS,mercedes,11,80.383,80.757,,80.383,Q2
2022,4,2022-04-24,Emilia Romagna Grand Prix,imola,mick_schumacher,MSC,haas,12,80.422,80.916,,80.422,Q2
2022,4,2022-04-24,Emilia Romagna Grand Prix,imola,hamilton,HAM,mercedes,13,80.47,81.138,,80.47,Q2
2022,4,2022-04-24,Emilia Romagna Grand Prix,imola,zhou,ZHO,alfa,14,79.73,81.434,,79.73,Q2
2022,4,2022-04-24,Emilia Romagna Grand Prix,imola,stroll,STR,aston_martin,15,80.342,88.119,,80.342,Q2
2022,4,2022-04-24,Emilia Romagna Grand Prix,imola,tsunoda,TSU,alphatauri,16,80.474,,,80.474,Q1
2022,4,2022-04-24,Emilia Romagna Grand Prix,imola,gasly,GAS,alphatauri,17,80.732,,,80.732,Q1
2022,4,2022-04-24,Emilia Romagna Grand Prix,imola,latifi,LAT,williams,18,81.971,,,81.971,Q1
2022,4,2022-04-24,Emilia Romagna Grand Prix,imola,ocon,OCO,alpine,19,82.338,,,82.338,Q1
2022,4,2022-04-24,Emilia Romagna Grand Prix,imola,albon,ALB,williams,20,,,,,Q1
2022,5,2022-05-08,Miami Grand Prix,miami,leclerc,LEC,ferrari,1,89.474,89.13,88.79599999999999,88.79599999999999,Q3
2022,5,2022-05-08,Miami Grand Prix,miami,sainz,SAI,ferrari,2,90.07900000000001,89.729,88.986,88.986,Q3
2022,5,2022-05-08,Miami Grand Prix,miami,max_verstappen,VER,red_bull,3,89.836,89.202,88.991,88.991,Q3
2022,5,2022-05-08,Miami Grand Prix,miami,perez,PER,red_bull,4,90.055,89.673,89.036,89.036,Q3
2022,5,2022-05-08,Miami Grand Prix,miami,bottas,BOT,alfa,5,90.845,89.751,89.475,89.475,Q3
2022,5,2022-05-08,Miami Grand Prix,miami,hamilton,HAM,mercedes,6,90.388,89.797,89.625,89.625,Q3
2022,5,2022-05-08,Miami Grand Prix,miami,gasly,GAS,alphatauri,7,90.779,90.128,89.69,89.69,Q3
2022,5,2022-05-08,Miami Grand Prix,miami,norris,NOR,mclaren,8,90.761,89.634,89.75,89.634,Q3
2022,5,2022-05-08,Miami Grand Prix,miami,tsunoda,TSU,alphatauri,9,90.485,90.031,89.932,89.932,Q3
2022,5,2022-05-08,Miami Grand Prix,miami,stroll,STR,aston_martin,10,90.441,89.996,90.676,89.996,Q3
2022,5,2022-05-08,Miami Grand Prix,miami,alonso,ALO,alpine,11,90.407,90.16,,90.16,Q2
2022,5,2022-05-08,Miami Grand Prix,miami,russell,RUS,mercedes,12,90.49,90.173,,90.173,Q2
2022,5,2022-05-08,Miami Grand Prix,miami,vettel,VET,aston_martin,13,90.67699999999999,90.214,,90.214,Q2
2022,5,2022-05-08,Miami Grand Prix,miami,ricciardo,RIC,mclaren,14,90.583,90.31,,90.31,Q2
2022,5,2022-05-08,Miami Grand Prix,miami,mick_schumacher,MSC,haas,15,90.645,90.423,,90.423,Q2
2022,5,2022-05-08,Miami Grand Prix,miami,kevin_magnussen,MAG,haas,16,90.975,,,90.975,Q1
2022,5,2022-05-08,Miami Grand Prix,miami,zhou,ZHO,alfa,17,91.02,,,91.02,Q1
2022,5,2022-05-08,Miami Grand Prix,miami,albon,ALB,williams,18,91.26599999999999,,,91.26599999999999,Q1
2022,5,2022-05-08,Miami Grand Prix,miami,latifi,LAT,williams,19,91.325,,,91.325,Q1
2022,5,2022-05-08,Miami Grand Prix,miami,ocon,OCO,alpine,20,,,,,Q1
2022,6,2022-05-22,Spanish Grand Prix,catalunya,leclerc,LEC,ferrari,1,79.861,79.969,78.75,78.75,Q3
2022,6,2022-05-22,Spanish Grand Prix,catalunya,max_verstappen,VER,red_bull,2,80.09100000000001,79.219,79.07300000000001,79.07300000000001,Q3
2022,6,2022-05-22,Spanish Grand Prix,catalunya,sainz,SAI,ferrari,3,79.892,79.453,79.166,79.166,Q3
2022,6,2022-05-22,Spanish Grand Prix,catalunya,russell,RUS,mercedes,4,80.218,79.47,79.393,79.393,Q3
2022,6,2022-05-22,Spanish Grand Prix,catalunya,perez,PER,red_bull,5,80.447,79.83,79.42,79.42,Q3
2022,6,2022-05-22,Spanish Grand Prix,catalunya,hamilton,HAM,mercedes,6,80.252,79.794,79.512,79.512,Q3
2022,6,2022-05-22,Spanish Grand Prix,catalunya,bottas,BOT,alfa,7,80.355,80.053,79.608,79.608,Q3
2022,6,2022-05-22,Spanish Grand Prix,catalunya,kevin_magnussen,MAG,haas,8,80.227,79.81,79.682,79.682,Q3
2022,6,2022-05-22,Spanish Grand Prix,catalunya,ricciardo,RIC,mclaren,9,80.549,80.287,80.297,80.287,Q3
2022,6,2022-05-22,Spanish Grand Prix,catalunya,mick_schumacher,MSC,haas,10,80.68299999999999,80.436,80.368,80.368,Q3
2022,6,2022-05-22,Spanish Grand Prix,catalunya,norris,NOR,mclaren,11,80.838,80.471,,80.471,Q2
2022,6,2022-05-22,Spanish Grand Prix,catalunya,ocon,OCO,alpine,12,80.88,80.638,,80.638,Q2
2022,6,2022-05-22,Spanish Grand Prix,catalunya,tsunoda,TSU,alphatauri,13,80.707,80.639,,80.639,Q2
2022,6,2022-05-22,Spanish Grand Prix,catalunya,gasly,GAS,alphatauri,14,80.719,80.861,,80.719,Q2
2022,6,2022-05-22,Spanish Grand Prix,catalunya,zhou,ZHO,alfa,15,80.476,81.094,,80.476,Q2
2022,6,2022-05-22,Spanish Grand Prix,catalunya,vettel,VET,aston_martin,16,80.95400000000001,,,80.95400000000001,Q1
2022,6,2022-05-22,Spanish Grand Prix,catalunya,alonso,ALO,alpine,17,81.043,,,81.043,Q1
2022,6,2022-05-22,Spanish Grand Prix,catalunya,stroll,STR,aston_martin,18,81.418,,,81.418,Q1
2022,6,2022-05-22,Spanish Grand Prix,catalunya,albon,ALB,williams,19,81.645,,,81.645,Q1
2022,6,2022-05-22,Spanish Grand Prix,catalunya,latifi,LAT,williams,20,81.91499999999999,,,81.91499999999999,Q1
2022,7,2022-05-29,Monaco Grand Prix,monaco,leclerc,LEC,ferrari,1,72.569,71.864,71.376,71.376,Q3
2022,7,2022-05-29,Monaco Grand Prix,monaco,sainz,SAI,ferrari,2,72.616,72.074,71.601,71.601,Q3
2022,7,2022-05-29,Monaco Grand Prix,monaco,perez,PER,red_bull,3,73.004,71.95400000000001,71.629,71.629,Q3
2022,7,2022-05-29,Monaco Grand Prix,monaco,max_verstappen,VER,red_bull,4,72.993,72.117,71.666,71.666,Q3
2022,7,2022-05-29,Monaco Grand Prix,monaco,norris,NOR,mclaren,5,72.92699999999999,72.266,71.849,71.849,Q3
2022,7,2022-05-29,Monaco Grand Prix,monaco,russell,RUS,mercedes,6,72.787,72.617,72.112,72.112,Q3
2022,7,2022-05-29,Monaco Grand Prix,monaco,alonso,ALO,alpine,7,73.394,72.688,72.247,72.247,Q3
2022,7,2022-05-29,Monaco Grand Prix,monaco,hamilton,HAM,mercedes,8,73.444,72.595,72.56,72.56,Q3
2022,7,2022-05-29,Monaco Grand Prix,monaco,vettel,VET,aston_martin,9,73.313,72.613,72.732,72.613,Q3
2022,7,2022-05-29,Monaco Grand Prix,monaco,ocon,OCO,alpine,10,72.848,72.528,73.047,72.528,Q3
2022,7,2022-05-29,Monaco Grand Prix,monaco,tsunoda,TSU,alphatauri,11,73.11,72.797,,72.797,Q2
2022,7,2022-05-29,Monaco Grand Prix,monaco,bottas,BOT,alfa,12,73.541,72.909,,72.909,Q2
2022,7,2022-05-29,Monaco Grand Prix,monaco,kevin_magnussen,MAG,haas,13,73.069,72.92099999999999,,72.92099999999999,Q2
2022,7,2022-05-29,Monaco Grand Prix,monaco,ricciardo,RIC,mclaren,14,73.338,72.964,,72.964,Q2
2022,7,2022-05-29,Monaco Grand Prix,monaco,mick_schumacher,MSC,haas,15,73.469,73.081,,73.081,Q2
2022,7,2022-05-29,Monaco Grand Prix,monaco,albon,ALB,williams,16,73.611,,,73.611,Q1
2022,7,2022-05-29,Monaco Grand Prix,monaco,gasly,GAS,alphatauri,17,73.66,,,73.66,Q1
2022,7,2022-05-29,Monaco Grand Prix,monaco,stroll,STR,aston_martin,18,73.678,,,73.678,Q1
2022,7,2022-05-29,Monaco Grand Prix,monaco,latifi,LAT,williams,19,74.403,,,74.403,Q1
2022,7,2022-05-29,Monaco Grand Prix,monaco,zhou,ZHO,alfa,20,75.606,,,75.606,Q1
2022,8,2022-06-12,Azerbaijan Grand Prix,baku,leclerc,LEC,ferrari,1,102.86500000000001,102.04599999999999,101.35900000000001,101.35900000000001,Q3
2022,8,2022-06-12,Azerbaijan Grand Prix,baku,perez,PER,red_bull,2,102.733,101.955,101.64099999999999,101.64099999999999,Q3
2022,8,2022-06-12,Azerbaijan Grand Prix,baku,max_verstappen,VER,red_bull,3,102.72200000000001,102.227,101.706,101.706,Q3
2022,8,2022-06-12,Azerbaijan Grand Prix,baku,sainz,SAI,ferrari,4,102.957,102.088,101.814,101.814,Q3
2022,8,2022-06-12,Azerbaijan Grand Prix,baku,russell,RUS,mercedes,5,103.75399999999999,103.281,102.712,102.712,Q3
2022,8,2022-06-12,Azerbaijan Grand Prix,baku,gasly,GAS,alphatauri,6,103.268,103.12899999999999,102.845,102.845,Q3
2022,8,2022-06-12,Azerbaijan Grand Prix,baku,hamilton,HAM,mercedes,7,103.939,103.182,102.924,102.924,Q3
2022,8,2022-06-12,Azerbaijan Grand Prix,baku,tsunoda,TSU,alphatauri,8,103.595,103.376,103.056,103.056,Q3
2022,8,2022-06-12,Azerbaijan Grand Prix,baku,vettel,VET,aston_martin,9,103.279,103.268,103.09100000000001,103.09100000000001,Q3
2022,8,2022-06-12,Azerbaijan Grand Prix,baku,alonso,ALO,alpine,10,104.083,103.36,103.173,103.173,Q3
2022,8,2022-06-12,Azerbaijan Grand Prix,baku,norris,NOR,mclaren,11,104.237,103.398,,103.398,Q2
2022,8,2022-06-12,Azerbaijan Grand Prix,baku,ricciardo,RIC,mclaren,12,104.437,103.574,,103.574,Q2
2022,8,2022-06-12,Azerbaijan Grand Prix,baku,ocon,OCO,alpine,13,103.90299999999999,103.58500000000001,,103.58500000000001,Q2
2022,8,2022-06-12,Azerbaijan Grand Prix,baku,zhou,ZHO,alfa,14,103.777,103.78999999999999,,103.777,Q2
2022,8,2022-06-12,Azerbaijan Grand Prix,baku,bottas,BOT,alfa,15,104.47800000000001,104.444,,104.444,Q2
2022,8,2022-06-12,Azerbaijan Grand Prix,baku,kevin_magnussen,MAG,haas,16,104.643,,,104.643,Q1
2022,8,2022-06-12,Azerbaijan Grand Prix,baku,albon,ALB,williams,17,104.719,,,104.719,Q1
2022,8,2022-06-12,Azerbaijan Grand Prix,baku,latifi,LAT,williams,18,105.36699999999999,,,105.36699999999999,Q1
2022,8,2022-06-12,Azerbaijan Grand Prix,baku,stroll,STR,aston_martin,19,105.37100000000001,,,105.37100000000001,Q1
2022,8,2022-06-12,Azerbaijan Grand Prix,baku,mick_schumacher,MSC,haas,20,105.775,,,105.775,Q1
2022,9,2022-06-19,Canadian Grand Prix,villeneuve,max_verstappen,VER,red_bull,1,92.219,83.746,81.299,81.299,Q3
2022,9,2022-06-19,Canadian Grand Prix,villeneuve,alonso,ALO,alpine,2,92.277,84.848,81.944,81.944,Q3
2022,9,2022-06-19,Canadian Grand Prix,villeneuve,sainz,SAI,ferrari,3,92.781,85.197,82.096,82.096,Q3
2022,9,2022-06-19,Canadian Grand Prix,villeneuve,hamilton,HAM,mercedes,4,93.84100000000001,85.543,82.89099999999999,82.89099999999999,Q3
2022,9,2022-06-19,Canadian Grand Prix,villeneuve,kevin_magnussen,MAG,haas,5,92.957,86.254,82.96000000000001,82.96000000000001,Q3
2022,9,2022-06-19,Canadian Grand Prix,villeneuve,mick_schumacher,MSC,haas,6,93.707,85.684,83.356,83.356,Q3
2022,9,2022-06-19,Canadian Grand Prix,villeneuve,ocon,OCO,alpine,7,93.012,86.135,83.529,83.529,Q3
2022,9,2022-06-19,Canadian Grand Prix,villeneuve,russell,RUS,mercedes,8,93.16,84.95,83.557,83.557,Q3
2022,9,2022-06-19,Canadian Grand Prix,villeneuve,ricciardo,RIC,mclaren,9,93.636,86.375,83.749,83.749,Q3
2022,9,2022-06-19,Canadian Grand Prix,villeneuve,zhou,ZHO,alfa,10,93.69200000000001,86.116,84.03,84.03,Q3
2022,9,2022-06-19,Canadian Grand Prix,villeneuve,bottas,BOT,alfa,11,93.689,86.788,,86.788,Q2
2022,9,2022-06-19,Canadian Grand Prix,villeneuve,albon,ALB,williams,12,94.047,86.858,,86.858,Q2
2022,9,2022-06-19,Canadian Grand Prix,villeneuve,perez,PER,red_bull,13,93.929,93.12700000000001,,93.12700000000001,Q2
2022,9,2022-06-19,Canadian Grand Prix,villeneuve,norris,NOR,mclaren,14,94.066,,,94.066,Q1
2022,9,2022-06-19,Canadian Grand Prix,villeneuve,leclerc,LEC,ferrari,15,93.00800000000001,,,93.00800000000001,Q1
2022,9,2022-06-19,Canadian Grand Prix,villeneuve,gasly,GAS,alphatauri,16,94.49199999999999,,,94.49199999999999,Q1
2022,9,2022-06-19,Canadian Grand Prix,villeneuve,vettel,VET,aston_martin,17,94.512,,,94.512,Q1
2022,9,2022-06-19,Canadian Grand Prix,villeneuve,stroll,STR,aston_martin,18,95.532,,,95.532,Q1
2022,9,2022-06-19,Canadian Grand Prix,villeneuve,latifi,LAT,williams,19,95.66,,,95.66,Q1
2022,9,2022-06-19,Canadian Grand Prix,villeneuve,tsunoda,TSU,alphatauri,20,96.575,,,96.575,Q1
2022,10,2022-07-03,British Grand Prix,silverstone,sainz,SAI,ferrari,1,100.19,101.602,100.983,100.19,Q3
2022,10,2022-07-03,British Grand Prix,silverstone,max_verstappen,VER,red_bull,2,99.12899999999999,100.655,101.055,99.12899999999999,Q3
2022,10,2022-07-03,British Grand Prix,silverstone,leclerc,LEC,ferrari,3,99.846,101.247,101.298,99.846,Q3
2022,10,2022-07-03,British Grand Prix,silverstone,perez,PER,red_bull,4,100.521,102.513,101.616,100.521,Q3
2022,10,2022-07-03,British Grand Prix,silverstone,hamilton,HAM,mercedes,5,100.428,101.062,101.995,100.428,Q3
2022,10,2022-07-03,British Grand Prix,silverstone,norris,NOR,mclaren,6,101.515,101.821,102.084,101.515,Q3
2022,10,2022-07-03,British Grand Prix,silverstone,alonso,ALO,alpine,7,101.598,102.209,102.116,101.598,Q3
2022,10,2022-07-03,British Grand Prix,silverstone,russell,RUS,mercedes,8,100.02799999999999,101.725,102.161,100.02799999999999,Q3
2022,10,2022-07-03,British Grand Prix,silverstone,zhou,ZHO,alfa,9,100.791,102.64,102.719,100.791,Q3
2022,10,2022-07-03,British Grand Prix,silverstone,latifi,LAT,williams,10,101.99799999999999,103.273,123.095,101.99799999999999,Q3
2022,10,2022-07-03,British Grand Prix,silverstone,gasly,GAS,alphatauri,11,101.68,103.702,,101.68,Q2
2022,10,2022-07-03,British Grand Prix,silverstone,bottas,BOT,alfa,12,101.396,104.232,,101.396,Q2
2022,10,2022-07-03,British Grand Prix,silverstone,tsunoda,TSU,alphatauri,13,101.893,104.311,,101.893,Q2
2022,10,2022-07-03,British Grand Prix,silverstone,ricciardo,RIC,mclaren,14,101.93299999999999,104.35499999999999,,101.93299999999999,Q2
2022,10,2022-07-03,British Grand Prix,silverstone,ocon,OCO,alpine,15,101.72999999999999,105.19,,101.72999999999999,Q2
2022,10,2022-07-03,British Grand Prix,silverstone,albon,ALB,williams,16,102.078,,,102.078,Q1
2022,10,2022-07-03,British Grand Prix,silverstone,kevin_magnussen,MAG,haas,17,102.15899999999999,,,102.15899999999999,Q1
2022,10,2022-07-03,British Grand Prix,silverstone,vettel,VET,aston_martin,18,102.666,,,102.666,Q1
2022,10,2022-07-03,British Grand Prix,silverstone,mick_schumacher,MSC,haas,19,102.708,,,102.708,Q1
2022,10,2022-07-03,British Grand Prix,silverstone,stroll,STR,aston_martin,20,103.43,,,103.43,Q1
2022,11,2022-07-10,Austrian Grand Prix,red_bull_ring,max_verstappen,VER,red_bull,1,65.852,65.374,64.984,64.984,Q3
2022,11,2022-07-10,Austrian Grand Prix,red_bull_ring,leclerc,LEC,ferrari,2,65.419,65.287,65.013,65.013,Q3
2022,11,2022-07-10,Austrian Grand Prix,red_bull_ring,sainz,SAI,ferrari,3,65.66,65.576,65.066,65.066,Q3
2022,11,2022-07-10,Austrian Grand Prix,red_bull_ring,russell,RUS,mercedes,4,66.235,65.697,65.431,65.431,Q3
2022,11,2022-07-10,Austrian Grand Prix,red_bull_ring,ocon,OCO,alpine,5,66.468,65.993,65.726,65.726,Q3
2022,11,2022-07-10,Austrian Grand Prix,red_bull_ring,kevin_magnussen,MAG,haas,6,66.366,65.894,65.879,65.879,Q3
2022,11,2022-07-10,Austrian Grand Prix,red_bull_ring,mick_schumacher,MSC,haas,7,66.405,66.151,66.011,66.011,Q3
2022,11,2022-07-10,Austrian Grand Prix,red_bull_ring,alonso,ALO,alpine,8,66.016,66.082,66.103,66.016,Q3
2022,11,2022-07-10,Austrian Grand Prix,red_bull_ring,hamilton,HAM,mercedes,9,66.079,65.475,73.151,65.475,Q3
2022,11,2022-07-10,Austrian Grand Prix,red_bull_ring,gasly,GAS,alphatauri,10,66.589,66.16,,66.16,Q2
2022,11,2022-07-10,Austrian Grand Prix,red_bull_ring,albon,ALB,williams,11,66.516,66.23,,66.23,Q2
2022,11,2022-07-10,Austrian Grand Prix,red_bull_ring,bottas,BOT,alfa,12,66.44200000000001,66.319,,66.319,Q2
2022,11,2022-07-10,Austrian Grand Prix,red_bull_ring,perez,PER,red_bull,13,66.143,66.458,,66.143,Q2
2022,11,2022-07-10,Austrian Grand Prix,red_bull_ring,tsunoda,TSU,alphatauri,14,66.463,66.851,,66.463,Q2
2022,11,2022-07-10,Austrian Grand Prix,red_bull_ring,norris,NOR,mclaren,15,66.33,85.84700000000001,,66.33,Q2
2022,11,2022-07-10,Austrian Grand Prix,red_bull_ring,ricciardo,RIC,mclaren,16,66.613,,,66.613,Q1
2022,11,2022-07-10,Austrian Grand Prix,red_bull_ring,stroll,STR,aston_martin,17,66.847,,,66.847,Q1
2022,11,2022-07-10,Austrian Grand Prix,red_bull_ring,zhou,ZHO,alfa,18,66.901,,,66.901,Q1
2022,11,2022-07-10,Austrian Grand Prix,red_bull_ring,latifi,LAT,williams,19,67.003,,,67.003,Q1
2022,11,2022-07-10,Austrian Grand Prix,red_bull_ring,vettel,VET,aston_martin,20,67.083,,,67.083,Q1
2022,12,2022-07-24,French Grand Prix,ricard,leclerc,LEC,ferrari,1,91.727,91.21600000000001,90.872,90.872,Q3
2022,12,2022-07-24,French Grand Prix,ricard,max_verstappen,VER,red_bull,2,91.89099999999999,91.99,91.176,91.176,Q3
2022,12,2022-07-24,French Grand Prix,ricard,perez,PER,red_bull,3,92.354,92.12,91.33500000000001,91.33500000000001,Q3
2022,12,2022-07-24,French Grand Prix,ricard,hamilton,HAM,mercedes,4,93.041,92.274,91.765,91.765,Q3
2022,12,2022-07-24,French Grand Prix,ricard,norris,NOR,mclaren,5,92.672,92.777,92.032,92.032,Q3
2022,12,2022-07-24,French Grand Prix,ricard,russell,RUS,mercedes,6,93.10900000000001,92.63300000000001,92.131,92.131,Q3
2022,12,2022-07-24,French Grand Prix,ricard,alonso,ALO,alpine,7,92.819,92.631,92.55199999999999,92.55199999999999,Q3
2022,12,2022-07-24,French Grand Prix,ricard,tsunoda,TSU,alphatauri,8,93.394,92.836,92.78,92.78,Q3
2022,12,2022-07-24,French Grand Prix,ricard,sainz,SAI,ferrari,9,92.297,91.081,,91.081,Q2
2022,12,2022-07-24,French Grand Prix,ricard,kevin_magnussen,MAG,haas,10,92.756,92.649,,92.649,Q2
2022,12,2022-07-24,French Grand Prix,ricard,ricciardo,RIC,mclaren,11,93.404,92.922,,92.922,Q2
2022,12,2022-07-24,French Grand Prix,ricard,ocon,OCO,alpine,12,93.346,93.048,,93.048,Q2
2022,12,2022-07-24,French Grand Prix,ricard,bottas,BOT,alfa,13,93.03399999999999,93.05199999999999,,93.03399999999999,Q2
2022,12,2022-07-24,French Grand Prix,ricard,vettel,VET,aston_martin,14,93.285,93.27600000000001,,93.27600000000001,Q2
2022,12,2022-07-24,French Grand Prix,ricard,albon,ALB,williams,15,93.423,93.307,,93.307,Q2
2022,12,2022-07-24,French Grand Prix,ricard,gasly,GAS,alphatauri,16,93.439,,,93.439,Q1
2022,12,2022-07-24,French Grand Prix,ricard,stroll,STR,aston_martin,17,93.439,,,93.439,Q1
2022,12,2022-07-24,French Grand Prix,ricard,zhou,ZHO,alfa,18,93.674,,,93.674,Q1
2022,12,2022-07-24,French Grand Prix,ricard,mick_schumacher,MSC,haas,19,93.701,,,93.701,Q1
2022,12,2022-07-24,French Grand Prix,ricard,latifi,LAT,williams,20,93.794,,,93.794,Q1
2022,13,2022-07-31,Hungarian Grand Prix,hungaroring,russell,RUS,mercedes,1,78.407,78.154,77.377,77.377,Q3
2022,13,2022-07-31,Hungarian Grand Prix,hungaroring,sainz,SAI,ferrari,2,78.434,77.946,77.42099999999999,77.42099999999999,Q3
2022,13,2022-07-31,Hungarian Grand Prix,hungaroring,leclerc,LEC,ferrari,3,78.806,77.768,77.56700000000001,77.56700000000001,Q3
2022,13,2022-07-31,Hungarian Grand Prix,hungaroring,norris,NOR,mclaren,4,78.65299999999999,78.121,77.769,77.769,Q3
2022,13,2022-07-31,Hungarian Grand Prix,hungaroring,ocon,OCO,alpine,5,78.866,78.21600000000001,78.018,78.018,Q3
2022,13,2022-07-31,Hungarian Grand Prix,hungaroring,alonso,ALO,alpine,6,78.71600000000001,77.904,78.078,77.904,Q3
2022,13,2022-07-31,Hungarian Grand Prix,hungaroring,hamilton,HAM,mercedes,7,78.374,78.035,78.142,78.035,Q3
2022,13,2022-07-31,Hungarian Grand Prix,hungaroring,bottas,BOT,alfa,8,78.935,78.445,78.157,78.157,Q3
2022,13,2022-07-31,Hungarian Grand Prix,hungaroring,ricciardo,RIC,mclaren,9,78.775,78.19800000000001,78.379,78.19800000000001,Q3
2022,13,2022-07-31,Hungarian Grand Prix,hungaroring,max_verstappen,VER,red_bull,10,78.509,77.703,78.82300000000001,77.703,Q3
2022,13,2022-07-31,Hungarian Grand Prix,hungaroring,perez,PER,red_bull,11,79.118,78.51599999999999,,78.51599999999999,Q2
2022,13,2022-07-31,Hungarian Grand Prix,hungaroring,zhou,ZHO,alfa,12,78.973,78.57300000000001,,78.57300000000001,Q2
2022,13,2022-07-31,Hungarian Grand Prix,hungaroring,kevin_magnussen,MAG,haas,13,78.993,78.825,,78.825,Q2
2022,13,2022-07-31,Hungarian Grand Prix,hungaroring,stroll,STR,aston_martin,14,79.205,79.137,,79.137,Q2
2022,13,2022-07-31,Hungarian Grand Prix,hungaroring,mick_schumacher,MSC,haas,15,79.164,79.202,,79.164,Q2
2022,13,2022-07-31,Hungarian Grand Prix,hungaroring,tsunoda,TSU,alphatauri,16,79.24,,,79.24,Q1
2022,13,2022-07-31,Hungarian Grand Prix,hungaroring,albon,ALB,williams,17,79.256,,,79.256,Q1
2022,13,2022-07-31,Hungarian Grand Prix,hungaroring,vettel,VET,aston_martin,18,79.273,,,79.273,Q1
2022,13,2022-07-31,Hungarian Grand Prix,hungaroring,gasly,GAS,alphatauri,19,79.527,,,79.527,Q1
2022,13,2022-07-31,Hungarian Grand Prix,hungaroring,latifi,LAT,williams,20,79.57,,,79.57,Q1
2022,14,2022-08-28,Belgian Grand Prix,spa,max_verstappen,VER,red_bull,1,104.581,104.723,103.66499999999999,103.66499999999999,Q3
2022,14,2022-08-28,Belgian Grand Prix,spa,sainz,SAI,ferrari,2,105.05,105.418,104.297,104.297,Q3
2022,14,2022-08-28,Belgian Grand Prix,spa,perez,PER,red_bull,3,105.37700000000001,104.794,104.462,104.462,Q3
2022,14,2022-08-28,Belgian Grand Prix,spa,leclerc,LEC,ferrari,4,105.572,104.551,104.553,104.551,Q3
2022,14,2022-08-28,Belgian Grand Prix,spa,ocon,OCO,alpine,5,106.039,105.475,105.18,105.18,Q3
2022,14,2022-08-28,Belgian Grand Prix,spa,alonso,ALO,alpine,6,106.075,105.55199999999999,105.368,105.368,Q3
2022,14,2022-08-28,Belgian Grand Prix,spa,hamilton,HAM,mercedes,7,105.73599999999999,105.42,105.503,105.42,Q3
2022,14,2022-08-28,Belgian Grand Prix,spa,russell,RUS,mercedes,8,105.65,105.461,105.77600000000001,105.461,Q3
2022,14,2022-08-28,Belgian Grand Prix,spa,albon,ALB,williams,9,105.672,105.675,105.837,105.672,Q3
2022,14,2022-08-28,Belgian Grand Prix,spa,norris,NOR,mclaren,10,105.745,105.60300000000001,106.178,105.60300000000001,Q3
2022,14,2022-08-28,Belgian Grand Prix,spa,ricciardo,RIC,mclaren,11,106.212,105.767,,105.767,Q2
2022,14,2022-08-28,Belgian Grand Prix,spa,gasly,GAS,alphatauri,12,106.18299999999999,105.827,,105.827,Q2
2022,14,2022-08-28,Belgian Grand Prix,spa,zhou,ZHO,alfa,13,106.178,106.08500000000001,,106.08500000000001,Q2
2022,14,2022-08-28,Belgian Grand Prix,spa,stroll,STR,aston_martin,14,106.256,106.61099999999999,,106.256,Q2
2022,14,2022-08-28,Belgian Grand Prix,spa,mick_schumacher,MSC,haas,15,106.342,107.718,,106.342,Q2
2022,14,2022-08-28,Belgian Grand Prix,spa,vettel,VET,aston_martin,16,106.344,,,106.344,Q1
2022,14,2022-08-28,Belgian Grand Prix,spa,latifi,LAT,williams,17,106.40100000000001,,,106.40100000000001,Q1
2022,14,2022-08-28,Belgian Grand Prix,spa,kevin_magnussen,MAG,haas,18,106.557,,,106.557,Q1
2022,14,2022-08-28,Belgian Grand Prix,spa,tsunoda,TSU,alphatauri,19,106.69200000000001,,,106.69200000000001,Q1
2022,14,2022-08-28,Belgian Grand Prix,spa,bottas,BOT,alfa,20,107.866,,,107.866,Q1
2022,15,2022-09-04,Dutch Grand Prix,zandvoort,max_verstappen,VER,red_bull,1,71.31700000000001,70.92699999999999,70.342,70.342,Q3
2022,15,2022-09-04,Dutch Grand Prix,zandvoort,leclerc,LEC,ferrari,2,71.443,70.988,70.363,70.363,Q3
2022,15,2022-09-04,Dutch Grand Prix,zandvoort,sainz,SAI,ferrari,3,71.767,70.814,70.434,70.434,Q3
2022,15,2022-09-04,Dutch Grand Prix,zandvoort,hamilton,HAM,mercedes,4,71.331,71.075,70.648,70.648,Q3
2022,15,2022-09-04,Dutch Grand Prix,zandvoort,perez,PER,red_bull,5,71.641,71.314,71.077,71.077,Q3
2022,15,2022-09-04,Dutch Grand Prix,zandvoort,russell,RUS,mercedes,6,71.561,70.824,71.147,70.824,Q3
2022,15,2022-09-04,Dutch Grand Prix,zandvoort,norris,NOR,mclaren,7,71.556,71.116,71.174,71.116,Q3
2022,15,2022-09-04,Dutch Grand Prix,zandvoort,mick_schumacher,MSC,haas,8,71.741,71.42,71.44200000000001,71.42,Q3
2022,15,2022-09-04,Dutch Grand Prix,zandvoort,tsunoda,TSU,alphatauri,9,71.42699999999999,71.428,72.556,71.42699999999999,Q3
2022,15,2022-09-04,Dutch Grand Prix,zandvoort,stroll,STR,aston_martin,10,71.568,71.416,,71.416,Q2
2022,15,2022-09-04,Dutch Grand Prix,zandvoort,gasly,GAS,alphatauri,11,71.705,71.512,,71.512,Q2
2022,15,2022-09-04,Dutch Grand Prix,zandvoort,ocon,OCO,alpine,12,71.748,71.605,,71.605,Q2
2022,15,2022-09-04,Dutch Grand Prix,zandvoort,alonso,ALO,alpine,13,71.667,71.613,,71.613,Q2
2022,15,2022-09-04,Dutch Grand Prix,zandvoort,zhou,ZHO,alfa,14,71.826,71.70400000000001,,71.70400000000001,Q2
2022,15,2022-09-04,Dutch Grand Prix,zandvoort,albon,ALB,williams,15,71.695,71.80199999999999,,71.695,Q2
2022,15,2022-09-04,Dutch Grand Prix,zandvoort,bottas,BOT,alfa,16,71.961,,,71.961,Q1
2022,15,2022-09-04,Dutch Grand Prix,zandvoort,ricciardo,RIC,mclaren,17,72.081,,,72.081,Q1
2022,15,2022-09-04,Dutch Grand Prix,zandvoort,kevin_magnussen,MAG,haas,18,72.319,,,72.319,Q1
2022,15,2022-09-04,Dutch Grand Prix,zandvoort,vettel,VET,aston_martin,19,72.391,,,72.391,Q1
2022,15,2022-09-04,Dutch Grand Prix,zandvoort,latifi,LAT,williams,20,73.353,,,73.353,Q1
2022,16,2022-09-11,Italian Grand Prix,monza,leclerc,LEC,ferrari,1,81.28,81.208,80.161,80.161,Q3
2022,16,2022-09-11,Italian Grand Prix,monza,max_verstappen,VER,red_bull,2,80.922,81.265,80.306,80.306,Q3
2022,16,2022-09-11,Italian Grand Prix,monza,sainz,SAI,ferrari,3,81.348,80.878,80.429,80.429,Q3
2022,16,2022-09-11,Italian Grand Prix,monza,perez,PER,red_bull,4,81.495,81.358,81.206,81.206,Q3
2022,16,2022-09-11,Italian Grand Prix,monza,hamilton,HAM,mercedes,5,82.048,81.708,81.524,81.524,Q3
2022,16,2022-09-11,Italian Grand Prix,monza,russell,RUS,mercedes,6,81.785,81.747,81.542,81.542,Q3
2022,16,2022-09-11,Italian Grand Prix,monza,norris,NOR,mclaren,7,82.13,81.831,81.584,81.584,Q3
2022,16,2022-09-11,Italian Grand Prix,monza,ricciardo,RIC,mclaren,8,82.139,81.855,81.925,81.855,Q3
2022,16,2022-09-11,Italian Grand Prix,monza,gasly,GAS,alphatauri,9,82.01,82.062,82.648,82.01,Q3
2022,16,2022-09-11,Italian Grand Prix,monza,alonso,ALO,alpine,10,82.089,81.861,,81.861,Q2
2022,16,2022-09-11,Italian Grand Prix,monza,ocon,OCO,alpine,11,82.166,82.13,,82.13,Q2
2022,16,2022-09-11,Italian Grand Prix,monza,bottas,BOT,alfa,12,82.254,82.235,,82.235,Q2
2022,16,2022-09-11,Italian Grand Prix,monza,de_vries,DEV,williams,13,82.56700000000001,82.471,,82.471,Q2
2022,16,2022-09-11,Italian Grand Prix,monza,zhou,ZHO,alfa,14,82.003,82.577,,82.003,Q2
2022,16,2022-09-11,Italian Grand Prix,monza,tsunoda,TSU,alphatauri,15,82.02,,,82.02,Q1
2022,16,2022-09-11,Italian Grand Prix,monza,latifi,LAT,williams,16,82.587,,,82.587,Q1
2022,16,2022-09-11,Italian Grand Prix,monza,vettel,VET,aston_martin,17,82.636,,,82.636,Q1
2022,16,2022-09-11,Italian Grand Prix,monza,stroll,STR,aston_martin,18,82.748,,,82.748,Q1
2022,16,2022-09-11,Italian Grand Prix,monza,kevin_magnussen,MAG,haas,19,82.908,,,82.908,Q1
2022,16,2022-09-11,Italian Grand Prix,monza,mick_schumacher,MSC,haas,20,83.005,,,83.005,Q1
2022,17,2022-10-02,Singapore Grand Prix,marina_bay,leclerc,LEC,ferrari,1,114.12899999999999,112.343,109.412,109.412,Q3
2022,17,2022-10-02,Singapore Grand Prix,marina_bay,perez,PER,red_bull,2,114.404,112.818,109.434,109.434,Q3
2022,17,2022-10-02,Singapore Grand Prix,marina_bay,hamilton,HAM,mercedes,3,113.161,112.691,109.46600000000001,109.46600000000001,Q3
2022,17,2022-10-02,Singapore Grand Prix,marina_bay,sainz,SAI,ferrari,4,114.559,113.219,109.583,109.583,Q3
2022,17,2022-10-02,Singapore Grand Prix,marina_bay,alonso,ALO,alpine,5,115.36,113.12700000000001,109.96600000000001,109.96600000000001,Q3
2022,17,2022-10-02,Singapore Grand Prix,marina_bay,norris,NOR,mclaren,6,115.914,113.94200000000001,110.584,110.584,Q3
2022,17,2022-10-02,Singapore Grand Prix,marina_bay,gasly,GAS,alphatauri,7,115.606,113.54599999999999,111.211,111.211,Q3
2022,17,2022-10-02,Singapore Grand Prix,marina_bay,max_verstappen,VER,red_bull,8,113.057,112.723,111.39500000000001,111.39500000000001,Q3
2022,17,2022-10-02,Singapore Grand Prix,marina_bay,kevin_magnussen,MAG,haas,9,115.10300000000001,114.006,111.57300000000001,111.57300000000001,Q3
2022,17,2022-10-02,Singapore Grand Prix,marina_bay,tsunoda,TSU,alphatauri,10,115.314,113.848,111.983,111.983,Q3
2022,17,2022-10-02,Singapore Grand Prix,marina_bay,russell,RUS,mercedes,11,114.63300000000001,114.012,,114.012,Q2
2022,17,2022-10-02,Singapore Grand Prix,marina_bay,stroll,STR,aston_martin,12,115.62899999999999,114.211,,114.211,Q2
2022,17,2022-10-02,Singapore Grand Prix,marina_bay,mick_schumacher,MSC,haas,13,115.73599999999999,114.37,,114.37,Q2
2022,17,2022-10-02,Singapore Grand Prix,marina_bay,vettel,VET,aston_martin,14,115.602,114.38,,114.38,Q2
2022,17,2022-10-02,Singapore Grand Prix,marina_bay,zhou,ZHO,alfa,15,115.375,115.518,,115.375,Q2
2022,17,2022-10-02,Singapore Grand Prix,marina_bay,bottas,BOT,alfa,16,116.083,,,116.083,Q1
2022,17,2022-10-02,Singapore Grand Prix,marina_bay,ricciardo,RIC,mclaren,17,116.226,,,116.226,Q1
2022,17,2022-10-02,Singapore Grand Prix,marina_bay,ocon,OCO,alpine,18,116.337,,,116.337,Q1
2022,17,2022-10-02,Singapore Grand Prix,marina_bay,albon,ALB,williams,19,116.985,,,116.985,Q1
2022,17,2022-10-02,Singapore Grand Prix,marina_bay,latifi,LAT,williams,20,117.532,,,117.532,Q1
2022,18,2022-10-09,Japanese Grand Prix,suzuka,max_verstappen,VER,red_bull,1,90.224,90.346,89.304,89.304,Q3
2022,18,2022-10-09,Japanese Grand Prix,suzuka,leclerc,LEC,ferrari,2,90.402,90.486,89.314,89.314,Q3
2022,18,2022-10-09,Japanese Grand Prix,suzuka,sainz,SAI,ferrari,3,90.336,90.444,89.361,89.361,Q3
2022,18,2022-10-09,Japanese Grand Prix,suzuka,perez,PER,red_bull,4,90.622,89.925,89.709,89.709,Q3
2022,18,2022-10-09,Japanese Grand Prix,suzuka,ocon,OCO,alpine,5,90.696,90.357,90.16499999999999,90.16499999999999,Q3
2022,18,2022-10-09,Japanese Grand Prix,suzuka,hamilton,HAM,mercedes,6,90.906,90.443,90.261,90.261,Q3
2022,18,2022-10-09,Japanese Grand Prix,suzuka,alonso,ALO,alpine,7,90.60300000000001,90.343,90.322,90.322,Q3
2022,18,2022-10-09,Japanese Grand Prix,suzuka,russell,RUS,mercedes,8,90.865,90.465,90.389,90.389,Q3
2022,18,2022-10-09,Japanese Grand Prix,suzuka,vettel,VET,aston_martin,9,91.256,90.656,90.554,90.554,Q3
2022,18,2022-10-09,Japanese Grand Prix,suzuka,norris,NOR,mclaren,10,90.881,90.473,91.003,90.473,Q3
2022,18,2022-10-09,Japanese Grand Prix,suzuka,ricciardo,RIC,mclaren,11,90.88,90.65899999999999,,90.65899999999999,Q2
2022,18,2022-10-09,Japanese Grand Prix,suzuka,bottas,BOT,alfa,12,91.226,90.709,,90.709,Q2
2022,18,2022-10-09,Japanese Grand Prix,suzuka,tsunoda,TSU,alphatauri,13,91.13,90.80799999999999,,90.80799999999999,Q2
2022,18,2022-10-09,Japanese Grand Prix,suzuka,zhou,ZHO,alfa,14,90.894,90.953,,90.894,Q2
2022,18,2022-10-09,Japanese Grand Prix,suzuka,mick_schumacher,MSC,haas,15,91.152,91.439,,91.152,Q2
2022,18,2022-10-09,Japanese Grand Prix,suzuka,albon,ALB,williams,16,91.311,,,91.311,Q1
2022,18,2022-10-09,Japanese Grand Prix,suzuka,gasly,GAS,alphatauri,17,91.322,,,91.322,Q1
2022,18,2022-10-09,Japanese Grand Prix,suzuka,kevin_magnussen,MAG,haas,18,91.352,,,91.352,Q1
2022,18,2022-10-09,Japanese Grand Prix,suzuka,stroll,STR,aston_martin,19,91.419,,,91.419,Q1
2022,18,2022-10-09,Japanese Grand Prix,suzuka,latifi,LAT,williams,20,91.511,,,91.511,Q1
2022,19,2022-10-23,United States Grand Prix,americas,sainz,SAI,ferrari,1,95.297,95.59,94.356,94.356,Q3
2022,19,2022-10-23,United States Grand Prix,americas,leclerc,LEC,ferrari,2,95.795,95.24600000000001,94.42099999999999,94.42099999999999,Q3
2022,19,2022-10-23,United States Grand Prix,americas,max_verstappen,VER,red_bull,3,95.864,95.294,94.44800000000001,94.44800000000001,Q3
2022,19,2022-10-23,United States Grand Prix,americas,perez,PER,red_bull,4,96.163,95.864,94.64500000000001,94.64500000000001,Q3
2022,19,2022-10-23,United States Grand Prix,americas,hamilton,HAM,mercedes,5,96.148,95.732,94.947,94.947,Q3
2022,19,2022-10-23,United States Grand Prix,americas,russell,RUS,mercedes,6,96.195,95.69200000000001,94.988,94.988,Q3
2022,19,2022-10-23,United States Grand Prix,americas,stroll,STR,aston_martin,7,96.86,96.032,95.598,95.598,Q3
2022,19,2022-10-23,United States Grand Prix,americas,norris,NOR,mclaren,8,96.465,96.34100000000001,95.69,95.69,Q3
2022,19,2022-10-23,United States Grand Prix,americas,alonso,ALO,alpine,9,96.446,95.988,95.876,95.876,Q3
2022,19,2022-10-23,United States Grand Prix,americas,bottas,BOT,alfa,10,96.74600000000001,96.321,96.319,96.319,Q3
2022,19,2022-10-23,United States Grand Prix,americas,albon,ALB,williams,11,96.932,96.368,,96.368,Q2
2022,19,2022-10-23,United States Grand Prix,americas,vettel,VET,aston_martin,12,96.695,96.398,,96.398,Q2
2022,19,2022-10-23,United States Grand Prix,americas,gasly,GAS,alphatauri,13,96.577,96.74000000000001,,96.577,Q2
2022,19,2022-10-23,United States Grand Prix,americas,zhou,ZHO,alfa,14,96.656,96.97,,96.656,Q2
2022,19,2022-10-23,United States Grand Prix,americas,tsunoda,TSU,alphatauri,15,96.80799999999999,97.14699999999999,,96.80799999999999,Q2
2022,19,2022-10-23,United States Grand Prix,americas,kevin_magnussen,MAG,haas,16,96.949,,,96.949,Q1
2022,19,2022-10-23,United States Grand Prix,americas,ricciardo,RIC,mclaren,17,97.04599999999999,,,97.04599999999999,Q1
2022,19,2022-10-23,United States Grand Prix,americas,ocon,OCO,alpine,18,97.068,,,97.068,Q1
2022,19,2022-10-23,United States Grand Prix,americas,mick_schumacher,MSC,haas,19,97.11099999999999,,,97.11099999999999,Q1
2022,19,2022-10-23,United States Grand Prix,americas,latifi,LAT,williams,20,97.244,,,97.244,Q1
2022,20,2022-10-30,Mexico City Grand Prix,rodriguez,max_verstappen,VER,red_bull,1,79.22200000000001,78.566,77.775,77.775,Q3
2022,20,2022-10-30,Mexico City Grand Prix,rodriguez,russell,RUS,mercedes,2,79.583,78.565,78.07900000000001,78.07900000000001,Q3
2022,20,2022-10-30,Mexico City Grand Prix,rodriguez,hamilton,HAM,mercedes,3,79.169,78.55199999999999,78.084,78.084,Q3
2022,20,2022-10-30,Mexico City Grand Prix,rodriguez,perez,PER,red_bull,4,79.706,78.615,78.128,78.128,Q3
2022,20,2022-10-30,Mexico City Grand Prix,rodriguez,sainz,SAI,ferrari,5,79.566,78.56,78.351,78.351,Q3
2022,20,2022-10-30,Mexico City Grand Prix,rodriguez,bottas,BOT,alfa,6,79.523,78.762,78.401,78.401,Q3
2022,20,2022-10-30,Mexico City Grand Prix,rodriguez,leclerc,LEC,ferrari,7,79.505,79.10900000000001,78.555,78.555,Q3
2022,20,2022-10-30,Mexico City Grand Prix,rodriguez,norris,NOR,mclaren,8,79.857,79.119,78.721,78.721,Q3
2022,20,2022-10-30,Mexico City Grand Prix,rodriguez,alonso,ALO,alpine,9,80.006,79.27199999999999,78.939,78.939,Q3
2022,20,2022-10-30,Mexico City Grand Prix,rodriguez,ocon,OCO,alpine,10,79.945,79.081,79.01,79.01,Q3
2022,20,2022-10-30,Mexico City Grand Prix,rodriguez,ricciardo,RIC,mclaren,11,80.279,79.325,,79.325,Q2
2022,20,2022-10-30,Mexico City Grand Prix,rodriguez,zhou,ZHO,alfa,12,80.283,79.476,,79.476,Q2
2022,20,2022-10-30,Mexico City Grand Prix,rodriguez,tsunoda,TSU,alphatauri,13,79.907,79.589,,79.589,Q2
2022,20,2022-10-30,Mexico City Grand Prix,rodriguez,gasly,GAS,alphatauri,14,80.256,79.672,,79.672,Q2
2022,20,2022-10-30,Mexico City Grand Prix,rodriguez,kevin_magnussen,MAG,haas,15,80.293,79.833,,79.833,Q2
2022,20,2022-10-30,Mexico City Grand Prix,rodriguez,mick_schumacher,MSC,haas,16,80.419,,,80.419,Q1
2022,20,2022-10-30,Mexico City Grand Prix,rodriguez,vettel,VET,aston_martin,17,80.419,,,80.419,Q1
2022,20,2022-10-30,Mexico City Grand Prix,rodriguez,stroll,STR,aston_martin,18,80.52,,,80.52,Q1
2022,20,2022-10-30,Mexico City Grand Prix,rodriguez,albon,ALB,williams,19,80.85900000000001,,,80.85900000000001,Q1
2022,20,2022-10-30,Mexico City Grand Prix,rodriguez,latifi,LAT,williams,20,81.167,,,81.167,Q1
2022,21,2022-11-13,São Paulo Grand Prix,interlagos,kevin_magnussen,MAG,haas,1,73.95400000000001,71.41,71.674,71.41,Q3
2022,21,2022-11-13,São Paulo Grand Prix,interlagos,max_verstappen,VER,red_bull,2,73.625,70.881,71.877,70.881,Q3
2022,21,2022-11-13,São Paulo Grand Prix,interlagos,russell,RUS,mercedes,3,74.42699999999999,71.318,72.059,71.318,Q3
2022,21,2022-11-13,São Paulo Grand Prix,interlagos,norris,NOR,mclaren,4,73.106,71.377,72.263,71.377,Q3
2022,21,2022-11-13,São Paulo Grand Prix,interlagos,sainz,SAI,ferrari,5,74.68,70.89,72.357,70.89,Q3
2022,21,2022-11-13,São Paulo Grand Prix,interlagos,ocon,OCO,alpine,6,74.663,71.587,72.425,71.587,Q3
2022,21,2022-11-13,São Paulo Grand Prix,interlagos,alonso,ALO,alpine,7,73.542,71.394,72.504,71.394,Q3
2022,21,2022-11-13,São Paulo Grand Prix,interlagos,hamilton,HAM,mercedes,8,73.403,71.539,72.611,71.539,Q3
2022,21,2022-11-13,São Paulo Grand Prix,interlagos,perez,PER,red_bull,9,73.613,71.456,75.601,71.456,Q3
2022,21,2022-11-13,São Paulo Grand Prix,interlagos,leclerc,LEC,ferrari,10,74.486,70.95,,70.95,Q2
2022,21,2022-11-13,São Paulo Grand Prix,interlagos,albon,ALB,williams,11,74.324,71.631,,71.631,Q2
2022,21,2022-11-13,São Paulo Grand Prix,interlagos,gasly,GAS,alphatauri,12,74.371,71.675,,71.675,Q2
2022,21,2022-11-13,São Paulo Grand Prix,interlagos,vettel,VET,aston_martin,13,73.597,71.678,,71.678,Q2
2022,21,2022-11-13,São Paulo Grand Prix,interlagos,ricciardo,RIC,mclaren,14,74.931,72.14,,72.14,Q2
2022,21,2022-11-13,São Paulo Grand Prix,interlagos,stroll,STR,aston_martin,15,74.398,72.21000000000001,,72.21000000000001,Q2
2022,21,2022-11-13,São Paulo Grand Prix,interlagos,latifi,LAT,williams,16,75.095,,,75.095,Q1
2022,21,2022-11-13,São Paulo Grand Prix,interlagos,zhou,ZHO,alfa,17,75.197,,,75.197,Q1
2022,21,2022-11-13,São Paulo Grand Prix,interlagos,bottas,BOT,alfa,18,75.486,,,75.486,Q1
2022,21,2022-11-13,São Paulo Grand Prix,interlagos,tsunoda,TSU,alphatauri,19,76.264,,,76.264,Q1
2022,21,2022-11-13,São Paulo Grand Prix,interlagos,mick_schumacher,MSC,haas,20,76.361,,,76.361,Q1
2022,22,2022-11-20,Abu Dhabi Grand Prix,yas_marina,max_verstappen,VER,red_bull,1,84.754,84.622,83.824,83.824,Q3
2022,22,2022-11-20,Abu Dhabi Grand Prix,yas_marina,perez,PER,red_bull,2,84.82,84.419,84.05199999999999,84.05199999999999,Q3
2022,22,2022-11-20,Abu Dhabi Grand Prix,yas_marina,leclerc,LEC,ferrari,3,85.211,84.517,84.092,84.092,Q3
2022,22,2022-11-20,Abu Dhabi Grand Prix,yas_marina,sainz,SAI,ferrari,4,85.09,84.521,84.242,84.242,Q3
2022,22,2022-11-20,Abu Dhabi Grand Prix,yas_marina,hamilton,HAM,mercedes,5,85.594,84.774,84.508,84.508,Q3
2022,22,2022-11-20,Abu Dhabi Grand Prix,yas_marina,russell,RUS,mercedes,6,85.545,84.94,84.511,84.511,Q3
2022,22,2022-11-20,Abu Dhabi Grand Prix,yas_marina,norris,NOR,mclaren,7,85.387,84.90299999999999,84.769,84.769,Q3
2022,22,2022-11-20,Abu Dhabi Grand Prix,yas_marina,ocon,OCO,alpine,8,85.735,85.007,84.83,84.83,Q3
2022,22,2022-11-20,Abu Dhabi Grand Prix,yas_marina,vettel,VET,aston_martin,9,85.523,84.974,84.961,84.961,Q3
2022,22,2022-11-20,Abu Dhabi Grand Prix,yas_marina,ricciardo,RIC,mclaren,10,85.76599999999999,85.068,85.045,85.045,Q3
2022,22,2022-11-20,Abu Dhabi Grand Prix,yas_marina,alonso,ALO,alpine,11,85.782,85.096,,85.096,Q2
2022,22,2022-11-20,Abu Dhabi Grand Prix,yas_marina,tsunoda,TSU,alphatauri,12,85.63,85.219,,85.219,Q2
2022,22,2022-11-20,Abu Dhabi Grand Prix,yas_marina,mick_schumacher,MSC,haas,13,85.711,85.225,,85.225,Q2
2022,22,2022-11-20,Abu Dhabi Grand Prix,yas_marina,stroll,STR,aston_martin,14,85.741,85.35900000000001,,85.35900000000001,Q2
2022,22,2022-11-20,Abu Dhabi Grand Prix,yas_marina,zhou,ZHO,alfa,15,85.594,85.408,,85.408,Q2
2022,22,2022-11-20,Abu Dhabi Grand Prix,yas_marina,kevin_magnussen,MAG,haas,16,85.834,,,85.834,Q1
2022,22,2022-11-20,Abu Dhabi Grand Prix,yas_marina,gasly,GAS,alphatauri,17,85.85900000000001,,,85.85900000000001,Q1
2022,22,2022-11-20,Abu Dhabi Grand Prix,yas_marina,bottas,BOT,alfa,18,85.892,,,85.892,Q1
2022,22,2022-11-20,Abu Dhabi Grand Prix,yas_marina,albon,ALB,williams,19,86.02799999999999,,,86.02799999999999,Q1
2022,22,2022-11-20,Abu Dhabi Grand Prix,yas_marina,latifi,LAT,williams,20,86.054,,,86.054,Q1
2023,1,2023-03-05,Bahrain Grand Prix,bahrain,max_verstappen,VER,red_bull,1,91.295,90.503,89.708,89.708,Q3
2023,1,2023-03-05,Bahrain Grand Prix,bahrain,perez,PER,red_bull,2,91.479,90.746,89.846,89.846,Q3
2023,1,2023-03-05,Bahrain Grand Prix,bahrain,leclerc,LEC,ferrari,3,91.094,90.282,90.0,90.0,Q3
2023,1,2023-03-05,Bahrain Grand Prix,bahrain,sainz,SAI,ferrari,4,90.993,90.515,90.154,90.154,Q3
2023,1,2023-03-05,Bahrain Grand Prix,bahrain,alonso,ALO,aston_martin,5,91.158,90.645,90.336,90.336,Q3
2023,1,2023-03-05,Bahrain Grand Prix,bahrain,russell,RUS,mercedes,6,91.057,90.507,90.34,90.34,Q3
2023,1,2023-03-05,Bahrain Grand Prix,bahrain,hamilton,HAM,mercedes,7,91.543,90.513,90.384,90.384,Q3
2023,1,2023-03-05,Bahrain Grand Prix,bahrain,stroll,STR,aston_martin,8,91.184,91.127,90.836,90.836,Q3
2023,1,2023-03-05,Bahrain Grand Prix,bahrain,ocon,OCO,alpine,9,91.508,90.914,90.98400000000001,90.914,Q3
2023,1,2023-03-05,Bahrain Grand Prix,bahrain,hulkenberg,HUL,haas,10,91.20400000000001,90.809,,90.809,Q2
2023,1,2023-03-05,Bahrain Grand Prix,bahrain,norris,NOR,mclaren,11,91.652,91.381,,91.381,Q2
2023,1,2023-03-05,Bahrain Grand Prix,bahrain,bottas,BOT,alfa,12,91.504,91.443,,91.443,Q2
2023,1,2023-03-05,Bahrain Grand Prix,bahrain,zhou,ZHO,alfa,13,91.615,91.473,,91.473,Q2
2023,1,2023-03-05,Bahrain Grand Prix,bahrain,tsunoda,TSU,alphatauri,14,91.4,92.50999999999999,,91.4,Q2
2023,1,2023-03-05,Bahrain Grand Prix,bahrain,albon,ALB,williams,15,91.461,,,91.461,Q1
2023,1,2023-03-05,Bahrain Grand Prix,bahrain,sargeant,SAR,williams,16,91.652,,,91.652,Q1
2023,1,2023-03-05,Bahrain Grand Prix,bahrain,kevin_magnussen,MAG,haas,17,91.892,,,91.892,Q1
2023,1,2023-03-05,Bahrain Grand Prix,bahrain,piastri,PIA,mclaren,18,92.101,,,92.101,Q1
2023,1,2023-03-05,Bahrain Grand Prix,bahrain,de_vries,DEV,alphatauri,19,92.12100000000001,,,92.12100000000001,Q1
2023,1,2023-03-05,Bahrain Grand Prix,bahrain,gasly,GAS,alpine,20,92.181,,,92.181,Q1
2023,2,2023-03-19,Saudi Arabian Grand Prix,jeddah,perez,PER,red_bull,1,89.244,88.635,88.265,88.265,Q3
2023,2,2023-03-19,Saudi Arabian Grand Prix,jeddah,leclerc,LEC,ferrari,2,89.376,88.90299999999999,88.42,88.42,Q3
2023,2,2023-03-19,Saudi Arabian Grand Prix,jeddah,alonso,ALO,aston_martin,3,89.298,88.757,88.73,88.73,Q3
2023,2,2023-03-19,Saudi Arabian Grand Prix,jeddah,russell,RUS,mercedes,4,89.592,89.132,88.857,88.857,Q3
2023,2,2023-03-19,Saudi Arabian Grand Prix,jeddah,sainz,SAI,ferrari,5,89.411,88.957,88.931,88.931,Q3
2023,2,2023-03-19,Saudi Arabian Grand Prix,jeddah,stroll,STR,aston_martin,6,89.33500000000001,88.962,88.945,88.945,Q3
2023,2,2023-03-19,Saudi Arabian Grand Prix,jeddah,ocon,OCO,alpine,7,89.707,89.255,89.078,89.078,Q3
2023,2,2023-03-19,Saudi Arabian Grand Prix,jeddah,hamilton,HAM,mercedes,8,89.689,89.374,89.223,89.223,Q3
2023,2,2023-03-19,Saudi Arabian Grand Prix,jeddah,piastri,PIA,mclaren,9,89.706,89.378,89.243,89.243,Q3
2023,2,2023-03-19,Saudi Arabian Grand Prix,jeddah,gasly,GAS,alpine,10,89.89,89.411,89.357,89.357,Q3
2023,2,2023-03-19,Saudi Arabian Grand Prix,jeddah,hulkenberg,HUL,haas,11,89.547,89.451,,89.451,Q2
2023,2,2023-03-19,Saudi Arabian Grand Prix,jeddah,zhou,ZHO,alfa,12,89.654,89.461,,89.461,Q2
2023,2,2023-03-19,Saudi Arabian Grand Prix,jeddah,kevin_magnussen,MAG,haas,13,89.744,89.634,,89.634,Q2
2023,2,2023-03-19,Saudi Arabian Grand Prix,jeddah,bottas,BOT,alfa,14,89.929,89.668,,89.668,Q2
2023,2,2023-03-19,Saudi Arabian Grand Prix,jeddah,max_verstappen,VER,red_bull,15,88.761,109.953,,88.761,Q2
2023,2,2023-03-19,Saudi Arabian Grand Prix,jeddah,tsunoda,TSU,alphatauri,16,89.939,,,89.939,Q1
2023,2,2023-03-19,Saudi Arabian Grand Prix,jeddah,albon,ALB,williams,17,89.994,,,89.994,Q1
2023,2,2023-03-19,Saudi Arabian Grand Prix,jeddah,de_vries,DEV,alphatauri,18,90.244,,,90.244,Q1
2023,2,2023-03-19,Saudi Arabian Grand Prix,jeddah,norris,NOR,mclaren,19,90.447,,,90.447,Q1
2023,2,2023-03-19,Saudi Arabian Grand Prix,jeddah,sargeant,SAR,williams,20,128.51,,,128.51,Q1
2023,3,2023-04-02,Australian Grand Prix,albert_park,max_verstappen,VER,red_bull,1,77.384,77.056,76.732,76.732,Q3
2023,3,2023-04-02,Australian Grand Prix,albert_park,russell,RUS,mercedes,2,77.654,77.513,76.968,76.968,Q3
2023,3,2023-04-02,Australian Grand Prix,albert_park,hamilton,HAM,mercedes,3,77.689,77.551,77.104,77.104,Q3
2023,3,2023-04-02,Australian Grand Prix,albert_park,alonso,ALO,aston_martin,4,77.832,77.283,77.139,77.139,Q3
2023,3,2023-04-02,Australian Grand Prix,albert_park,sainz,SAI,ferrari,5,77.928,77.349,77.27,77.27,Q3
2023,3,2023-04-02,Australian Grand Prix,albert_park,stroll,STR,aston_martin,6,77.873,77.616,77.30799999999999,77.30799999999999,Q3
2023,3,2023-04-02,Australian Grand Prix,albert_park,leclerc,LEC,ferrari,7,78.218,77.39,77.369,77.369,Q3
2023,3,2023-04-02,Australian Grand Prix,albert_park,albon,ALB,williams,8,77.962,77.761,77.60900000000001,77.60900000000001,Q3
2023,3,2023-04-02,Australian Grand Prix,albert_park,gasly,GAS,alpine,9,78.312,77.574,77.675,77.574,Q3
2023,3,2023-04-02,Australian Grand Prix,albert_park,hulkenberg,HUL,haas,10,78.029,77.412,77.735,77.412,Q3
2023,3,2023-04-02,Australian Grand Prix,albert_park,ocon,OCO,alpine,11,77.77,77.768,,77.768,Q2
2023,3,2023-04-02,Australian Grand Prix,albert_park,tsunoda,TSU,alphatauri,12,78.471,78.099,,78.099,Q2
2023,3,2023-04-02,Australian Grand Prix,albert_park,norris,NOR,mclaren,13,78.243,78.119,,78.119,Q2
2023,3,2023-04-02,Australian Grand Prix,albert_park,kevin_magnussen,MAG,haas,14,78.15899999999999,78.129,,78.129,Q2
2023,3,2023-04-02,Australian Grand Prix,albert_park,de_vries,DEV,alphatauri,15,78.45,78.33500000000001,,78.33500000000001,Q2
2023,3,2023-04-02,Australian Grand Prix,albert_park,piastri,PIA,mclaren,16,78.517,,,78.517,Q1
2023,3,2023-04-02,Australian Grand Prix,albert_park,zhou,ZHO,alfa,17,78.53999999999999,,,78.53999999999999,Q1
2023,3,2023-04-02,Australian Grand Prix,albert_park,sargeant,SAR,williams,18,78.557,,,78.557,Q1
2023,3,2023-04-02,Australian Grand Prix,albert_park,bottas,BOT,alfa,19,78.714,,,78.714,Q1
2023,3,2023-04-02,Australian Grand Prix,albert_park,perez,PER,red_bull,20,,,,,Q1
2023,4,2023-04-30,Azerbaijan Grand Prix,baku,leclerc,LEC,ferrari,1,101.269,101.037,100.203,100.203,Q3
2023,4,2023-04-30,Azerbaijan Grand Prix,baku,max_verstappen,VER,red_bull,2,101.398,100.822,100.39099999999999,100.39099999999999,Q3
2023,4,2023-04-30,Azerbaijan Grand Prix,baku,perez,PER,red_bull,3,101.756,101.131,100.495,100.495,Q3
2023,4,2023-04-30,Azerbaijan Grand Prix,baku,sainz,SAI,ferrari,4,102.197,101.369,101.01599999999999,101.01599999999999,Q3
2023,4,2023-04-30,Azerbaijan Grand Prix,baku,hamilton,HAM,mercedes,5,102.113,101.65,101.17699999999999,101.17699999999999,Q3
2023,4,2023-04-30,Azerbaijan Grand Prix,baku,alonso,ALO,aston_martin,6,101.72,101.37,101.253,101.253,Q3
2023,4,2023-04-30,Azerbaijan Grand Prix,baku,norris,NOR,mclaren,7,102.154,101.485,101.281,101.281,Q3
2023,4,2023-04-30,Azerbaijan Grand Prix,baku,tsunoda,TSU,alphatauri,8,102.23400000000001,101.569,101.581,101.569,Q3
2023,4,2023-04-30,Azerbaijan Grand Prix,baku,stroll,STR,aston_martin,9,102.524,101.576,101.61099999999999,101.576,Q3
2023,4,2023-04-30,Azerbaijan Grand Prix,baku,piastri,PIA,mclaren,10,102.455,101.636,101.61099999999999,101.61099999999999,Q3
2023,4,2023-04-30,Azerbaijan Grand Prix,baku,russell,RUS,mercedes,11,102.07300000000001,101.654,,101.654,Q2
2023,4,2023-04-30,Azerbaijan Grand Prix,baku,ocon,OCO,alpine,12,102.622,101.798,,101.798,Q2
2023,4,2023-04-30,Azerbaijan Grand Prix,baku,albon,ALB,williams,13,102.17099999999999,101.818,,101.818,Q2
2023,4,2023-04-30,Azerbaijan Grand Prix,baku,bottas,BOT,alfa,14,102.582,102.259,,102.259,Q2
2023,4,2023-04-30,Azerbaijan Grand Prix,baku,sargeant,SAR,williams,15,102.24199999999999,102.39500000000001,,102.24199999999999,Q2
2023,4,2023-04-30,Azerbaijan Grand Prix,baku,zhou,ZHO,alfa,16,102.642,,,102.642,Q1
2023,4,2023-04-30,Azerbaijan Grand Prix,baku,hulkenberg,HUL,haas,17,102.755,,,102.755,Q1
2023,4,2023-04-30,Azerbaijan Grand Prix,baku,kevin_magnussen,MAG,haas,18,103.417,,,103.417,Q1
2023,4,2023-04-30,Azerbaijan Grand Prix,baku,gasly,GAS,alpine,19,104.85300000000001,,,104.85300000000001,Q1
2023,4,2023-04-30,Azerbaijan Grand Prix,baku,de_vries,DEV,alphatauri,20,115.282,,,115.282,Q1
2023,5,2023-05-07,Miami Grand Prix,miami,perez,PER,red_bull,1,87.713,87.328,86.84100000000001,86.84100000000001,Q3
2023,5,2023-05-07,Miami Grand Prix,miami,alonso,ALO,aston_martin,2,88.179,87.09700000000001,87.202,87.09700000000001,Q3
2023,5,2023-05-07,Miami Grand Prix,miami,sainz,SAI,ferrari,3,87.686,87.148,87.349,87.148,Q3
2023,5,2023-05-07,Miami Grand Prix,miami,kevin_magnussen,MAG,haas,4,87.809,87.673,87.767,87.673,Q3
2023,5,2023-05-07,Miami Grand Prix,miami,gasly,GAS,alpine,5,88.061,87.612,87.786,87.612,Q3
2023,5,2023-05-07,Miami Grand Prix,miami,russell,RUS,mercedes,6,88.086,87.743,87.804,87.743,Q3
2023,5,2023-05-07,Miami Grand Prix,miami,leclerc,LEC,ferrari,7,87.713,86.964,87.861,86.964,Q3
2023,5,2023-05-07,Miami Grand Prix,miami,ocon,OCO,alpine,8,87.872,87.444,87.935,87.444,Q3
2023,5,2023-05-07,Miami Grand Prix,miami,max_verstappen,VER,red_bull,9,87.363,86.814,,86.814,Q2
2023,5,2023-05-07,Miami Grand Prix,miami,bottas,BOT,alfa,10,87.864,87.564,,87.564,Q2
2023,5,2023-05-07,Miami Grand Prix,miami,albon,ALB,williams,11,88.23400000000001,87.795,,87.795,Q2
2023,5,2023-05-07,Miami Grand Prix,miami,hulkenberg,HUL,haas,12,87.945,87.90299999999999,,87.90299999999999,Q2
2023,5,2023-05-07,Miami Grand Prix,miami,hamilton,HAM,mercedes,13,87.846,87.975,,87.846,Q2
2023,5,2023-05-07,Miami Grand Prix,miami,zhou,ZHO,alfa,14,88.18,88.09100000000001,,88.09100000000001,Q2
2023,5,2023-05-07,Miami Grand Prix,miami,de_vries,DEV,alphatauri,15,88.325,88.395,,88.325,Q2
2023,5,2023-05-07,Miami Grand Prix,miami,norris,NOR,mclaren,16,88.394,,,88.394,Q1
2023,5,2023-05-07,Miami Grand Prix,miami,tsunoda,TSU,alphatauri,17,88.429,,,88.429,Q1
2023,5,2023-05-07,Miami Grand Prix,miami,stroll,STR,aston_martin,18,88.476,,,88.476,Q1
2023,5,2023-05-07,Miami Grand Prix,miami,piastri,PIA,mclaren,19,88.48400000000001,,,88.48400000000001,Q1
2023,5,2023-05-07,Miami Grand Prix,miami,sargeant,SAR,williams,20,88.577,,,88.577,Q1
2023,6,2023-05-28,Monaco Grand Prix,monaco,max_verstappen,VER,red_bull,1,72.386,71.908,71.365,71.365,Q3
2023,6,2023-05-28,Monaco Grand Prix,monaco,alonso,ALO,aston_martin,2,72.886,72.107,71.449,71.449,Q3
2023,6,2023-05-28,Monaco Grand Prix,monaco,leclerc,LEC,ferrari,3,72.912,72.103,71.471,71.471,Q3
2023,6,2023-05-28,Monaco Grand Prix,monaco,ocon,OCO,alpine,4,72.967,72.248,71.553,71.553,Q3
2023,6,2023-05-28,Monaco Grand Prix,monaco,sainz,SAI,ferrari,5,72.717,72.21000000000001,71.63,71.63,Q3
2023,6,2023-05-28,Monaco Grand Prix,monaco,hamilton,HAM,mercedes,6,72.872,72.156,71.725,71.725,Q3
2023,6,2023-05-28,Monaco Grand Prix,monaco,gasly,GAS,alpine,7,73.033,72.169,71.93299999999999,71.93299999999999,Q3
2023,6,2023-05-28,Monaco Grand Prix,monaco,russell,RUS,mercedes,8,72.769,72.151,71.964,71.964,Q3
2023,6,2023-05-28,Monaco Grand Prix,monaco,tsunoda,TSU,alphatauri,9,72.642,72.249,72.082,72.082,Q3
2023,6,2023-05-28,Monaco Grand Prix,monaco,norris,NOR,mclaren,10,72.877,72.377,72.254,72.254,Q3
2023,6,2023-05-28,Monaco Grand Prix,monaco,piastri,PIA,mclaren,11,73.006,72.395,,72.395,Q2
2023,6,2023-05-28,Monaco Grand Prix,monaco,de_vries,DEV,alphatauri,12,73.054,72.428,,72.428,Q2
2023,6,2023-05-28,Monaco Grand Prix,monaco,albon,ALB,williams,13,72.706,72.527,,72.527,Q2
2023,6,2023-05-28,Monaco Grand Prix,monaco,stroll,STR,aston_martin,14,72.722,72.623,,72.623,Q2
2023,6,2023-05-28,Monaco Grand Prix,monaco,bottas,BOT,alfa,15,73.038,72.625,,72.625,Q2
2023,6,2023-05-28,Monaco Grand Prix,monaco,sargeant,SAR,williams,16,73.113,,,73.113,Q1
2023,6,2023-05-28,Monaco Grand Prix,monaco,kevin_magnussen,MAG,haas,17,73.27,,,73.27,Q1
2023,6,2023-05-28,Monaco Grand Prix,monaco,hulkenberg,HUL,haas,18,73.279,,,73.279,Q1
2023,6,2023-05-28,Monaco Grand Prix,monaco,zhou,ZHO,alfa,19,73.523,,,73.523,Q1
2023,6,2023-05-28,Monaco Grand Prix,monaco,perez,PER,red_bull,20,73.85,,,73.85,Q1
2023,7,2023-06-04,Spanish Grand Prix,catalunya,max_verstappen,VER,red_bull,1,73.615,72.76,72.272,72.272,Q3
2023,7,2023-06-04,Spanish Grand Prix,catalunya,sainz,SAI,ferrari,2,73.411,72.78999999999999,72.734,72.734,Q3
2023,7,2023-06-04,Spanish Grand Prix,catalunya,norris,NOR,mclaren,3,73.295,72.776,72.792,72.776,Q3
2023,7,2023-06-04,Spanish Grand Prix,catalunya,gasly,GAS,alpine,4,73.471,73.186,72.816,72.816,Q3
2023,7,2023-06-04,Spanish Grand Prix,catalunya,hamilton,HAM,mercedes,5,72.937,72.999,72.818,72.818,Q3
2023,7,2023-06-04,Spanish Grand Prix,catalunya,stroll,STR,aston_martin,6,73.766,73.082,72.994,72.994,Q3
2023,7,2023-06-04,Spanish Grand Prix,catalunya,ocon,OCO,alpine,7,73.43299999999999,73.001,73.083,73.001,Q3
2023,7,2023-06-04,Spanish Grand Prix,catalunya,hulkenberg,HUL,haas,8,73.42,73.283,73.229,73.229,Q3
2023,7,2023-06-04,Spanish Grand Prix,catalunya,alonso,ALO,aston_martin,9,73.747,73.098,73.507,73.098,Q3
2023,7,2023-06-04,Spanish Grand Prix,catalunya,piastri,PIA,mclaren,10,73.691,73.059,73.682,73.059,Q3
2023,7,2023-06-04,Spanish Grand Prix,catalunya,perez,PER,red_bull,11,73.874,73.334,,73.334,Q2
2023,7,2023-06-04,Spanish Grand Prix,catalunya,russell,RUS,mercedes,12,73.326,73.447,,73.326,Q2
2023,7,2023-06-04,Spanish Grand Prix,catalunya,zhou,ZHO,alfa,13,73.67699999999999,73.521,,73.521,Q2
2023,7,2023-06-04,Spanish Grand Prix,catalunya,de_vries,DEV,alphatauri,14,73.581,74.083,,73.581,Q2
2023,7,2023-06-04,Spanish Grand Prix,catalunya,tsunoda,TSU,alphatauri,15,73.862,74.477,,73.862,Q2
2023,7,2023-06-04,Spanish Grand Prix,catalunya,bottas,BOT,alfa,16,73.977,,,73.977,Q1
2023,7,2023-06-04,Spanish Grand Prix,catalunya,kevin_magnussen,MAG,haas,17,74.042,,,74.042,Q1
2023,7,2023-06-04,Spanish Grand Prix,catalunya,albon,ALB,williams,18,74.063,,,74.063,Q1
2023,7,2023-06-04,Spanish Grand Prix,catalunya,leclerc,LEC,ferrari,19,74.07900000000001,,,74.07900000000001,Q1
2023,7,2023-06-04,Spanish Grand Prix,catalunya,sargeant,SAR,williams,20,74.699,,,74.699,Q1
2023,8,2023-06-18,Canadian Grand Prix,villeneuve,max_verstappen,VER,red_bull,1,80.851,79.092,85.858,79.092,Q3
2023,8,2023-06-18,Canadian Grand Prix,villeneuve,hulkenberg,HUL,haas,2,82.73,80.305,87.102,80.305,Q3
2023,8,2023-06-18,Canadian Grand Prix,villeneuve,alonso,ALO,aston_martin,3,81.481,79.776,87.286,79.776,Q3
2023,8,2023-06-18,Canadian Grand Prix,villeneuve,hamilton,HAM,mercedes,4,81.554,80.426,87.627,80.426,Q3
2023,8,2023-06-18,Canadian Grand Prix,villeneuve,russell,RUS,mercedes,5,81.798,80.098,87.893,80.098,Q3
2023,8,2023-06-18,Canadian Grand Prix,villeneuve,ocon,OCO,alpine,6,82.114,80.406,87.945,80.406,Q3
2023,8,2023-06-18,Canadian Grand Prix,villeneuve,norris,NOR,mclaren,7,81.998,79.34700000000001,88.04599999999999,79.34700000000001,Q3
2023,8,2023-06-18,Canadian Grand Prix,villeneuve,sainz,SAI,ferrari,8,82.248,79.856,89.294,79.856,Q3
2023,8,2023-06-18,Canadian Grand Prix,villeneuve,piastri,PIA,mclaren,9,82.19,79.65899999999999,91.349,79.65899999999999,Q3
2023,8,2023-06-18,Canadian Grand Prix,villeneuve,albon,ALB,williams,10,81.938,78.725,,78.725,Q2
2023,8,2023-06-18,Canadian Grand Prix,villeneuve,leclerc,LEC,ferrari,11,81.843,80.615,,80.615,Q2
2023,8,2023-06-18,Canadian Grand Prix,villeneuve,perez,PER,red_bull,12,82.151,80.959,,80.959,Q2
2023,8,2023-06-18,Canadian Grand Prix,villeneuve,stroll,STR,aston_martin,13,82.67699999999999,81.48400000000001,,81.48400000000001,Q2
2023,8,2023-06-18,Canadian Grand Prix,villeneuve,kevin_magnussen,MAG,haas,14,82.351,81.678,,81.678,Q2
2023,8,2023-06-18,Canadian Grand Prix,villeneuve,bottas,BOT,alfa,15,82.332,81.821,,81.821,Q2
2023,8,2023-06-18,Canadian Grand Prix,villeneuve,tsunoda,TSU,alphatauri,16,82.746,,,82.746,Q1
2023,8,2023-06-18,Canadian Grand Prix,villeneuve,gasly,GAS,alpine,17,82.886,,,82.886,Q1
2023,8,2023-06-18,Canadian Grand Prix,villeneuve,de_vries,DEV,alphatauri,18,83.137,,,83.137,Q1
2023,8,2023-06-18,Canadian Grand Prix,villeneuve,sargeant,SAR,williams,19,83.337,,,83.337,Q1
2023,8,2023-06-18,Canadian Grand Prix,villeneuve,zhou,ZHO,alfa,20,83.342,,,83.342,Q1
2023,9,2023-07-02,Austrian Grand Prix,red_bull_ring,max_verstappen,VER,red_bull,1,65.116,64.951,64.391,64.391,Q3
2023,9,2023-07-02,Austrian Grand Prix,red_bull_ring,leclerc,LEC,ferrari,2,65.577,65.087,64.439,64.439,Q3
2023,9,2023-07-02,Austrian Grand Prix,red_bull_ring,sainz,SAI,ferrari,3,65.339,64.975,64.581,64.581,Q3
2023,9,2023-07-02,Austrian Grand Prix,red_bull_ring,norris,NOR,mclaren,4,65.617,65.038,64.658,64.658,Q3
2023,9,2023-07-02,Austrian Grand Prix,red_bull_ring,hamilton,HAM,mercedes,5,65.673,65.188,64.819,64.819,Q3
2023,9,2023-07-02,Austrian Grand Prix,red_bull_ring,stroll,STR,aston_martin,6,65.71,65.121,64.893,64.893,Q3
2023,9,2023-07-02,Austrian Grand Prix,red_bull_ring,alonso,ALO,aston_martin,7,65.655,65.181,64.911,64.911,Q3
2023,9,2023-07-02,Austrian Grand Prix,red_bull_ring,hulkenberg,HUL,haas,8,65.74,65.362,65.09,65.09,Q3
2023,9,2023-07-02,Austrian Grand Prix,red_bull_ring,gasly,GAS,alpine,9,65.515,65.30799999999999,65.17,65.17,Q3
2023,9,2023-07-02,Austrian Grand Prix,red_bull_ring,albon,ALB,williams,10,65.673,65.387,65.82300000000001,65.387,Q3
2023,9,2023-07-02,Austrian Grand Prix,red_bull_ring,russell,RUS,mercedes,11,65.686,65.428,,65.428,Q2
2023,9,2023-07-02,Austrian Grand Prix,red_bull_ring,ocon,OCO,alpine,12,65.729,65.453,,65.453,Q2
2023,9,2023-07-02,Austrian Grand Prix,red_bull_ring,piastri,PIA,mclaren,13,65.68299999999999,65.605,,65.605,Q2
2023,9,2023-07-02,Austrian Grand Prix,red_bull_ring,bottas,BOT,alfa,14,65.763,65.68,,65.68,Q2
2023,9,2023-07-02,Austrian Grand Prix,red_bull_ring,perez,PER,red_bull,15,65.17699999999999,126.688,,65.17699999999999,Q2
2023,9,2023-07-02,Austrian Grand Prix,red_bull_ring,tsunoda,TSU,alphatauri,16,65.784,,,65.784,Q1
2023,9,2023-07-02,Austrian Grand Prix,red_bull_ring,zhou,ZHO,alfa,17,65.818,,,65.818,Q1
2023,9,2023-07-02,Austrian Grand Prix,red_bull_ring,sargeant,SAR,williams,18,65.94800000000001,,,65.94800000000001,Q1
2023,9,2023-07-02,Austrian Grand Prix,red_bull_ring,kevin_magnussen,MAG,haas,19,65.971,,,65.971,Q1
2023,9,2023-07-02,Austrian Grand Prix,red_bull_ring,de_vries,DEV,alphatauri,20,65.974,,,65.974,Q1
2023,10,2023-07-09,British Grand Prix,silverstone,max_verstappen,VER,red_bull,1,89.428,87.702,86.72,86.72,Q3
2023,10,2023-07-09,British Grand Prix,silverstone,norris,NOR,mclaren,2,88.917,88.042,86.961,86.961,Q3
2023,10,2023-07-09,British Grand Prix,silverstone,piastri,PIA,mclaren,3,89.874,87.845,87.092,87.092,Q3
2023,10,2023-07-09,British Grand Prix,silverstone,leclerc,LEC,ferrari,4,89.143,88.361,87.136,87.136,Q3
2023,10,2023-07-09,British Grand Prix,silverstone,sainz,SAI,ferrari,5,89.865,88.265,87.148,87.148,Q3
2023,10,2023-07-09,British Grand Prix,silverstone,russell,RUS,mercedes,6,89.412,88.782,87.155,87.155,Q3
2023,10,2023-07-09,British Grand Prix,silverstone,hamilton,HAM,mercedes,7,89.41499999999999,88.545,87.211,87.211,Q3
2023,10,2023-07-09,British Grand Prix,silverstone,albon,ALB,williams,8,89.46600000000001,88.06700000000001,87.53,87.53,Q3
2023,10,2023-07-09,British Grand Prix,silverstone,alonso,ALO,aston_martin,9,89.949,88.368,87.65899999999999,87.65899999999999,Q3
2023,10,2023-07-09,British Grand Prix,silverstone,gasly,GAS,alpine,10,89.533,88.751,87.689,87.689,Q3
2023,10,2023-07-09,British Grand Prix,silverstone,hulkenberg,HUL,haas,11,89.60300000000001,88.896,,88.896,Q2
2023,10,2023-07-09,British Grand Prix,silverstone,stroll,STR,aston_martin,12,89.44800000000001,88.935,,88.935,Q2
2023,10,2023-07-09,British Grand Prix,silverstone,ocon,OCO,alpine,13,89.7,88.956,,88.956,Q2
2023,10,2023-07-09,British Grand Prix,silverstone,sargeant,SAR,williams,14,89.873,89.031,,89.031,Q2
2023,10,2023-07-09,British Grand Prix,silverstone,perez,PER,red_bull,15,89.968,,,89.968,Q1
2023,10,2023-07-09,British Grand Prix,silverstone,bottas,BOT,alfa,15,89.798,,,89.798,Q1
2023,10,2023-07-09,British Grand Prix,silverstone,tsunoda,TSU,alphatauri,16,90.025,,,90.025,Q1
2023,10,2023-07-09,British Grand Prix,silverstone,zhou,ZHO,alfa,17,90.123,,,90.123,Q1
2023,10,2023-07-09,British Grand Prix,silverstone,de_vries,DEV,alphatauri,18,90.513,,,90.513,Q1
2023,10,2023-07-09,British Grand Prix,silverstone,kevin_magnussen,MAG,haas,19,92.378,,,92.378,Q1
2023,11,2023-07-23,Hungarian Grand Prix,hungaroring,hamilton,HAM,mercedes,1,78.577,77.42699999999999,76.60900000000001,76.60900000000001,Q3
2023,11,2023-07-23,Hungarian Grand Prix,hungaroring,max_verstappen,VER,red_bull,2,78.318,77.547,76.612,76.612,Q3
2023,11,2023-07-23,Hungarian Grand Prix,hungaroring,norris,NOR,mclaren,3,78.697,77.328,76.694,76.694,Q3
2023,11,2023-07-23,Hungarian Grand Prix,hungaroring,piastri,PIA,mclaren,4,78.464,77.571,76.905,76.905,Q3
2023,11,2023-07-23,Hungarian Grand Prix,hungaroring,zhou,ZHO,alfa,5,78.143,77.7,76.971,76.971,Q3
2023,11,2023-07-23,Hungarian Grand Prix,hungaroring,leclerc,LEC,ferrari,6,78.44,77.58,76.992,76.992,Q3
2023,11,2023-07-23,Hungarian Grand Prix,hungaroring,bottas,BOT,alfa,7,78.775,77.563,77.03399999999999,77.03399999999999,Q3
2023,11,2023-07-23,Hungarian Grand Prix,hungaroring,alonso,ALO,aston_martin,8,78.58,77.701,77.035,77.035,Q3
2023,11,2023-07-23,Hungarian Grand Prix,hungaroring,perez,PER,red_bull,9,78.36,77.675,77.045,77.045,Q3
2023,11,2023-07-23,Hungarian Grand Prix,hungaroring,hulkenberg,HUL,haas,10,78.695,77.652,77.186,77.186,Q3
2023,11,2023-07-23,Hungarian Grand Prix,hungaroring,sainz,SAI,ferrari,11,78.393,77.703,,77.703,Q2
2023,11,2023-07-23,Hungarian Grand Prix,hungaroring,ocon,OCO,alpine,12,78.854,77.84100000000001,,77.84100000000001,Q2
2023,11,2023-07-23,Hungarian Grand Prix,hungaroring,ricciardo,RIC,alphatauri,13,78.906,78.002,,78.002,Q2
2023,11,2023-07-23,Hungarian Grand Prix,hungaroring,stroll,STR,aston_martin,14,78.782,78.144,,78.144,Q2
2023,11,2023-07-23,Hungarian Grand Prix,hungaroring,gasly,GAS,alpine,15,78.743,78.217,,78.217,Q2
2023,11,2023-07-23,Hungarian Grand Prix,hungaroring,albon,ALB,williams,16,78.917,,,78.917,Q1
2023,11,2023-07-23,Hungarian Grand Prix,hungaroring,tsunoda,TSU,alphatauri,17,78.919,,,78.919,Q1
2023,11,2023-07-23,Hungarian Grand Prix,hungaroring,russell,RUS,mercedes,18,79.027,,,79.027,Q1
2023,11,2023-07-23,Hungarian Grand Prix,hungaroring,kevin_magnussen,MAG,haas,19,79.206,,,79.206,Q1
2023,11,2023-07-23,Hungarian Grand Prix,hungaroring,sargeant,SAR,williams,20,79.248,,,79.248,Q1
2023,12,2023-07-30,Belgian Grand Prix,spa,max_verstappen,VER,red_bull,1,118.515,112.78399999999999,106.168,106.168,Q3
2023,12,2023-07-30,Belgian Grand Prix,spa,leclerc,LEC,ferrari,2,118.3,112.017,106.988,106.988,Q3
2023,12,2023-07-30,Belgian Grand Prix,spa,perez,PER,red_bull,3,118.899,112.35300000000001,107.045,107.045,Q3
2023,12,2023-07-30,Belgian Grand Prix,spa,hamilton,HAM,mercedes,4,118.563,112.345,107.087,107.087,Q3
2023,12,2023-07-30,Belgian Grand Prix,spa,sainz,SAI,ferrari,5,118.688,111.711,107.152,107.152,Q3
2023,12,2023-07-30,Belgian Grand Prix,spa,piastri,PIA,mclaren,6,118.872,111.53399999999999,107.36500000000001,107.36500000000001,Q3
2023,12,2023-07-30,Belgian Grand Prix,spa,norris,NOR,mclaren,7,119.981,112.25200000000001,107.669,107.669,Q3
2023,12,2023-07-30,Belgian Grand Prix,spa,russell,RUS,mercedes,8,119.035,112.60499999999999,107.805,107.805,Q3
2023,12,2023-07-30,Belgian Grand Prix,spa,alonso,ALO,aston_martin,9,118.834,112.751,107.843,107.843,Q3
2023,12,2023-07-30,Belgian Grand Prix,spa,stroll,STR,aston_martin,10,119.663,112.193,108.84100000000001,108.84100000000001,Q3
2023,12,2023-07-30,Belgian Grand Prix,spa,tsunoda,TSU,alphatauri,11,119.044,113.148,,113.148,Q2
2023,12,2023-07-30,Belgian Grand Prix,spa,gasly,GAS,alpine,12,119.511,113.67099999999999,,113.67099999999999,Q2
2023,12,2023-07-30,Belgian Grand Prix,spa,kevin_magnussen,MAG,haas,13,120.02,114.16,,114.16,Q2
2023,12,2023-07-30,Belgian Grand Prix,spa,bottas,BOT,alfa,14,119.48400000000001,114.694,,114.694,Q2
2023,12,2023-07-30,Belgian Grand Prix,spa,ocon,OCO,alpine,15,119.634,116.372,,116.372,Q2
2023,12,2023-07-30,Belgian Grand Prix,spa,albon,ALB,williams,16,120.314,,,120.314,Q1
2023,12,2023-07-30,Belgian Grand Prix,spa,zhou,ZHO,alfa,17,120.832,,,120.832,Q1
2023,12,2023-07-30,Belgian Grand Prix,spa,sargeant,SAR,williams,18,121.535,,,121.535,Q1
2023,12,2023-07-30,Belgian Grand Prix,spa,ricciardo,RIC,alphatauri,19,122.159,,,122.159,Q1
2023,12,2023-07-30,Belgian Grand Prix,spa,hulkenberg,HUL,haas,20,123.166,,,123.166,Q1
2023,13,2023-08-27,Dutch Grand Prix,zandvoort,max_verstappen,VER,red_bull,1,80.965,78.856,70.56700000000001,70.56700000000001,Q3
2023,13,2023-08-27,Dutch Grand Prix,zandvoort,norris,NOR,mclaren,2,81.276,79.769,71.104,71.104,Q3
2023,13,2023-08-27,Dutch Grand Prix,zandvoort,russell,RUS,mercedes,3,81.345,79.62,71.294,71.294,Q3
2023,13,2023-08-27,Dutch Grand Prix,zandvoort,albon,ALB,williams,4,80.939,79.399,71.419,71.419,Q3
2023,13,2023-08-27,Dutch Grand Prix,zandvoort,alonso,ALO,aston_martin,5,81.84,79.429,71.506,71.506,Q3
2023,13,2023-08-27,Dutch Grand Prix,zandvoort,sainz,SAI,ferrari,6,81.321,79.929,71.754,71.754,Q3
2023,13,2023-08-27,Dutch Grand Prix,zandvoort,perez,PER,red_bull,7,81.97200000000001,79.856,71.88,71.88,Q3
2023,13,2023-08-27,Dutch Grand Prix,zandvoort,piastri,PIA,mclaren,8,81.231,79.392,71.938,71.938,Q3
2023,13,2023-08-27,Dutch Grand Prix,zandvoort,leclerc,LEC,ferrari,9,82.019,79.6,72.66499999999999,72.66499999999999,Q3
2023,13,2023-08-27,Dutch Grand Prix,zandvoort,sargeant,SAR,williams,10,82.036,80.06700000000001,76.748,76.748,Q3
2023,13,2023-08-27,Dutch Grand Prix,zandvoort,stroll,STR,aston_martin,11,81.57,80.121,,80.121,Q2
2023,13,2023-08-27,Dutch Grand Prix,zandvoort,gasly,GAS,alpine,12,81.735,80.128,,80.128,Q2
2023,13,2023-08-27,Dutch Grand Prix,zandvoort,hamilton,HAM,mercedes,13,81.919,80.151,,80.151,Q2
2023,13,2023-08-27,Dutch Grand Prix,zandvoort,tsunoda,TSU,alphatauri,14,81.781,80.23,,80.23,Q2
2023,13,2023-08-27,Dutch Grand Prix,zandvoort,hulkenberg,HUL,haas,15,81.89099999999999,80.25,,80.25,Q2
2023,13,2023-08-27,Dutch Grand Prix,zandvoort,zhou,ZHO,alfa,16,82.06700000000001,,,82.06700000000001,Q1
2023,13,2023-08-27,Dutch Grand Prix,zandvoort,ocon,OCO,alpine,17,82.11,,,82.11,Q1
2023,13,2023-08-27,Dutch Grand Prix,zandvoort,kevin_magnussen,MAG,haas,18,82.19200000000001,,,82.19200000000001,Q1
2023,13,2023-08-27,Dutch Grand Prix,zandvoort,bottas,BOT,alfa,19,82.26,,,82.26,Q1
2023,13,2023-08-27,Dutch Grand Prix,zandvoort,lawson,LAW,alphatauri,20,83.42,,,83.42,Q1
2023,14,2023-09-03,Italian Grand Prix,monza,sainz,SAI,ferrari,1,81.965,80.991,80.294,80.294,Q3
2023,14,2023-09-03,Italian Grand Prix,monza,max_verstappen,VER,red_bull,2,81.57300000000001,80.937,80.307,80.307,Q3
2023,14,2023-09-03,Italian Grand Prix,monza,leclerc,LEC,ferrari,3,81.788,80.977,80.361,80.361,Q3
2023,14,2023-09-03,Italian Grand Prix,monza,russell,RUS,mercedes,4,82.148,81.382,80.67099999999999,80.67099999999999,Q3
2023,14,2023-09-03,Italian Grand Prix,monza,perez,PER,red_bull,5,81.911,81.24,80.688,80.688,Q3
2023,14,2023-09-03,Italian Grand Prix,monza,albon,ALB,williams,6,81.661,81.27199999999999,80.76,80.76,Q3
2023,14,2023-09-03,Italian Grand Prix,monza,piastri,PIA,mclaren,7,82.106,81.527,80.785,80.785,Q3
2023,14,2023-09-03,Italian Grand Prix,monza,hamilton,HAM,mercedes,8,81.977,81.369,80.82,80.82,Q3
2023,14,2023-09-03,Italian Grand Prix,monza,norris,NOR,mclaren,9,81.995,81.581,80.979,80.979,Q3
2023,14,2023-09-03,Italian Grand Prix,monza,alonso,ALO,aston_martin,10,82.043,81.543,81.417,81.417,Q3
2023,14,2023-09-03,Italian Grand Prix,monza,tsunoda,TSU,alphatauri,11,81.852,81.594,,81.594,Q2
2023,14,2023-09-03,Italian Grand Prix,monza,lawson,LAW,alphatauri,12,82.112,81.758,,81.758,Q2
2023,14,2023-09-03,Italian Grand Prix,monza,hulkenberg,HUL,haas,13,82.343,81.776,,81.776,Q2
2023,14,2023-09-03,Italian Grand Prix,monza,bottas,BOT,alfa,14,82.249,81.94,,81.94,Q2
2023,14,2023-09-03,Italian Grand Prix,monza,sargeant,SAR,williams,15,81.93,81.944,,81.93,Q2
2023,14,2023-09-03,Italian Grand Prix,monza,zhou,ZHO,alfa,16,82.39,,,82.39,Q1
2023,14,2023-09-03,Italian Grand Prix,monza,gasly,GAS,alpine,17,82.545,,,82.545,Q1
2023,14,2023-09-03,Italian Grand Prix,monza,ocon,OCO,alpine,18,82.548,,,82.548,Q1
2023,14,2023-09-03,Italian Grand Prix,monza,kevin_magnussen,MAG,haas,19,82.592,,,82.592,Q1
2023,14,2023-09-03,Italian Grand Prix,monza,stroll,STR,aston_martin,20,82.86,,,82.86,Q1
2023,15,2023-09-17,Singapore Grand Prix,marina_bay,sainz,SAI,ferrari,1,92.339,91.439,90.98400000000001,90.98400000000001,Q3
2023,15,2023-09-17,Singapore Grand Prix,marina_bay,russell,RUS,mercedes,2,92.331,91.743,91.056,91.056,Q3
2023,15,2023-09-17,Singapore Grand Prix,marina_bay,leclerc,LEC,ferrari,3,92.406,92.012,91.063,91.063,Q3
2023,15,2023-09-17,Singapore Grand Prix,marina_bay,norris,NOR,mclaren,4,92.483,91.951,91.27,91.27,Q3
2023,15,2023-09-17,Singapore Grand Prix,marina_bay,hamilton,HAM,mercedes,5,92.65100000000001,92.019,91.485,91.485,Q3
2023,15,2023-09-17,Singapore Grand Prix,marina_bay,kevin_magnussen,MAG,haas,6,92.24199999999999,91.892,91.575,91.575,Q3
2023,15,2023-09-17,Singapore Grand Prix,marina_bay,alonso,ALO,aston_martin,7,92.584,91.83500000000001,91.615,91.615,Q3
2023,15,2023-09-17,Singapore Grand Prix,marina_bay,ocon,OCO,alpine,8,92.369,92.089,91.673,91.673,Q3
2023,15,2023-09-17,Singapore Grand Prix,marina_bay,hulkenberg,HUL,haas,9,92.1,91.994,91.80799999999999,91.80799999999999,Q3
2023,15,2023-09-17,Singapore Grand Prix,marina_bay,lawson,LAW,alphatauri,10,92.215,92.166,92.268,92.166,Q3
2023,15,2023-09-17,Singapore Grand Prix,marina_bay,max_verstappen,VER,red_bull,11,92.398,92.173,,92.173,Q2
2023,15,2023-09-17,Singapore Grand Prix,marina_bay,gasly,GAS,alpine,12,92.452,92.274,,92.274,Q2
2023,15,2023-09-17,Singapore Grand Prix,marina_bay,perez,PER,red_bull,13,92.09899999999999,92.31,,92.09899999999999,Q2
2023,15,2023-09-17,Singapore Grand Prix,marina_bay,albon,ALB,williams,14,92.668,93.719,,92.668,Q2
2023,15,2023-09-17,Singapore Grand Prix,marina_bay,tsunoda,TSU,alphatauri,15,91.991,,,91.991,Q1
2023,15,2023-09-17,Singapore Grand Prix,marina_bay,bottas,BOT,alfa,16,92.809,,,92.809,Q1
2023,15,2023-09-17,Singapore Grand Prix,marina_bay,piastri,PIA,mclaren,17,92.902,,,92.902,Q1
2023,15,2023-09-17,Singapore Grand Prix,marina_bay,sargeant,SAR,williams,18,93.25200000000001,,,93.25200000000001,Q1
2023,15,2023-09-17,Singapore Grand Prix,marina_bay,zhou,ZHO,alfa,19,93.25800000000001,,,93.25800000000001,Q1
2023,15,2023-09-17,Singapore Grand Prix,marina_bay,stroll,STR,aston_martin,20,93.39699999999999,,,93.39699999999999,Q1
2023,16,2023-09-24,Japanese Grand Prix,suzuka,max_verstappen,VER,red_bull,1,89.878,89.964,88.877,88.877,Q3
2023,16,2023-09-24,Japanese Grand Prix,suzuka,piastri,PIA,mclaren,2,90.439,90.122,89.458,89.458,Q3
2023,16,2023-09-24,Japanese Grand Prix,suzuka,norris,NOR,mclaren,3,90.063,90.29599999999999,89.493,89.493,Q3
2023,16,2023-09-24,Japanese Grand Prix,suzuka,leclerc,LEC,ferrari,4,90.393,89.94,89.542,89.542,Q3
2023,16,2023-09-24,Japanese Grand Prix,suzuka,perez,PER,red_bull,5,90.652,89.965,89.65,89.65,Q3
2023,16,2023-09-24,Japanese Grand Prix,suzuka,sainz,SAI,ferrari,6,90.651,90.06700000000001,89.85,89.85,Q3
2023,16,2023-09-24,Japanese Grand Prix,suzuka,hamilton,HAM,mercedes,7,90.811,90.03999999999999,89.908,89.908,Q3
2023,16,2023-09-24,Japanese Grand Prix,suzuka,russell,RUS,mercedes,8,90.811,90.268,90.219,90.219,Q3
2023,16,2023-09-24,Japanese Grand Prix,suzuka,tsunoda,TSU,alphatauri,9,90.733,90.20400000000001,90.303,90.20400000000001,Q3
2023,16,2023-09-24,Japanese Grand Prix,suzuka,alonso,ALO,aston_martin,10,90.971,90.465,90.56,90.465,Q3
2023,16,2023-09-24,Japanese Grand Prix,suzuka,lawson,LAW,alphatauri,11,90.425,90.508,,90.425,Q2
2023,16,2023-09-24,Japanese Grand Prix,suzuka,gasly,GAS,alpine,12,90.843,90.509,,90.509,Q2
2023,16,2023-09-24,Japanese Grand Prix,suzuka,albon,ALB,williams,13,90.941,90.537,,90.537,Q2
2023,16,2023-09-24,Japanese Grand Prix,suzuka,ocon,OCO,alpine,14,90.96000000000001,90.586,,90.586,Q2
2023,16,2023-09-24,Japanese Grand Prix,suzuka,kevin_magnussen,MAG,haas,15,90.976,90.66499999999999,,90.66499999999999,Q2
2023,16,2023-09-24,Japanese Grand Prix,suzuka,bottas,BOT,alfa,16,91.049,,,91.049,Q1
2023,16,2023-09-24,Japanese Grand Prix,suzuka,stroll,STR,aston_martin,17,91.181,,,91.181,Q1
2023,16,2023-09-24,Japanese Grand Prix,suzuka,hulkenberg,HUL,haas,18,91.299,,,91.299,Q1
2023,16,2023-09-24,Japanese Grand Prix,suzuka,zhou,ZHO,alfa,19,91.398,,,91.398,Q1
2023,16,2023-09-24,Japanese Grand Prix,suzuka,sargeant,SAR,williams,20,,,,,Q1
2023,17,2023-10-08,Qatar Grand Prix,losail,max_verstappen,VER,red_bull,1,85.007,84.483,83.77799999999999,83.77799999999999,Q3
2023,17,2023-10-08,Qatar Grand Prix,losail,russell,RUS,mercedes,2,85.334,84.827,84.219,84.219,Q3
2023,17,2023-10-08,Qatar Grand Prix,losail,hamilton,HAM,mercedes,3,86.076,84.381,84.305,84.305,Q3
2023,17,2023-10-08,Qatar Grand Prix,losail,alonso,ALO,aston_martin,4,85.223,85.241,84.369,84.369,Q3
2023,17,2023-10-08,Qatar Grand Prix,losail,leclerc,LEC,ferrari,5,85.452,85.07900000000001,84.424,84.424,Q3
2023,17,2023-10-08,Qatar Grand Prix,losail,piastri,PIA,mclaren,6,85.26599999999999,84.724,84.53999999999999,84.53999999999999,Q3
2023,17,2023-10-08,Qatar Grand Prix,losail,gasly,GAS,alpine,7,85.566,84.918,84.553,84.553,Q3
2023,17,2023-10-08,Qatar Grand Prix,losail,ocon,OCO,alpine,8,85.711,84.928,84.763,84.763,Q3
2023,17,2023-10-08,Qatar Grand Prix,losail,bottas,BOT,alfa,9,86.038,85.297,85.05799999999999,85.05799999999999,Q3
2023,17,2023-10-08,Qatar Grand Prix,losail,norris,NOR,mclaren,10,85.131,84.685,,84.685,Q2
2023,17,2023-10-08,Qatar Grand Prix,losail,tsunoda,TSU,alphatauri,11,86.05799999999999,85.301,,85.301,Q2
2023,17,2023-10-08,Qatar Grand Prix,losail,sainz,SAI,ferrari,12,85.80799999999999,85.328,,85.328,Q2
2023,17,2023-10-08,Qatar Grand Prix,losail,perez,PER,red_bull,13,85.991,85.462,,85.462,Q2
2023,17,2023-10-08,Qatar Grand Prix,losail,albon,ALB,williams,14,86.118,85.707,,85.707,Q2
2023,17,2023-10-08,Qatar Grand Prix,losail,hulkenberg,HUL,haas,15,85.904,85.783,,85.783,Q2
2023,17,2023-10-08,Qatar Grand Prix,losail,sargeant,SAR,williams,16,86.21000000000001,,,86.21000000000001,Q1
2023,17,2023-10-08,Qatar Grand Prix,losail,stroll,STR,aston_martin,17,86.345,,,86.345,Q1
2023,17,2023-10-08,Qatar Grand Prix,losail,lawson,LAW,alphatauri,18,86.635,,,86.635,Q1
2023,17,2023-10-08,Qatar Grand Prix,losail,kevin_magnussen,MAG,haas,19,87.04599999999999,,,87.04599999999999,Q1
2023,17,2023-10-08,Qatar Grand Prix,losail,zhou,ZHO,alfa,20,87.432,,,87.432,Q1
2023,18,2023-10-22,United States Grand Prix,americas,leclerc,LEC,ferrari,1,96.061,95.00399999999999,94.723,94.723,Q3
2023,18,2023-10-22,United States Grand Prix,americas,norris,NOR,mclaren,2,95.11,95.441,94.85300000000001,94.85300000000001,Q3
2023,18,2023-10-22,United States Grand Prix,americas,hamilton,HAM,mercedes,3,95.09100000000001,95.24000000000001,94.862,94.862,Q3
2023,18,2023-10-22,United States Grand Prix,americas,sainz,SAI,ferrari,4,95.824,95.30199999999999,94.945,94.945,Q3
2023,18,2023-10-22,United States Grand Prix,americas,russell,RUS,mercedes,5,96.16499999999999,95.606,95.07900000000001,95.07900000000001,Q3
2023,18,2023-10-22,United States Grand Prix,americas,max_verstappen,VER,red_bull,6,95.346,95.00800000000001,95.081,95.00800000000001,Q3
2023,18,2023-10-22,United States Grand Prix,americas,gasly,GAS,alpine,7,96.158,95.49600000000001,95.089,95.089,Q3
2023,18,2023-10-22,United States Grand Prix,americas,ocon,OCO,alpine,8,96.131,95.413,95.154,95.154,Q3
2023,18,2023-10-22,United States Grand Prix,americas,perez,PER,red_bull,9,95.989,95.679,95.173,95.173,Q3
2023,18,2023-10-22,United States Grand Prix,americas,piastri,PIA,mclaren,10,96.064,95.576,95.467,95.467,Q3
2023,18,2023-10-22,United States Grand Prix,americas,tsunoda,TSU,alphatauri,11,95.913,95.697,,95.697,Q2
2023,18,2023-10-22,United States Grand Prix,americas,zhou,ZHO,alfa,12,96.05199999999999,95.69800000000001,,95.69800000000001,Q2
2023,18,2023-10-22,United States Grand Prix,americas,bottas,BOT,alfa,13,96.082,95.858,,95.858,Q2
2023,18,2023-10-22,United States Grand Prix,americas,kevin_magnussen,MAG,haas,14,96.009,95.88,,95.88,Q2
2023,18,2023-10-22,United States Grand Prix,americas,ricciardo,RIC,alphatauri,15,96.213,95.97399999999999,,95.97399999999999,Q2
2023,18,2023-10-22,United States Grand Prix,americas,hulkenberg,HUL,haas,16,96.235,,,96.235,Q1
2023,18,2023-10-22,United States Grand Prix,americas,alonso,ALO,aston_martin,17,96.268,,,96.268,Q1
2023,18,2023-10-22,United States Grand Prix,americas,albon,ALB,williams,18,96.315,,,96.315,Q1
2023,18,2023-10-22,United States Grand Prix,americas,stroll,STR,aston_martin,19,96.589,,,96.589,Q1
2023,18,2023-10-22,United States Grand Prix,americas,sargeant,SAR,williams,20,96.827,,,96.827,Q1
2023,19,2023-10-29,Mexico City Grand Prix,rodriguez,leclerc,LEC,ferrari,1,78.401,77.901,77.166,77.166,Q3
2023,19,2023-10-29,Mexico City Grand Prix,rodriguez,sainz,SAI,ferrari,2,78.755,78.382,77.233,77.233,Q3
2023,19,2023-10-29,Mexico City Grand Prix,rodriguez,max_verstappen,VER,red_bull,3,78.099,77.625,77.263,77.263,Q3
2023,19,2023-10-29,Mexico City Grand Prix,rodriguez,ricciardo,RIC,alphatauri,4,78.34100000000001,77.706,77.382,77.382,Q3
2023,19,2023-10-29,Mexico City Grand Prix,rodriguez,perez,PER,red_bull,5,78.553,78.124,77.423,77.423,Q3
2023,19,2023-10-29,Mexico City Grand Prix,rodriguez,hamilton,HAM,mercedes,6,78.67699999999999,77.571,77.45400000000001,77.45400000000001,Q3
2023,19,2023-10-29,Mexico City Grand Prix,rodriguez,piastri,PIA,mclaren,7,78.241,77.874,77.623,77.623,Q3
2023,19,2023-10-29,Mexico City Grand Prix,rodriguez,russell,RUS,mercedes,8,78.893,77.673,77.674,77.673,Q3
2023,19,2023-10-29,Mexico City Grand Prix,rodriguez,bottas,BOT,alfa,9,78.429,78.01599999999999,78.032,78.01599999999999,Q3
2023,19,2023-10-29,Mexico City Grand Prix,rodriguez,zhou,ZHO,alfa,10,79.01599999999999,78.44,78.05,78.05,Q3
2023,19,2023-10-29,Mexico City Grand Prix,rodriguez,gasly,GAS,alpine,11,78.945,78.521,,78.521,Q2
2023,19,2023-10-29,Mexico City Grand Prix,rodriguez,hulkenberg,HUL,haas,12,78.969,78.524,,78.524,Q2
2023,19,2023-10-29,Mexico City Grand Prix,rodriguez,alonso,ALO,aston_martin,13,78.848,78.738,,78.738,Q2
2023,19,2023-10-29,Mexico City Grand Prix,rodriguez,albon,ALB,williams,14,78.828,79.14699999999999,,78.828,Q2
2023,19,2023-10-29,Mexico City Grand Prix,rodriguez,tsunoda,TSU,alphatauri,15,78.89,,,78.89,Q1
2023,19,2023-10-29,Mexico City Grand Prix,rodriguez,ocon,OCO,alpine,16,79.08,,,79.08,Q1
2023,19,2023-10-29,Mexico City Grand Prix,rodriguez,kevin_magnussen,MAG,haas,17,79.163,,,79.163,Q1
2023,19,2023-10-29,Mexico City Grand Prix,rodriguez,stroll,STR,aston_martin,18,79.227,,,79.227,Q1
2023,19,2023-10-29,Mexico City Grand Prix,rodriguez,norris,NOR,mclaren,19,81.554,,,81.554,Q1
2023,19,2023-10-29,Mexico City Grand Prix,rodriguez,sargeant,SAR,williams,20,,,,,Q1
2023,20,2023-11-05,São Paulo Grand Prix,interlagos,max_verstappen,VER,red_bull,1,70.436,70.162,70.727,70.162,Q3
2023,20,2023-11-05,São Paulo Grand Prix,interlagos,leclerc,LEC,ferrari,2,70.472,70.303,71.021,70.303,Q3
2023,20,2023-11-05,São Paulo Grand Prix,interlagos,stroll,STR,aston_martin,3,70.551,70.375,71.344,70.375,Q3
2023,20,2023-11-05,São Paulo Grand Prix,interlagos,alonso,ALO,aston_martin,4,70.557,70.237,71.387,70.237,Q3
2023,20,2023-11-05,São Paulo Grand Prix,interlagos,hamilton,HAM,mercedes,5,70.604,70.266,71.469,70.266,Q3
2023,20,2023-11-05,São Paulo Grand Prix,interlagos,russell,RUS,mercedes,6,70.34,70.316,71.59,70.316,Q3
2023,20,2023-11-05,São Paulo Grand Prix,interlagos,norris,NOR,mclaren,7,70.623,70.021,71.987,70.021,Q3
2023,20,2023-11-05,São Paulo Grand Prix,interlagos,sainz,SAI,ferrari,8,70.624,70.254,71.989,70.254,Q3
2023,20,2023-11-05,São Paulo Grand Prix,interlagos,perez,PER,red_bull,9,70.668,70.219,72.321,70.219,Q3
2023,20,2023-11-05,São Paulo Grand Prix,interlagos,piastri,PIA,mclaren,10,70.519,70.33,,70.33,Q2
2023,20,2023-11-05,São Paulo Grand Prix,interlagos,hulkenberg,HUL,haas,11,70.475,70.547,,70.475,Q2
2023,20,2023-11-05,São Paulo Grand Prix,interlagos,ocon,OCO,alpine,12,70.763,70.562,,70.562,Q2
2023,20,2023-11-05,São Paulo Grand Prix,interlagos,gasly,GAS,alpine,13,70.793,70.56700000000001,,70.56700000000001,Q2
2023,20,2023-11-05,São Paulo Grand Prix,interlagos,kevin_magnussen,MAG,haas,14,70.602,70.723,,70.602,Q2
2023,20,2023-11-05,São Paulo Grand Prix,interlagos,albon,ALB,williams,15,70.621,70.84,,70.621,Q2
2023,20,2023-11-05,São Paulo Grand Prix,interlagos,tsunoda,TSU,alphatauri,16,70.837,,,70.837,Q1
2023,20,2023-11-05,São Paulo Grand Prix,interlagos,ricciardo,RIC,alphatauri,17,70.843,,,70.843,Q1
2023,20,2023-11-05,São Paulo Grand Prix,interlagos,bottas,BOT,alfa,18,70.955,,,70.955,Q1
2023,20,2023-11-05,São Paulo Grand Prix,interlagos,sargeant,SAR,williams,19,71.035,,,71.035,Q1
2023,20,2023-11-05,São Paulo Grand Prix,interlagos,zhou,ZHO,alfa,20,71.275,,,71.275,Q1
2023,21,2023-11-19,Las Vegas Grand Prix,vegas,leclerc,LEC,ferrari,1,93.61699999999999,92.775,92.726,92.726,Q3
2023,21,2023-11-19,Las Vegas Grand Prix,vegas,sainz,SAI,ferrari,2,93.851,93.338,92.77000000000001,92.77000000000001,Q3
2023,21,2023-11-19,Las Vegas Grand Prix,vegas,max_verstappen,VER,red_bull,3,94.19,93.572,93.104,93.104,Q3
2023,21,2023-11-19,Las Vegas Grand Prix,vegas,russell,RUS,mercedes,4,94.137,93.351,93.112,93.112,Q3
2023,21,2023-11-19,Las Vegas Grand Prix,vegas,gasly,GAS,alpine,5,94.27199999999999,93.494,93.239,93.239,Q3
2023,21,2023-11-19,Las Vegas Grand Prix,vegas,albon,ALB,williams,6,94.634,93.588,93.32300000000001,93.32300000000001,Q3
2023,21,2023-11-19,Las Vegas Grand Prix,vegas,sargeant,SAR,williams,7,94.525,93.733,93.513,93.513,Q3
2023,21,2023-11-19,Las Vegas Grand Prix,vegas,bottas,BOT,alfa,8,94.305,93.809,93.525,93.525,Q3
2023,21,2023-11-19,Las Vegas Grand Prix,vegas,kevin_magnussen,MAG,haas,9,94.337,93.664,93.537,93.537,Q3
2023,21,2023-11-19,Las Vegas Grand Prix,vegas,alonso,ALO,aston_martin,10,94.422,93.61699999999999,93.555,93.555,Q3
2023,21,2023-11-19,Las Vegas Grand Prix,vegas,hamilton,HAM,mercedes,11,94.307,93.837,,93.837,Q2
2023,21,2023-11-19,Las Vegas Grand Prix,vegas,perez,PER,red_bull,12,94.574,93.85499999999999,,93.85499999999999,Q2
2023,21,2023-11-19,Las Vegas Grand Prix,vegas,hulkenberg,HUL,haas,13,94.265,93.979,,93.979,Q2
2023,21,2023-11-19,Las Vegas Grand Prix,vegas,stroll,STR,aston_martin,14,94.50399999999999,94.199,,94.199,Q2
2023,21,2023-11-19,Las Vegas Grand Prix,vegas,ricciardo,RIC,alphatauri,15,94.68299999999999,94.30799999999999,,94.30799999999999,Q2
2023,21,2023-11-19,Las Vegas Grand Prix,vegas,norris,NOR,mclaren,16,94.703,,,94.703,Q1
2023,21,2023-11-19,Las Vegas Grand Prix,vegas,ocon,OCO,alpine,17,94.834,,,94.834,Q1
2023,21,2023-11-19,Las Vegas Grand Prix,vegas,zhou,ZHO,alfa,18,94.84899999999999,,,94.84899999999999,Q1
2023,21,2023-11-19,Las Vegas Grand Prix,vegas,piastri,PIA,mclaren,19,94.85,,,94.85,Q1
2023,21,2023-11-19,Las Vegas Grand Prix,vegas,tsunoda,TSU,alphatauri,20,96.447,,,96.447,Q1
2023,22,2023-11-26,Abu Dhabi Grand Prix,yas_marina,max_verstappen,VER,red_bull,1,84.16,83.74,83.445,83.445,Q3
2023,22,2023-11-26,Abu Dhabi Grand Prix,yas_marina,leclerc,LEC,ferrari,2,84.459,83.969,83.584,83.584,Q3
2023,22,2023-11-26,Abu Dhabi Grand Prix,yas_marina,piastri,PIA,mclaren,3,84.487,84.27799999999999,83.782,83.782,Q3
2023,22,2023-11-26,Abu Dhabi Grand Prix,yas_marina,russell,RUS,mercedes,4,84.337,84.013,83.788,83.788,Q3
2023,22,2023-11-26,Abu Dhabi Grand Prix,yas_marina,norris,NOR,mclaren,5,84.368,83.92,83.816,83.816,Q3
2023,22,2023-11-26,Abu Dhabi Grand Prix,yas_marina,tsunoda,TSU,alphatauri,6,84.286,84.207,83.968,83.968,Q3
2023,22,2023-11-26,Abu Dhabi Grand Prix,yas_marina,alonso,ALO,aston_martin,7,84.501,84.131,84.084,84.084,Q3
2023,22,2023-11-26,Abu Dhabi Grand Prix,yas_marina,hulkenberg,HUL,haas,8,84.425,84.213,84.108,84.108,Q3
2023,22,2023-11-26,Abu Dhabi Grand Prix,yas_marina,perez,PER,red_bull,9,84.209,84.116,84.17099999999999,84.116,Q3
2023,22,2023-11-26,Abu Dhabi Grand Prix,yas_marina,gasly,GAS,alpine,10,84.6,84.078,84.548,84.078,Q3
2023,22,2023-11-26,Abu Dhabi Grand Prix,yas_marina,hamilton,HAM,mercedes,11,84.437,84.35900000000001,,84.35900000000001,Q2
2023,22,2023-11-26,Abu Dhabi Grand Prix,yas_marina,ocon,OCO,alpine,12,84.565,84.39099999999999,,84.39099999999999,Q2
2023,22,2023-11-26,Abu Dhabi Grand Prix,yas_marina,stroll,STR,aston_martin,13,84.405,84.422,,84.405,Q2
2023,22,2023-11-26,Abu Dhabi Grand Prix,yas_marina,albon,ALB,williams,14,84.298,84.439,,84.298,Q2
2023,22,2023-11-26,Abu Dhabi Grand Prix,yas_marina,ricciardo,RIC,alphatauri,15,84.461,84.44200000000001,,84.44200000000001,Q2
2023,22,2023-11-26,Abu Dhabi Grand Prix,yas_marina,sainz,SAI,ferrari,16,84.738,,,84.738,Q1
2023,22,2023-11-26,Abu Dhabi Grand Prix,yas_marina,kevin_magnussen,MAG,haas,17,84.764,,,84.764,Q1
2023,22,2023-11-26,Abu Dhabi Grand Prix,yas_marina,bottas,BOT,alfa,18,84.788,,,84.788,Q1
2023,22,2023-11-26,Abu Dhabi Grand Prix,yas_marina,zhou,ZHO,alfa,19,85.15899999999999,,,85.15899999999999,Q1
2023,22,2023-11-26,Abu Dhabi Grand Prix,yas_marina,sargeant,SAR,williams,20,,,,,Q1
2024,1,2024-03-02,Bahrain Grand Prix,bahrain,max_verstappen,VER,red_bull,1,90.031,89.374,89.179,89.179,Q3
2024,1,2024-03-02,Bahrain Grand Prix,bahrain,leclerc,LEC,ferrari,2,90.243,89.16499999999999,89.407,89.16499999999999,Q3
2024,1,2024-03-02,Bahrain Grand Prix,bahrain,russell,RUS,mercedes,3,90.35,89.922,89.485,89.485,Q3
2024,1,2024-03-02,Bahrain Grand Prix,bahrain,sainz,SAI,ferrari,4,89.90899999999999,89.57300000000001,89.507,89.507,Q3
2024,1,2024-03-02,Bahrain Grand Prix,bahrain,perez,PER,red_bull,5,90.221,89.932,89.537,89.537,Q3
2024,1,2024-03-02,Bahrain Grand Prix,bahrain,alonso,ALO,aston_martin,6,90.179,89.801,89.542,89.542,Q3
2024,1,2024-03-02,Bahrain Grand Prix,bahrain,norris,NOR,mclaren,7,90.143,89.941,89.614,89.614,Q3
2024,1,2024-03-02,Bahrain Grand Prix,bahrain,piastri,PIA,mclaren,8,90.531,90.122,89.68299999999999,89.68299999999999,Q3
2024,1,2024-03-02,Bahrain Grand Prix,bahrain,hamilton,HAM,mercedes,9,90.451,89.718,89.71000000000001,89.71000000000001,Q3
2024,1,2024-03-02,Bahrain Grand Prix,bahrain,hulkenberg,HUL,haas,10,90.566,89.851,90.502,89.851,Q3
2024,1,2024-03-02,Bahrain Grand Prix,bahrain,tsunoda,TSU,rb,11,90.481,90.129,,90.129,Q2
2024,1,2024-03-02,Bahrain Grand Prix,bahrain,stroll,STR,aston_martin,12,89.965,90.2,,89.965,Q2
2024,1,2024-03-02,Bahrain Grand Prix,bahrain,albon,ALB,williams,13,90.39699999999999,90.221,,90.221,Q2
2024,1,2024-03-02,Bahrain Grand Prix,bahrain,ricciardo,RIC,rb,14,90.562,90.27799999999999,,90.27799999999999,Q2
2024,1,2024-03-02,Bahrain Grand Prix,bahrain,kevin_magnussen,MAG,haas,15,90.646,90.529,,90.529,Q2
2024,1,2024-03-02,Bahrain Grand Prix,bahrain,bottas,BOT,sauber,16,90.756,,,90.756,Q1
2024,1,2024-03-02,Bahrain Grand Prix,bahrain,zhou,ZHO,sauber,17,90.757,,,90.757,Q1
2024,1,2024-03-02,Bahrain Grand Prix,bahrain,sargeant,SAR,williams,18,90.77,,,90.77,Q1
2024,1,2024-03-02,Bahrain Grand Prix,bahrain,ocon,OCO,alpine,19,90.793,,,90.793,Q1
2024,1,2024-03-02,Bahrain Grand Prix,bahrain,gasly,GAS,alpine,20,90.94800000000001,,,90.94800000000001,Q1
2024,2,2024-03-09,Saudi Arabian Grand Prix,jeddah,max_verstappen,VER,red_bull,1,88.17099999999999,88.033,87.47200000000001,87.47200000000001,Q3
2024,2,2024-03-09,Saudi Arabian Grand Prix,jeddah,leclerc,LEC,ferrari,2,88.318,88.112,87.791,87.791,Q3
2024,2,2024-03-09,Saudi Arabian Grand Prix,jeddah,perez,PER,red_bull,3,88.638,88.467,87.807,87.807,Q3
2024,2,2024-03-09,Saudi Arabian Grand Prix,jeddah,alonso,ALO,aston_martin,4,88.706,88.122,87.846,87.846,Q3
2024,2,2024-03-09,Saudi Arabian Grand Prix,jeddah,piastri,PIA,mclaren,5,88.755,88.343,88.089,88.089,Q3
2024,2,2024-03-09,Saudi Arabian Grand Prix,jeddah,norris,NOR,mclaren,6,88.805,88.479,88.132,88.132,Q3
2024,2,2024-03-09,Saudi Arabian Grand Prix,jeddah,russell,RUS,mercedes,7,88.749,88.44800000000001,88.316,88.316,Q3
2024,2,2024-03-09,Saudi Arabian Grand Prix,jeddah,hamilton,HAM,mercedes,8,88.994,88.606,88.46000000000001,88.46000000000001,Q3
2024,2,2024-03-09,Saudi Arabian Grand Prix,jeddah,tsunoda,TSU,rb,9,88.988,88.564,88.547,88.547,Q3
2024,2,2024-03-09,Saudi Arabian Grand Prix,jeddah,stroll,STR,aston_martin,10,88.25,88.578,88.572,88.25,Q3
2024,2,2024-03-09,Saudi Arabian Grand Prix,jeddah,bearman,BEA,ferrari,11,88.98400000000001,88.642,,88.642,Q2
2024,2,2024-03-09,Saudi Arabian Grand Prix,jeddah,albon,ALB,williams,12,89.107,88.98,,88.98,Q2
2024,2,2024-03-09,Saudi Arabian Grand Prix,jeddah,kevin_magnussen,MAG,haas,13,89.069,89.02,,89.02,Q2
2024,2,2024-03-09,Saudi Arabian Grand Prix,jeddah,ricciardo,RIC,rb,14,89.065,89.025,,89.025,Q2
2024,2,2024-03-09,Saudi Arabian Grand Prix,jeddah,hulkenberg,HUL,haas,15,89.055,,,89.055,Q1
2024,2,2024-03-09,Saudi Arabian Grand Prix,jeddah,bottas,BOT,sauber,16,89.179,,,89.179,Q1
2024,2,2024-03-09,Saudi Arabian Grand Prix,jeddah,ocon,OCO,alpine,17,89.475,,,89.475,Q1
2024,2,2024-03-09,Saudi Arabian Grand Prix,jeddah,gasly,GAS,alpine,18,89.479,,,89.479,Q1
2024,2,2024-03-09,Saudi Arabian Grand Prix,jeddah,sargeant,SAR,williams,19,89.526,,,89.526,Q1
2024,2,2024-03-09,Saudi Arabian Grand Prix,jeddah,zhou,ZHO,sauber,20,,,,,Q1
2024,3,2024-03-24,Australian Grand Prix,albert_park,max_verstappen,VER,red_bull,1,76.819,76.387,75.91499999999999,75.91499999999999,Q3
2024,3,2024-03-24,Australian Grand Prix,albert_park,sainz,SAI,ferrari,2,76.731,76.189,76.185,76.185,Q3
2024,3,2024-03-24,Australian Grand Prix,albert_park,perez,PER,red_bull,3,76.805,76.631,76.274,76.274,Q3
2024,3,2024-03-24,Australian Grand Prix,albert_park,norris,NOR,mclaren,4,77.43,76.75,76.315,76.315,Q3
2024,3,2024-03-24,Australian Grand Prix,albert_park,leclerc,LEC,ferrari,5,76.98400000000001,76.304,76.435,76.304,Q3
2024,3,2024-03-24,Australian Grand Prix,albert_park,piastri,PIA,mclaren,6,77.369,76.601,76.572,76.572,Q3
2024,3,2024-03-24,Australian Grand Prix,albert_park,russell,RUS,mercedes,7,77.062,76.901,76.724,76.724,Q3
2024,3,2024-03-24,Australian Grand Prix,albert_park,tsunoda,TSU,rb,8,77.356,76.791,76.788,76.788,Q3
2024,3,2024-03-24,Australian Grand Prix,albert_park,stroll,STR,aston_martin,9,77.376,76.78,77.072,76.78,Q3
2024,3,2024-03-24,Australian Grand Prix,albert_park,alonso,ALO,aston_martin,10,76.991,76.71000000000001,77.55199999999999,76.71000000000001,Q3
2024,3,2024-03-24,Australian Grand Prix,albert_park,hamilton,HAM,mercedes,11,77.499,76.96000000000001,,76.96000000000001,Q2
2024,3,2024-03-24,Australian Grand Prix,albert_park,albon,ALB,williams,12,77.13,77.167,,77.13,Q2
2024,3,2024-03-24,Australian Grand Prix,albert_park,bottas,BOT,sauber,13,77.543,77.34,,77.34,Q2
2024,3,2024-03-24,Australian Grand Prix,albert_park,kevin_magnussen,MAG,haas,14,77.709,77.42699999999999,,77.42699999999999,Q2
2024,3,2024-03-24,Australian Grand Prix,albert_park,ocon,OCO,alpine,15,77.617,77.697,,77.617,Q2
2024,3,2024-03-24,Australian Grand Prix,albert_park,hulkenberg,HUL,haas,16,77.976,,,77.976,Q1
2024,3,2024-03-24,Australian Grand Prix,albert_park,gasly,GAS,alpine,17,77.982,,,77.982,Q1
2024,3,2024-03-24,Australian Grand Prix,albert_park,ricciardo,RIC,rb,18,78.08500000000001,,,78.08500000000001,Q1
2024,3,2024-03-24,Australian Grand Prix,albert_park,zhou,ZHO,sauber,19,78.188,,,78.188,Q1
2024,4,2024-04-07,Japanese Grand Prix,suzuka,max_verstappen,VER,red_bull,1,88.866,88.74,88.197,88.197,Q3
2024,4,2024-04-07,Japanese Grand Prix,suzuka,perez,PER,red_bull,2,89.303,88.752,88.263,88.263,Q3
2024,4,2024-04-07,Japanese Grand Prix,suzuka,norris,NOR,mclaren,3,89.536,88.94,88.489,88.489,Q3
2024,4,2024-04-07,Japanese Grand Prix,suzuka,sainz,SAI,ferrari,4,89.513,89.099,88.682,88.682,Q3
2024,4,2024-04-07,Japanese Grand Prix,suzuka,alonso,ALO,aston_martin,5,89.254,89.082,88.686,88.686,Q3
2024,4,2024-04-07,Japanese Grand Prix,suzuka,piastri,PIA,mclaren,6,89.425,89.148,88.76,88.76,Q3
2024,4,2024-04-07,Japanese Grand Prix,suzuka,hamilton,HAM,mercedes,7,89.661,88.887,88.76599999999999,88.76599999999999,Q3
2024,4,2024-04-07,Japanese Grand Prix,suzuka,leclerc,LEC,ferrari,8,89.338,89.196,88.786,88.786,Q3
2024,4,2024-04-07,Japanese Grand Prix,suzuka,russell,RUS,mercedes,9,89.799,89.14,89.008,89.008,Q3
2024,4,2024-04-07,Japanese Grand Prix,suzuka,tsunoda,TSU,rb,10,89.775,89.417,89.413,89.413,Q3
2024,4,2024-04-07,Japanese Grand Prix,suzuka,ricciardo,RIC,rb,11,89.727,89.47200000000001,,89.47200000000001,Q2
2024,4,2024-04-07,Japanese Grand Prix,suzuka,hulkenberg,HUL,haas,12,89.821,89.494,,89.494,Q2
2024,4,2024-04-07,Japanese Grand Prix,suzuka,bottas,BOT,sauber,13,89.602,89.593,,89.593,Q2
2024,4,2024-04-07,Japanese Grand Prix,suzuka,albon,ALB,williams,14,89.963,89.714,,89.714,Q2
2024,4,2024-04-07,Japanese Grand Prix,suzuka,ocon,OCO,alpine,15,89.811,89.816,,89.811,Q2
2024,4,2024-04-07,Japanese Grand Prix,suzuka,stroll,STR,aston_martin,16,90.024,,,90.024,Q1
2024,4,2024-04-07,Japanese Grand Prix,suzuka,gasly,GAS,alpine,17,90.119,,,90.119,Q1
2024,4,2024-04-07,Japanese Grand Prix,suzuka,kevin_magnussen,MAG,haas,18,90.131,,,90.131,Q1
2024,4,2024-04-07,Japanese Grand Prix,suzuka,sargeant,SAR,williams,19,90.139,,,90.139,Q1
2024,4,2024-04-07,Japanese Grand Prix,suzuka,zhou,ZHO,sauber,20,90.143,,,90.143,Q1
2024,5,2024-04-21,Chinese Grand Prix,shanghai,max_verstappen,VER,red_bull,1,94.74199999999999,93.794,93.66,93.66,Q3
2024,5,2024-04-21,Chinese Grand Prix,shanghai,perez,PER,red_bull,2,95.457,94.02600000000001,93.982,93.982,Q3
2024,5,2024-04-21,Chinese Grand Prix,shanghai,alonso,ALO,aston_martin,3,95.116,94.652,94.148,94.148,Q3
2024,5,2024-04-21,Chinese Grand Prix,shanghai,norris,NOR,mclaren,4,94.842,94.46000000000001,94.16499999999999,94.16499999999999,Q3
2024,5,2024-04-21,Chinese Grand Prix,shanghai,piastri,PIA,mclaren,5,95.01400000000001,94.65899999999999,94.273,94.273,Q3
2024,5,2024-04-21,Chinese Grand Prix,shanghai,leclerc,LEC,ferrari,6,94.797,94.399,94.289,94.289,Q3
2024,5,2024-04-21,Chinese Grand Prix,shanghai,sainz,SAI,ferrari,7,94.97,94.368,94.297,94.297,Q3
2024,5,2024-04-21,Chinese Grand Prix,shanghai,russell,RUS,mercedes,8,95.084,94.60900000000001,94.43299999999999,94.43299999999999,Q3
2024,5,2024-04-21,Chinese Grand Prix,shanghai,hulkenberg,HUL,haas,9,95.068,94.667,94.604,94.604,Q3
2024,5,2024-04-21,Chinese Grand Prix,shanghai,bottas,BOT,sauber,10,95.169,94.769,94.66499999999999,94.66499999999999,Q3
2024,5,2024-04-21,Chinese Grand Prix,shanghai,stroll,STR,aston_martin,11,95.334,94.838,,94.838,Q2
2024,5,2024-04-21,Chinese Grand Prix,shanghai,ricciardo,RIC,rb,12,95.443,94.934,,94.934,Q2
2024,5,2024-04-21,Chinese Grand Prix,shanghai,ocon,OCO,alpine,13,95.356,95.223,,95.223,Q2
2024,5,2024-04-21,Chinese Grand Prix,shanghai,albon,ALB,williams,14,95.384,95.241,,95.241,Q2
2024,5,2024-04-21,Chinese Grand Prix,shanghai,gasly,GAS,alpine,15,95.287,95.463,,95.287,Q2
2024,5,2024-04-21,Chinese Grand Prix,shanghai,zhou,ZHO,sauber,16,95.505,,,95.505,Q1
2024,5,2024-04-21,Chinese Grand Prix,shanghai,kevin_magnussen,MAG,haas,17,95.51599999999999,,,95.51599999999999,Q1
2024,5,2024-04-21,Chinese Grand Prix,shanghai,hamilton,HAM,mercedes,18,95.57300000000001,,,95.57300000000001,Q1
2024,5,2024-04-21,Chinese Grand Prix,shanghai,tsunoda,TSU,rb,19,95.74600000000001,,,95.74600000000001,Q1
2024,5,2024-04-21,Chinese Grand Prix,shanghai,sargeant,SAR,williams,20,96.358,,,96.358,Q1
2024,6,2024-05-05,Miami Grand Prix,miami,max_verstappen,VER,red_bull,1,87.689,87.566,87.241,87.241,Q3
2024,7,2024-05-19,Emilia Romagna Grand Prix,imola,max_verstappen,VER,red_bull,1,75.762,75.176,74.746,74.746,Q3
2024,7,2024-05-19,Emilia Romagna Grand Prix,imola,piastri,PIA,mclaren,2,75.94,75.407,74.82,74.82,Q3
2024,7,2024-05-19,Emilia Romagna Grand Prix,imola,norris,NOR,mclaren,3,75.91499999999999,75.371,74.837,74.837,Q3
2024,7,2024-05-19,Emilia Romagna Grand Prix,imola,leclerc,LEC,ferrari,4,75.82300000000001,75.328,74.97,74.97,Q3
2024,7,2024-05-19,Emilia Romagna Grand Prix,imola,sainz,SAI,ferrari,5,76.015,75.512,75.233,75.233,Q3
2024,7,2024-05-19,Emilia Romagna Grand Prix,imola,russell,RUS,mercedes,6,76.107,75.67099999999999,75.234,75.234,Q3
2024,7,2024-05-19,Emilia Romagna Grand Prix,imola,tsunoda,TSU,rb,7,75.894,75.358,75.465,75.358,Q3
2024,7,2024-05-19,Emilia Romagna Grand Prix,imola,hamilton,HAM,mercedes,8,76.604,75.67699999999999,75.504,75.504,Q3
2024,7,2024-05-19,Emilia Romagna Grand Prix,imola,ricciardo,RIC,rb,9,76.06,75.691,75.674,75.674,Q3
2024,7,2024-05-19,Emilia Romagna Grand Prix,imola,hulkenberg,HUL,haas,10,75.841,75.569,75.98,75.569,Q3
2024,7,2024-05-19,Emilia Romagna Grand Prix,imola,perez,PER,red_bull,11,76.404,75.706,,75.706,Q2
2024,7,2024-05-19,Emilia Romagna Grand Prix,imola,ocon,OCO,alpine,12,76.361,75.906,,75.906,Q2
2024,7,2024-05-19,Emilia Romagna Grand Prix,imola,stroll,STR,aston_martin,13,76.458,75.992,,75.992,Q2
2024,7,2024-05-19,Emilia Romagna Grand Prix,imola,albon,ALB,williams,14,76.524,76.2,,76.2,Q2
2024,7,2024-05-19,Emilia Romagna Grand Prix,imola,gasly,GAS,alpine,15,76.015,76.381,,76.015,Q2
2024,7,2024-05-19,Emilia Romagna Grand Prix,imola,bottas,BOT,sauber,16,76.626,,,76.626,Q1
2024,7,2024-05-19,Emilia Romagna Grand Prix,imola,zhou,ZHO,sauber,17,76.834,,,76.834,Q1
2024,7,2024-05-19,Emilia Romagna Grand Prix,imola,kevin_magnussen,MAG,haas,18,76.854,,,76.854,Q1
2024,7,2024-05-19,Emilia Romagna Grand Prix,imola,alonso,ALO,aston_martin,19,76.917,,,76.917,Q1
2024,7,2024-05-19,Emilia Romagna Grand Prix,imola,sargeant,SAR,williams,20,,,,,Q1
2024,8,2024-05-26,Monaco Grand Prix,monaco,leclerc,LEC,ferrari,1,71.584,70.825,70.27,70.27,Q3
2024,8,2024-05-26,Monaco Grand Prix,monaco,piastri,PIA,mclaren,2,71.5,70.756,70.424,70.424,Q3
2024,8,2024-05-26,Monaco Grand Prix,monaco,sainz,SAI,ferrari,3,71.543,71.075,70.518,70.518,Q3
2024,8,2024-05-26,Monaco Grand Prix,monaco,norris,NOR,mclaren,4,71.76,70.732,70.542,70.542,Q3
2024,8,2024-05-26,Monaco Grand Prix,monaco,russell,RUS,mercedes,5,71.492,70.929,70.543,70.543,Q3
2024,8,2024-05-26,Monaco Grand Prix,monaco,max_verstappen,VER,red_bull,6,71.711,70.745,70.56700000000001,70.56700000000001,Q3
2024,8,2024-05-26,Monaco Grand Prix,monaco,hamilton,HAM,mercedes,7,71.528,71.056,70.621,70.621,Q3
2024,8,2024-05-26,Monaco Grand Prix,monaco,tsunoda,TSU,rb,8,71.852,71.106,70.858,70.858,Q3
2024,8,2024-05-26,Monaco Grand Prix,monaco,albon,ALB,williams,9,71.623,71.216,70.94800000000001,70.94800000000001,Q3
2024,8,2024-05-26,Monaco Grand Prix,monaco,gasly,GAS,alpine,10,71.714,70.896,71.311,70.896,Q3
2024,8,2024-05-26,Monaco Grand Prix,monaco,ocon,OCO,alpine,11,71.887,71.285,,71.285,Q2
2024,8,2024-05-26,Monaco Grand Prix,monaco,ricciardo,RIC,rb,12,71.785,71.482,,71.482,Q2
2024,8,2024-05-26,Monaco Grand Prix,monaco,stroll,STR,aston_martin,13,71.728,71.563,,71.563,Q2
2024,8,2024-05-26,Monaco Grand Prix,monaco,alonso,ALO,aston_martin,14,72.019,,,72.019,Q1
2024,8,2024-05-26,Monaco Grand Prix,monaco,hulkenberg,HUL,haas,14,71.876,71.44,,71.44,Q2
2024,8,2024-05-26,Monaco Grand Prix,monaco,sargeant,SAR,williams,15,72.02,,,72.02,Q1
2024,8,2024-05-26,Monaco Grand Prix,monaco,kevin_magnussen,MAG,haas,15,71.832,71.725,,71.725,Q2
2024,8,2024-05-26,Monaco Grand Prix,monaco,perez,PER,red_bull,16,72.06,,,72.06,Q1
2024,8,2024-05-26,Monaco Grand Prix,monaco,bottas,BOT,sauber,17,72.512,,,72.512,Q1
2024,8,2024-05-26,Monaco Grand Prix,monaco,zhou,ZHO,sauber,18,73.028,,,73.028,Q1
2024,9,2024-06-09,Canadian Grand Prix,villeneuve,russell,RUS,mercedes,1,73.013,71.742,72.0,71.742,Q3
2024,9,2024-06-09,Canadian Grand Prix,villeneuve,max_verstappen,VER,red_bull,2,72.36,72.549,72.0,72.0,Q3
2024,9,2024-06-09,Canadian Grand Prix,villeneuve,norris,NOR,mclaren,3,72.959,72.201,72.021,72.021,Q3
2024,9,2024-06-09,Canadian Grand Prix,villeneuve,piastri,PIA,mclaren,4,72.907,72.462,72.103,72.103,Q3
2024,9,2024-06-09,Canadian Grand Prix,villeneuve,ricciardo,RIC,rb,5,73.24,72.572,72.178,72.178,Q3
2024,9,2024-06-09,Canadian Grand Prix,villeneuve,alonso,ALO,aston_martin,6,73.117,72.635,72.228,72.228,Q3
2024,9,2024-06-09,Canadian Grand Prix,villeneuve,hamilton,HAM,mercedes,7,72.851,71.979,72.28,71.979,Q3
2024,9,2024-06-09,Canadian Grand Prix,villeneuve,tsunoda,TSU,rb,8,72.748,72.303,72.414,72.303,Q3
2024,9,2024-06-09,Canadian Grand Prix,villeneuve,stroll,STR,aston_martin,9,73.088,72.659,72.701,72.659,Q3
2024,9,2024-06-09,Canadian Grand Prix,villeneuve,albon,ALB,williams,10,72.896,72.485,72.79599999999999,72.485,Q3
2024,9,2024-06-09,Canadian Grand Prix,villeneuve,leclerc,LEC,ferrari,11,73.107,72.691,,72.691,Q2
2024,9,2024-06-09,Canadian Grand Prix,villeneuve,sainz,SAI,ferrari,12,73.038,72.728,,72.728,Q2
2024,9,2024-06-09,Canadian Grand Prix,villeneuve,sargeant,SAR,williams,13,73.063,72.736,,72.736,Q2
2024,9,2024-06-09,Canadian Grand Prix,villeneuve,kevin_magnussen,MAG,haas,14,73.217,72.916,,72.916,Q2
2024,9,2024-06-09,Canadian Grand Prix,villeneuve,gasly,GAS,alpine,15,73.289,72.94,,72.94,Q2
2024,9,2024-06-09,Canadian Grand Prix,villeneuve,perez,PER,red_bull,16,73.326,,,73.326,Q1
2024,9,2024-06-09,Canadian Grand Prix,villeneuve,bottas,BOT,sauber,17,73.366,,,73.366,Q1
2024,9,2024-06-09,Canadian Grand Prix,villeneuve,ocon,OCO,alpine,18,73.435,,,73.435,Q1
2024,9,2024-06-09,Canadian Grand Prix,villeneuve,hulkenberg,HUL,haas,19,73.978,,,73.978,Q1
2024,9,2024-06-09,Canadian Grand Prix,villeneuve,zhou,ZHO,sauber,20,74.292,,,74.292,Q1
2024,10,2024-06-23,Spanish Grand Prix,catalunya,norris,NOR,mclaren,1,72.386,71.872,71.383,71.383,Q3
2024,10,2024-06-23,Spanish Grand Prix,catalunya,max_verstappen,VER,red_bull,2,72.306,71.653,71.403,71.403,Q3
2024,10,2024-06-23,Spanish Grand Prix,catalunya,hamilton,HAM,mercedes,3,72.143,71.792,71.701,71.701,Q3
2024,10,2024-06-23,Spanish Grand Prix,catalunya,russell,RUS,mercedes,4,72.456,71.812,71.703,71.703,Q3
2024,10,2024-06-23,Spanish Grand Prix,catalunya,leclerc,LEC,ferrari,5,72.257,72.038,71.731,71.731,Q3
2024,10,2024-06-23,Spanish Grand Prix,catalunya,sainz,SAI,ferrari,6,72.403,71.874,71.736,71.736,Q3
2024,10,2024-06-23,Spanish Grand Prix,catalunya,gasly,GAS,alpine,7,72.651,72.07900000000001,71.857,71.857,Q3
2024,10,2024-06-23,Spanish Grand Prix,catalunya,perez,PER,red_bull,8,72.477,72.054,72.061,72.054,Q3
2024,10,2024-06-23,Spanish Grand Prix,catalunya,ocon,OCO,alpine,9,72.691,72.109,72.125,72.109,Q3
2024,10,2024-06-23,Spanish Grand Prix,catalunya,piastri,PIA,mclaren,10,72.46000000000001,72.011,,72.011,Q2
2024,10,2024-06-23,Spanish Grand Prix,catalunya,alonso,ALO,aston_martin,11,72.505,72.128,,72.128,Q2
2024,10,2024-06-23,Spanish Grand Prix,catalunya,bottas,BOT,sauber,12,72.758,72.227,,72.227,Q2
2024,10,2024-06-23,Spanish Grand Prix,catalunya,hulkenberg,HUL,haas,13,72.708,72.31,,72.31,Q2
2024,10,2024-06-23,Spanish Grand Prix,catalunya,stroll,STR,aston_martin,14,72.881,72.372,,72.372,Q2
2024,10,2024-06-23,Spanish Grand Prix,catalunya,zhou,ZHO,sauber,15,72.88,72.738,,72.738,Q2
2024,10,2024-06-23,Spanish Grand Prix,catalunya,kevin_magnussen,MAG,haas,16,72.937,,,72.937,Q1
2024,10,2024-06-23,Spanish Grand Prix,catalunya,tsunoda,TSU,rb,17,72.985,,,72.985,Q1
2024,10,2024-06-23,Spanish Grand Prix,catalunya,ricciardo,RIC,rb,18,73.075,,,73.075,Q1
2024,10,2024-06-23,Spanish Grand Prix,catalunya,albon,ALB,williams,19,73.153,,,73.153,Q1
2024,10,2024-06-23,Spanish Grand Prix,catalunya,sargeant,SAR,williams,20,73.509,,,73.509,Q1
2024,11,2024-06-30,Austrian Grand Prix,red_bull_ring,sainz,SAI,ferrari,4,65.263,65.016,64.851,64.851,Q3
2024,12,2024-07-07,British Grand Prix,silverstone,russell,RUS,mercedes,1,90.106,86.723,85.819,85.819,Q3
2024,12,2024-07-07,British Grand Prix,silverstone,hamilton,HAM,mercedes,2,89.547,86.77,85.99,85.99,Q3
2024,12,2024-07-07,British Grand Prix,silverstone,norris,NOR,mclaren,3,91.596,86.559,86.03,86.03,Q3
2024,12,2024-07-07,British Grand Prix,silverstone,max_verstappen,VER,red_bull,4,91.342,86.79599999999999,86.203,86.203,Q3
2024,12,2024-07-07,British Grand Prix,silverstone,piastri,PIA,mclaren,5,90.895,86.733,86.237,86.237,Q3
2024,12,2024-07-07,British Grand Prix,silverstone,hulkenberg,HUL,haas,6,91.929,86.84700000000001,86.338,86.338,Q3
2024,12,2024-07-07,British Grand Prix,silverstone,sainz,SAI,ferrari,7,90.557,86.843,86.509,86.509,Q3
2024,12,2024-07-07,British Grand Prix,silverstone,stroll,STR,aston_martin,8,91.41,86.938,86.58500000000001,86.58500000000001,Q3
2024,12,2024-07-07,British Grand Prix,silverstone,albon,ALB,williams,9,91.135,86.93299999999999,86.64,86.64,Q3
2024,12,2024-07-07,British Grand Prix,silverstone,alonso,ALO,aston_martin,10,91.264,86.73,86.917,86.73,Q3
2024,12,2024-07-07,British Grand Prix,silverstone,leclerc,LEC,ferrari,11,90.496,87.09700000000001,,87.09700000000001,Q2
2024,12,2024-07-07,British Grand Prix,silverstone,sargeant,SAR,williams,12,91.608,87.175,,87.175,Q2
2024,12,2024-07-07,British Grand Prix,silverstone,tsunoda,TSU,rb,13,90.994,87.269,,87.269,Q2
2024,12,2024-07-07,British Grand Prix,silverstone,zhou,ZHO,sauber,14,91.19,87.867,,87.867,Q2
2024,12,2024-07-07,British Grand Prix,silverstone,ricciardo,RIC,rb,15,91.291,87.949,,87.949,Q2
2024,12,2024-07-07,British Grand Prix,silverstone,bottas,BOT,sauber,16,92.431,,,92.431,Q1
2024,12,2024-07-07,British Grand Prix,silverstone,kevin_magnussen,MAG,haas,17,92.905,,,92.905,Q1
2024,12,2024-07-07,British Grand Prix,silverstone,ocon,OCO,alpine,18,94.557,,,94.557,Q1
2024,12,2024-07-07,British Grand Prix,silverstone,perez,PER,red_bull,19,98.348,,,98.348,Q1
2024,12,2024-07-07,British Grand Prix,silverstone,gasly,GAS,alpine,20,99.804,,,99.804,Q1
2024,13,2024-07-21,Hungarian Grand Prix,hungaroring,norris,NOR,mclaren,1,77.755,75.53999999999999,75.227,75.227,Q3
2024,13,2024-07-21,Hungarian Grand Prix,hungaroring,piastri,PIA,mclaren,2,77.504,75.785,75.249,75.249,Q3
2024,13,2024-07-21,Hungarian Grand Prix,hungaroring,max_verstappen,VER,red_bull,3,77.087,75.77,75.273,75.273,Q3
2024,13,2024-07-21,Hungarian Grand Prix,hungaroring,sainz,SAI,ferrari,4,77.244,75.885,75.696,75.696,Q3
2024,13,2024-07-21,Hungarian Grand Prix,hungaroring,hamilton,HAM,mercedes,5,77.087,76.307,75.854,75.854,Q3
2024,13,2024-07-21,Hungarian Grand Prix,hungaroring,leclerc,LEC,ferrari,6,77.437,75.891,75.905,75.891,Q3
2024,13,2024-07-21,Hungarian Grand Prix,hungaroring,alonso,ALO,aston_martin,7,77.624,76.117,76.043,76.043,Q3
2024,13,2024-07-21,Hungarian Grand Prix,hungaroring,stroll,STR,aston_martin,8,77.405,76.075,76.244,76.075,Q3
2024,13,2024-07-21,Hungarian Grand Prix,hungaroring,ricciardo,RIC,rb,9,77.05,76.202,76.447,76.202,Q3
2024,13,2024-07-21,Hungarian Grand Prix,hungaroring,tsunoda,TSU,rb,10,77.436,76.121,76.477,76.121,Q3
2024,13,2024-07-21,Hungarian Grand Prix,hungaroring,hulkenberg,HUL,haas,11,77.362,76.31700000000001,,76.31700000000001,Q2
2024,13,2024-07-21,Hungarian Grand Prix,hungaroring,bottas,BOT,sauber,12,77.487,76.384,,76.384,Q2
2024,13,2024-07-21,Hungarian Grand Prix,hungaroring,albon,ALB,williams,13,77.28,76.429,,76.429,Q2
2024,13,2024-07-21,Hungarian Grand Prix,hungaroring,sargeant,SAR,williams,14,77.77,76.543,,76.543,Q2
2024,13,2024-07-21,Hungarian Grand Prix,hungaroring,kevin_magnussen,MAG,haas,15,77.851,76.548,,76.548,Q2
2024,13,2024-07-21,Hungarian Grand Prix,hungaroring,perez,PER,red_bull,16,77.886,,,77.886,Q1
2024,13,2024-07-21,Hungarian Grand Prix,hungaroring,russell,RUS,mercedes,17,77.968,,,77.968,Q1
2024,13,2024-07-21,Hungarian Grand Prix,hungaroring,zhou,ZHO,sauber,18,78.037,,,78.037,Q1
2024,13,2024-07-21,Hungarian Grand Prix,hungaroring,ocon,OCO,alpine,19,78.049,,,78.049,Q1
2024,13,2024-07-21,Hungarian Grand Prix,hungaroring,gasly,GAS,alpine,20,78.166,,,78.166,Q1
2024,14,2024-07-28,Belgian Grand Prix,spa,max_verstappen,VER,red_bull,1,114.938,113.837,113.15899999999999,113.15899999999999,Q3
2024,14,2024-07-28,Belgian Grand Prix,spa,leclerc,LEC,ferrari,2,115.34899999999999,114.193,113.75399999999999,113.75399999999999,Q3
2024,14,2024-07-28,Belgian Grand Prix,spa,perez,PER,red_bull,3,115.13900000000001,114.47,113.765,113.765,Q3
2024,14,2024-07-28,Belgian Grand Prix,spa,hamilton,HAM,mercedes,4,115.69200000000001,114.037,113.83500000000001,113.83500000000001,Q3
2024,14,2024-07-28,Belgian Grand Prix,spa,norris,NOR,mclaren,5,115.582,114.358,113.981,113.981,Q3
2024,14,2024-07-28,Belgian Grand Prix,spa,piastri,PIA,mclaren,6,114.83500000000001,114.136,114.027,114.027,Q3
2024,14,2024-07-28,Belgian Grand Prix,spa,russell,RUS,mercedes,7,115.35300000000001,114.095,114.184,114.095,Q3
2024,14,2024-07-28,Belgian Grand Prix,spa,sainz,SAI,ferrari,8,115.169,114.112,114.477,114.112,Q3
2024,14,2024-07-28,Belgian Grand Prix,spa,alonso,ALO,aston_martin,9,115.489,114.25800000000001,114.765,114.25800000000001,Q3
2024,14,2024-07-28,Belgian Grand Prix,spa,ocon,OCO,alpine,10,115.417,114.46000000000001,114.81,114.46000000000001,Q3
2024,14,2024-07-28,Belgian Grand Prix,spa,albon,ALB,williams,11,115.72200000000001,114.473,,114.473,Q2
2024,14,2024-07-28,Belgian Grand Prix,spa,gasly,GAS,alpine,12,114.911,114.63499999999999,,114.63499999999999,Q2
2024,14,2024-07-28,Belgian Grand Prix,spa,ricciardo,RIC,rb,13,115.451,114.682,,114.682,Q2
2024,14,2024-07-28,Belgian Grand Prix,spa,bottas,BOT,sauber,14,115.531,114.76400000000001,,114.76400000000001,Q2
2024,14,2024-07-28,Belgian Grand Prix,spa,stroll,STR,aston_martin,15,116.072,115.71600000000001,,115.71600000000001,Q2
2024,14,2024-07-28,Belgian Grand Prix,spa,hulkenberg,HUL,haas,16,116.30799999999999,,,116.30799999999999,Q1
2024,14,2024-07-28,Belgian Grand Prix,spa,kevin_magnussen,MAG,haas,17,116.5,,,116.5,Q1
2024,14,2024-07-28,Belgian Grand Prix,spa,tsunoda,TSU,rb,18,116.593,,,116.593,Q1
2024,14,2024-07-28,Belgian Grand Prix,spa,sargeant,SAR,williams,19,117.22999999999999,,,117.22999999999999,Q1
2024,14,2024-07-28,Belgian Grand Prix,spa,zhou,ZHO,sauber,20,117.775,,,117.775,Q1
2024,15,2024-08-25,Dutch Grand Prix,zandvoort,norris,NOR,mclaren,1,71.377,70.496,69.673,69.673,Q3
2024,15,2024-08-25,Dutch Grand Prix,zandvoort,max_verstappen,VER,red_bull,2,71.393,70.811,70.029,70.029,Q3
2024,15,2024-08-25,Dutch Grand Prix,zandvoort,piastri,PIA,mclaren,3,71.541,70.505,70.172,70.172,Q3
2024,15,2024-08-25,Dutch Grand Prix,zandvoort,russell,RUS,mercedes,4,71.049,70.55199999999999,70.244,70.244,Q3
2024,15,2024-08-25,Dutch Grand Prix,zandvoort,perez,PER,red_bull,5,71.006,70.678,70.416,70.416,Q3
2024,15,2024-08-25,Dutch Grand Prix,zandvoort,leclerc,LEC,ferrari,6,71.37,70.689,70.582,70.582,Q3
2024,15,2024-08-25,Dutch Grand Prix,zandvoort,alonso,ALO,aston_martin,7,71.493,70.845,70.633,70.633,Q3
2024,15,2024-08-25,Dutch Grand Prix,zandvoort,stroll,STR,aston_martin,8,71.518,70.661,70.857,70.661,Q3
2024,15,2024-08-25,Dutch Grand Prix,zandvoort,gasly,GAS,alpine,9,71.718,70.815,70.977,70.815,Q3
2024,15,2024-08-25,Dutch Grand Prix,zandvoort,sainz,SAI,ferrari,10,71.327,70.914,,70.914,Q2
2024,15,2024-08-25,Dutch Grand Prix,zandvoort,albon,ALB,williams,10,,70.768,70.653,70.653,Q3
2024,15,2024-08-25,Dutch Grand Prix,zandvoort,hamilton,HAM,mercedes,11,71.375,70.94800000000001,,70.94800000000001,Q2
2024,15,2024-08-25,Dutch Grand Prix,zandvoort,tsunoda,TSU,rb,12,71.603,70.955,,70.955,Q2
2024,15,2024-08-25,Dutch Grand Prix,zandvoort,hulkenberg,HUL,haas,13,71.832,71.215,,71.215,Q2
2024,15,2024-08-25,Dutch Grand Prix,zandvoort,kevin_magnussen,MAG,haas,14,71.63,71.295,,71.295,Q2
2024,15,2024-08-25,Dutch Grand Prix,zandvoort,ricciardo,RIC,rb,15,71.943,,,71.943,Q1
2024,15,2024-08-25,Dutch Grand Prix,zandvoort,ocon,OCO,alpine,16,71.995,,,71.995,Q1
2024,15,2024-08-25,Dutch Grand Prix,zandvoort,bottas,BOT,sauber,17,72.168,,,72.168,Q1
2024,15,2024-08-25,Dutch Grand Prix,zandvoort,zhou,ZHO,sauber,18,73.261,,,73.261,Q1
2024,15,2024-08-25,Dutch Grand Prix,zandvoort,sargeant,SAR,williams,20,,,,,Q1
2024,16,2024-09-01,Italian Grand Prix,monza,norris,NOR,mclaren,1,79.911,79.727,79.327,79.327,Q3
2024,17,2024-09-15,Azerbaijan Grand Prix,baku,leclerc,LEC,ferrari,1,102.775,102.056,101.36500000000001,101.36500000000001,Q3
2024,17,2024-09-15,Azerbaijan Grand Prix,baku,piastri,PIA,mclaren,2,103.033,102.598,101.686,101.686,Q3
2024,17,2024-09-15,Azerbaijan Grand Prix,baku,sainz,SAI,ferrari,3,103.357,102.503,101.805,101.805,Q3
2024,17,2024-09-15,Azerbaijan Grand Prix,baku,perez,PER,red_bull,4,103.213,102.263,101.813,101.813,Q3
2024,17,2024-09-15,Azerbaijan Grand Prix,baku,russell,RUS,mercedes,5,103.13900000000001,102.32900000000001,101.874,101.874,Q3
2024,17,2024-09-15,Azerbaijan Grand Prix,baku,max_verstappen,VER,red_bull,6,103.09700000000001,102.042,102.023,102.023,Q3
2024,17,2024-09-15,Azerbaijan Grand Prix,baku,hamilton,HAM,mercedes,7,103.089,102.765,102.289,102.289,Q3
2024,17,2024-09-15,Azerbaijan Grand Prix,baku,alonso,ALO,aston_martin,8,103.47200000000001,102.426,102.369,102.369,Q3
2024,17,2024-09-15,Azerbaijan Grand Prix,baku,colapinto,COL,williams,9,103.138,102.473,102.53,102.473,Q3
2024,17,2024-09-15,Azerbaijan Grand Prix,baku,albon,ALB,williams,10,102.899,102.84,102.85900000000001,102.84,Q3
2024,17,2024-09-15,Azerbaijan Grand Prix,baku,bearman,BEA,haas,11,103.471,102.968,,102.968,Q2
2024,17,2024-09-15,Azerbaijan Grand Prix,baku,tsunoda,TSU,rb,12,103.337,103.035,,103.035,Q2
2024,17,2024-09-15,Azerbaijan Grand Prix,baku,hulkenberg,HUL,haas,13,103.101,103.191,,103.101,Q2
2024,17,2024-09-15,Azerbaijan Grand Prix,baku,stroll,STR,aston_martin,14,103.37,103.404,,103.37,Q2
2024,17,2024-09-15,Azerbaijan Grand Prix,baku,gasly,GAS,alpine,15,,103.179,,103.179,Q2
2024,17,2024-09-15,Azerbaijan Grand Prix,baku,ricciardo,RIC,rb,15,103.547,,,103.547,Q1
2024,17,2024-09-15,Azerbaijan Grand Prix,baku,norris,NOR,mclaren,16,103.60900000000001,,,103.60900000000001,Q1
2024,17,2024-09-15,Azerbaijan Grand Prix,baku,bottas,BOT,sauber,17,103.618,,,103.618,Q1
2024,17,2024-09-15,Azerbaijan Grand Prix,baku,zhou,ZHO,sauber,18,104.24600000000001,,,104.24600000000001,Q1
2024,17,2024-09-15,Azerbaijan Grand Prix,baku,ocon,OCO,alpine,19,104.50399999999999,,,104.50399999999999,Q1
2024,18,2024-09-22,Singapore Grand Prix,marina_bay,norris,NOR,mclaren,1,90.002,90.007,89.525,89.525,Q3
2024,18,2024-09-22,Singapore Grand Prix,marina_bay,max_verstappen,VER,red_bull,2,90.157,89.68,89.72800000000001,89.68,Q3
2024,18,2024-09-22,Singapore Grand Prix,marina_bay,hamilton,HAM,mercedes,3,90.393,89.929,89.84100000000001,89.84100000000001,Q3
2024,18,2024-09-22,Singapore Grand Prix,marina_bay,russell,RUS,mercedes,4,90.811,90.15299999999999,89.867,89.867,Q3
2024,18,2024-09-22,Singapore Grand Prix,marina_bay,piastri,PIA,mclaren,5,90.258,89.64,89.953,89.64,Q3
2024,18,2024-09-22,Singapore Grand Prix,marina_bay,hulkenberg,HUL,haas,6,90.724,90.15,90.115,90.115,Q3
2024,18,2024-09-22,Singapore Grand Prix,marina_bay,alonso,ALO,aston_martin,7,90.684,90.45,90.214,90.214,Q3
2024,18,2024-09-22,Singapore Grand Prix,marina_bay,tsunoda,TSU,rb,8,90.71600000000001,90.289,90.354,90.289,Q3
2024,18,2024-09-22,Singapore Grand Prix,marina_bay,leclerc,LEC,ferrari,9,90.786,89.747,,89.747,Q2
2024,18,2024-09-22,Singapore Grand Prix,marina_bay,sainz,SAI,ferrari,10,90.67,90.108,,90.108,Q2
2024,18,2024-09-22,Singapore Grand Prix,marina_bay,albon,ALB,williams,11,90.679,90.474,,90.474,Q2
2024,18,2024-09-22,Singapore Grand Prix,marina_bay,colapinto,COL,williams,12,90.70400000000001,90.481,,90.481,Q2
2024,18,2024-09-22,Singapore Grand Prix,marina_bay,perez,PER,red_bull,13,90.624,90.57900000000001,,90.57900000000001,Q2
2024,18,2024-09-22,Singapore Grand Prix,marina_bay,kevin_magnussen,MAG,haas,14,90.82900000000001,90.65299999999999,,90.65299999999999,Q2
2024,18,2024-09-22,Singapore Grand Prix,marina_bay,ocon,OCO,alpine,15,90.958,90.769,,90.769,Q2
2024,18,2024-09-22,Singapore Grand Prix,marina_bay,ricciardo,RIC,rb,16,91.08500000000001,,,91.08500000000001,Q1
2024,18,2024-09-22,Singapore Grand Prix,marina_bay,stroll,STR,aston_martin,17,91.094,,,91.094,Q1
2024,18,2024-09-22,Singapore Grand Prix,marina_bay,gasly,GAS,alpine,18,91.312,,,91.312,Q1
2024,18,2024-09-22,Singapore Grand Prix,marina_bay,bottas,BOT,sauber,19,91.572,,,91.572,Q1
2024,18,2024-09-22,Singapore Grand Prix,marina_bay,zhou,ZHO,sauber,20,92.054,,,92.054,Q1
2024,19,2024-10-20,United States Grand Prix,americas,norris,NOR,mclaren,1,93.616,92.851,92.33,92.33,Q3
2024,19,2024-10-20,United States Grand Prix,americas,max_verstappen,VER,red_bull,2,93.04599999999999,92.584,92.36099999999999,92.36099999999999,Q3
2024,19,2024-10-20,United States Grand Prix,americas,sainz,SAI,ferrari,3,93.556,92.836,92.652,92.652,Q3
2024,19,2024-10-20,United States Grand Prix,americas,leclerc,LEC,ferrari,4,93.241,92.962,92.74000000000001,92.74000000000001,Q3
2024,19,2024-10-20,United States Grand Prix,americas,piastri,PIA,mclaren,5,93.864,93.057,92.95,92.95,Q3
2024,19,2024-10-20,United States Grand Prix,americas,russell,RUS,mercedes,6,93.536,93.142,92.97399999999999,92.97399999999999,Q3
2024,19,2024-10-20,United States Grand Prix,americas,gasly,GAS,alpine,7,93.55,93.162,93.018,93.018,Q3
2024,19,2024-10-20,United States Grand Prix,americas,alonso,ALO,aston_martin,8,93.973,93.429,93.309,93.309,Q3
2024,19,2024-10-20,United States Grand Prix,americas,kevin_magnussen,MAG,haas,9,93.564,93.47399999999999,93.481,93.47399999999999,Q3
2024,19,2024-10-20,United States Grand Prix,americas,perez,PER,red_bull,10,93.61099999999999,93.02000000000001,,93.02000000000001,Q2
2024,19,2024-10-20,United States Grand Prix,americas,tsunoda,TSU,rb,11,93.795,93.506,,93.506,Q2
2024,19,2024-10-20,United States Grand Prix,americas,hulkenberg,HUL,haas,12,93.601,93.544,,93.544,Q2
2024,19,2024-10-20,United States Grand Prix,americas,ocon,OCO,alpine,13,93.98599999999999,93.59700000000001,,93.59700000000001,Q2
2024,19,2024-10-20,United States Grand Prix,americas,stroll,STR,aston_martin,14,94.033,93.759,,93.759,Q2
2024,19,2024-10-20,United States Grand Prix,americas,lawson,LAW,rb,15,93.339,,,93.339,Q1
2024,19,2024-10-20,United States Grand Prix,americas,albon,ALB,williams,16,94.051,,,94.051,Q1
2024,19,2024-10-20,United States Grand Prix,americas,colapinto,COL,williams,17,94.062,,,94.062,Q1
2024,19,2024-10-20,United States Grand Prix,americas,bottas,BOT,sauber,18,94.152,,,94.152,Q1
2024,19,2024-10-20,United States Grand Prix,americas,hamilton,HAM,mercedes,19,94.154,,,94.154,Q1
2024,19,2024-10-20,United States Grand Prix,americas,zhou,ZHO,sauber,20,94.22800000000001,,,94.22800000000001,Q1
2024,20,2024-10-27,Mexico City Grand Prix,rodriguez,sainz,SAI,ferrari,1,76.77799999999999,76.515,75.946,75.946,Q3
2024,20,2024-10-27,Mexico City Grand Prix,rodriguez,max_verstappen,VER,red_bull,2,76.803,76.514,76.17099999999999,76.17099999999999,Q3
2024,20,2024-10-27,Mexico City Grand Prix,rodriguez,norris,NOR,mclaren,3,76.505,76.301,76.26,76.26,Q3
2024,20,2024-10-27,Mexico City Grand Prix,rodriguez,leclerc,LEC,ferrari,4,76.97200000000001,76.64099999999999,76.265,76.265,Q3
2024,20,2024-10-27,Mexico City Grand Prix,rodriguez,russell,RUS,mercedes,5,77.194,76.937,76.356,76.356,Q3
2024,20,2024-10-27,Mexico City Grand Prix,rodriguez,hamilton,HAM,mercedes,6,77.306,76.973,76.651,76.651,Q3
2024,20,2024-10-27,Mexico City Grand Prix,rodriguez,kevin_magnussen,MAG,haas,7,77.125,77.003,76.886,76.886,Q3
2024,20,2024-10-27,Mexico City Grand Prix,rodriguez,gasly,GAS,alpine,8,77.149,77.048,76.892,76.892,Q3
2024,20,2024-10-27,Mexico City Grand Prix,rodriguez,albon,ALB,williams,9,77.189,76.988,77.065,76.988,Q3
2024,20,2024-10-27,Mexico City Grand Prix,rodriguez,hulkenberg,HUL,haas,10,77.186,76.995,77.365,76.995,Q3
2024,20,2024-10-27,Mexico City Grand Prix,rodriguez,tsunoda,TSU,rb,11,77.182,77.129,,77.129,Q2
2024,20,2024-10-27,Mexico City Grand Prix,rodriguez,lawson,LAW,rb,12,77.38,77.162,,77.162,Q2
2024,20,2024-10-27,Mexico City Grand Prix,rodriguez,alonso,ALO,aston_martin,13,77.307,77.168,,77.168,Q2
2024,20,2024-10-27,Mexico City Grand Prix,rodriguez,stroll,STR,aston_martin,14,77.407,77.294,,77.294,Q2
2024,20,2024-10-27,Mexico City Grand Prix,rodriguez,bottas,BOT,sauber,15,77.393,77.81700000000001,,77.393,Q2
2024,20,2024-10-27,Mexico City Grand Prix,rodriguez,colapinto,COL,williams,16,77.55799999999999,,,77.55799999999999,Q1
2024,20,2024-10-27,Mexico City Grand Prix,rodriguez,piastri,PIA,mclaren,17,77.59700000000001,,,77.59700000000001,Q1
2024,20,2024-10-27,Mexico City Grand Prix,rodriguez,perez,PER,red_bull,18,77.611,,,77.611,Q1
2024,20,2024-10-27,Mexico City Grand Prix,rodriguez,ocon,OCO,alpine,19,77.617,,,77.617,Q1
2024,20,2024-10-27,Mexico City Grand Prix,rodriguez,zhou,ZHO,sauber,20,78.072,,,78.072,Q1
2024,21,2024-11-03,São Paulo Grand Prix,interlagos,max_verstappen,VER,red_bull,12,88.52199999999999,87.771,,87.771,Q2
2024,22,2024-11-23,Las Vegas Grand Prix,vegas,russell,RUS,mercedes,1,93.186,92.779,92.312,92.312,Q3
2024,22,2024-11-23,Las Vegas Grand Prix,vegas,sainz,SAI,ferrari,2,93.48400000000001,92.711,92.41,92.41,Q3
2024,22,2024-11-23,Las Vegas Grand Prix,vegas,gasly,GAS,alpine,3,93.691,92.87899999999999,92.664,92.664,Q3
2024,22,2024-11-23,Las Vegas Grand Prix,vegas,leclerc,LEC,ferrari,4,93.446,93.01599999999999,92.783,92.783,Q3
2024,22,2024-11-23,Las Vegas Grand Prix,vegas,max_verstappen,VER,red_bull,5,93.299,93.08500000000001,92.797,92.797,Q3
2024,22,2024-11-23,Las Vegas Grand Prix,vegas,norris,NOR,mclaren,6,93.592,93.09899999999999,93.00800000000001,93.00800000000001,Q3
2024,22,2024-11-23,Las Vegas Grand Prix,vegas,tsunoda,TSU,rb,7,93.789,93.089,93.029,93.029,Q3
2024,22,2024-11-23,Las Vegas Grand Prix,vegas,piastri,PIA,mclaren,8,93.45,93.024,93.033,93.024,Q3
2024,22,2024-11-23,Las Vegas Grand Prix,vegas,hulkenberg,HUL,haas,9,93.92,93.114,93.062,93.062,Q3
2024,22,2024-11-23,Las Vegas Grand Prix,vegas,hamilton,HAM,mercedes,10,93.225,92.56700000000001,108.106,92.56700000000001,Q3
2024,22,2024-11-23,Las Vegas Grand Prix,vegas,ocon,OCO,alpine,11,93.968,93.221,,93.221,Q2
2024,22,2024-11-23,Las Vegas Grand Prix,vegas,kevin_magnussen,MAG,haas,12,93.991,93.297,,93.297,Q2
2024,22,2024-11-23,Las Vegas Grand Prix,vegas,zhou,ZHO,sauber,13,94.07900000000001,93.566,,93.566,Q2
2024,22,2024-11-23,Las Vegas Grand Prix,vegas,colapinto,COL,williams,14,93.74600000000001,93.749,,93.74600000000001,Q2
2024,22,2024-11-23,Las Vegas Grand Prix,vegas,lawson,LAW,rb,15,94.087,94.257,,94.087,Q2
2024,22,2024-11-23,Las Vegas Grand Prix,vegas,perez,PER,red_bull,16,94.155,,,94.155,Q1
2024,22,2024-11-23,Las Vegas Grand Prix,vegas,alonso,ALO,aston_martin,17,94.25800000000001,,,94.25800000000001,Q1
2024,22,2024-11-23,Las Vegas Grand Prix,vegas,albon,ALB,williams,18,94.425,,,94.425,Q1
2024,22,2024-11-23,Las Vegas Grand Prix,vegas,bottas,BOT,sauber,19,94.43,,,94.43,Q1
2024,22,2024-11-23,Las Vegas Grand Prix,vegas,stroll,STR,aston_martin,20,94.48400000000001,,,94.48400000000001,Q1
2024,23,2024-12-01,Qatar Grand Prix,losail,max_verstappen,VER,red_bull,1,81.57900000000001,80.687,80.52,80.52,Q3
2024,23,2024-12-01,Qatar Grand Prix,losail,russell,RUS,mercedes,2,81.241,81.069,80.575,80.575,Q3
2024,23,2024-12-01,Qatar Grand Prix,losail,norris,NOR,mclaren,3,81.578,80.983,80.77199999999999,80.77199999999999,Q3
2024,23,2024-12-01,Qatar Grand Prix,losail,piastri,PIA,mclaren,4,81.821,81.121,80.82900000000001,80.82900000000001,Q3
2024,23,2024-12-01,Qatar Grand Prix,losail,leclerc,LEC,ferrari,5,81.27799999999999,81.0,80.852,80.852,Q3
2024,23,2024-12-01,Qatar Grand Prix,losail,hamilton,HAM,mercedes,6,81.637,81.095,81.011,81.011,Q3
2024,23,2024-12-01,Qatar Grand Prix,losail,sainz,SAI,ferrari,7,81.447,81.199,81.041,81.041,Q3
2024,23,2024-12-01,Qatar Grand Prix,losail,alonso,ALO,aston_martin,8,81.608,81.208,81.251,81.208,Q3
2024,23,2024-12-01,Qatar Grand Prix,losail,perez,PER,red_bull,9,81.675,81.425,81.425,81.425,Q3
2024,23,2024-12-01,Qatar Grand Prix,losail,kevin_magnussen,MAG,haas,10,81.89099999999999,81.387,81.5,81.387,Q3
2024,23,2024-12-01,Qatar Grand Prix,losail,gasly,GAS,alpine,11,81.843,81.437,,81.437,Q2
2024,23,2024-12-01,Qatar Grand Prix,losail,zhou,ZHO,sauber,12,82.10300000000001,81.501,,81.501,Q2
2024,23,2024-12-01,Qatar Grand Prix,losail,bottas,BOT,sauber,13,81.92699999999999,81.731,,81.731,Q2
2024,23,2024-12-01,Qatar Grand Prix,losail,tsunoda,TSU,rb,14,82.364,81.771,,81.771,Q2
2024,23,2024-12-01,Qatar Grand Prix,losail,stroll,STR,aston_martin,15,82.011,81.911,,81.911,Q2
2024,23,2024-12-01,Qatar Grand Prix,losail,albon,ALB,williams,16,82.39,,,82.39,Q1
2024,23,2024-12-01,Qatar Grand Prix,losail,lawson,LAW,rb,17,82.411,,,82.411,Q1
2024,23,2024-12-01,Qatar Grand Prix,losail,hulkenberg,HUL,haas,18,82.44200000000001,,,82.44200000000001,Q1
2024,23,2024-12-01,Qatar Grand Prix,losail,colapinto,COL,williams,19,82.594,,,82.594,Q1
2024,23,2024-12-01,Qatar Grand Prix,losail,ocon,OCO,alpine,20,82.714,,,82.714,Q1
2024,24,2024-12-08,Abu Dhabi Grand Prix,yas_marina,norris,NOR,mclaren,1,83.682,83.098,82.595,82.595,Q3
2024,24,2024-12-08,Abu Dhabi Grand Prix,yas_marina,piastri,PIA,mclaren,2,83.64,83.199,82.804,82.804,Q3
2024,24,2024-12-08,Abu Dhabi Grand Prix,yas_marina,sainz,SAI,ferrari,3,83.487,82.985,82.824,82.824,Q3
2024,24,2024-12-08,Abu Dhabi Grand Prix,yas_marina,hulkenberg,HUL,haas,4,83.72200000000001,83.03999999999999,82.886,82.886,Q3
2024,24,2024-12-08,Abu Dhabi Grand Prix,yas_marina,max_verstappen,VER,red_bull,5,83.51599999999999,82.998,82.945,82.945,Q3
2024,24,2024-12-08,Abu Dhabi Grand Prix,yas_marina,gasly,GAS,alpine,6,83.548,83.086,82.98400000000001,82.98400000000001,Q3
2024,24,2024-12-08,Abu Dhabi Grand Prix,yas_marina,russell,RUS,mercedes,7,83.678,83.283,83.132,83.132,Q3
2024,24,2024-12-08,Abu Dhabi Grand Prix,yas_marina,alonso,ALO,aston_martin,8,83.794,83.268,83.196,83.196,Q3
2024,24,2024-12-08,Abu Dhabi Grand Prix,yas_marina,bottas,BOT,sauber,9,83.481,83.34100000000001,83.20400000000001,83.20400000000001,Q3
2024,24,2024-12-08,Abu Dhabi Grand Prix,yas_marina,perez,PER,red_bull,10,83.559,83.379,83.264,83.264,Q3
2024,24,2024-12-08,Abu Dhabi Grand Prix,yas_marina,tsunoda,TSU,rb,11,83.735,83.419,,83.419,Q2
2024,24,2024-12-08,Abu Dhabi Grand Prix,yas_marina,lawson,LAW,rb,12,83.733,83.47200000000001,,83.47200000000001,Q2
2024,24,2024-12-08,Abu Dhabi Grand Prix,yas_marina,stroll,STR,aston_martin,13,83.729,83.78399999999999,,83.729,Q2
2024,24,2024-12-08,Abu Dhabi Grand Prix,yas_marina,leclerc,LEC,ferrari,14,83.30199999999999,83.833,,83.30199999999999,Q2
2024,24,2024-12-08,Abu Dhabi Grand Prix,yas_marina,kevin_magnussen,MAG,haas,15,83.632,83.877,,83.632,Q2
2024,24,2024-12-08,Abu Dhabi Grand Prix,yas_marina,albon,ALB,williams,16,83.821,,,83.821,Q1
2024,24,2024-12-08,Abu Dhabi Grand Prix,yas_marina,zhou,ZHO,sauber,17,83.88,,,83.88,Q1
2024,24,2024-12-08,Abu Dhabi Grand Prix,yas_marina,hamilton,HAM,mercedes,18,83.887,,,83.887,Q1
2024,24,2024-12-08,Abu Dhabi Grand Prix,yas_marina,colapinto,COL,williams,19,83.912,,,83.912,Q1
2024,24,2024-12-08,Abu Dhabi Grand Prix,yas_marina,doohan,DOO,alpine,20,84.105,,,84.105,Q1
2025,1,2025-03-16,Australian Grand Prix,albert_park,norris,NOR,mclaren,1,75.912,75.41499999999999,75.096,75.096,Q3
2025,1,2025-03-16,Australian Grand Prix,albert_park,piastri,PIA,mclaren,2,76.062,75.468,75.18,75.18,Q3
2025,1,2025-03-16,Australian Grand Prix,albert_park,max_verstappen,VER,red_bull,3,76.018,75.565,75.481,75.481,Q3
2025,1,2025-03-16,Australian Grand Prix,albert_park,russell,RUS,mercedes,4,75.971,75.798,75.54599999999999,75.54599999999999,Q3
2025,1,2025-03-16,Australian Grand Prix,albert_park,tsunoda,TSU,rb,5,76.225,76.009,75.67,75.67,Q3
2025,1,2025-03-16,Australian Grand Prix,albert_park,albon,ALB,williams,6,76.245,76.017,75.737,75.737,Q3
2025,1,2025-03-16,Australian Grand Prix,albert_park,leclerc,LEC,ferrari,7,76.029,75.827,75.755,75.755,Q3
2025,1,2025-03-16,Australian Grand Prix,albert_park,hamilton,HAM,ferrari,8,76.213,75.919,75.973,75.919,Q3
2025,1,2025-03-16,Australian Grand Prix,albert_park,gasly,GAS,alpine,9,76.328,76.112,75.98,75.98,Q3
2025,1,2025-03-16,Australian Grand Prix,albert_park,sainz,SAI,williams,10,76.36,75.931,76.062,75.931,Q3
2025,1,2025-03-16,Australian Grand Prix,albert_park,hadjar,HAD,rb,11,76.354,76.175,,76.175,Q2
2025,1,2025-03-16,Australian Grand Prix,albert_park,alonso,ALO,aston_martin,12,76.288,76.453,,76.288,Q2
2025,1,2025-03-16,Australian Grand Prix,albert_park,stroll,STR,aston_martin,13,76.369,76.483,,76.369,Q2
2025,1,2025-03-16,Australian Grand Prix,albert_park,doohan,DOO,alpine,14,76.315,76.863,,76.315,Q2
2025,1,2025-03-16,Australian Grand Prix,albert_park,bortoleto,BOR,sauber,15,76.51599999999999,77.52,,76.51599999999999,Q2
2025,1,2025-03-16,Australian Grand Prix,albert_park,antonelli,ANT,mercedes,16,76.525,,,76.525,Q1
2025,1,2025-03-16,Australian Grand Prix,albert_park,hulkenberg,HUL,sauber,17,76.57900000000001,,,76.57900000000001,Q1
2025,1,2025-03-16,Australian Grand Prix,albert_park,lawson,LAW,red_bull,18,77.094,,,77.094,Q1
2025,1,2025-03-16,Australian Grand Prix,albert_park,ocon,OCO,haas,19,77.14699999999999,,,77.14699999999999,Q1
2025,1,2025-03-16,Australian Grand Prix,albert_park,bearman,BEA,haas,20,,,,,Q1
2025,2,2025-03-23,Chinese Grand Prix,shanghai,piastri,PIA,mclaren,1,91.59100000000001,91.2,90.64099999999999,90.64099999999999,Q3
2025,2,2025-03-23,Chinese Grand Prix,shanghai,russell,RUS,mercedes,2,91.295,91.307,90.723,90.723,Q3
2025,2,2025-03-23,Chinese Grand Prix,shanghai,norris,NOR,mclaren,3,90.983,90.787,90.793,90.787,Q3
2025,2,2025-03-23,Chinese Grand Prix,shanghai,max_verstappen,VER,red_bull,4,91.424,91.142,90.81700000000001,90.81700000000001,Q3
2025,2,2025-03-23,Chinese Grand Prix,shanghai,hamilton,HAM,ferrari,5,91.69,91.501,90.92699999999999,90.92699999999999,Q3
2025,2,2025-03-23,Chinese Grand Prix,shanghai,leclerc,LEC,ferrari,6,91.57900000000001,91.45,91.021,91.021,Q3
2025,2,2025-03-23,Chinese Grand Prix,shanghai,hadjar,HAD,rb,7,91.162,91.253,91.07900000000001,91.07900000000001,Q3
2025,2,2025-03-23,Chinese Grand Prix,shanghai,antonelli,ANT,mercedes,8,91.676,91.59,91.10300000000001,91.10300000000001,Q3
2025,2,2025-03-23,Chinese Grand Prix,shanghai,tsunoda,TSU,rb,9,91.238,91.26,91.638,91.238,Q3
2025,2,2025-03-23,Chinese Grand Prix,shanghai,albon,ALB,williams,10,91.503,91.595,91.706,91.503,Q3
2025,2,2025-03-23,Chinese Grand Prix,shanghai,ocon,OCO,haas,11,91.876,91.625,,91.625,Q2
2025,2,2025-03-23,Chinese Grand Prix,shanghai,hulkenberg,HUL,sauber,12,91.92099999999999,91.632,,91.632,Q2
2025,2,2025-03-23,Chinese Grand Prix,shanghai,alonso,ALO,aston_martin,13,91.719,91.688,,91.688,Q2
2025,2,2025-03-23,Chinese Grand Prix,shanghai,stroll,STR,aston_martin,14,91.923,91.773,,91.773,Q2
2025,2,2025-03-23,Chinese Grand Prix,shanghai,sainz,SAI,williams,15,91.628,91.84,,91.628,Q2
2025,2,2025-03-23,Chinese Grand Prix,shanghai,gasly,GAS,alpine,16,91.992,,,91.992,Q1
2025,2,2025-03-23,Chinese Grand Prix,shanghai,bearman,BEA,haas,17,92.018,,,92.018,Q1
2025,2,2025-03-23,Chinese Grand Prix,shanghai,doohan,DOO,alpine,18,92.092,,,92.092,Q1
2025,2,2025-03-23,Chinese Grand Prix,shanghai,bortoleto,BOR,sauber,19,92.14099999999999,,,92.14099999999999,Q1
2025,2,2025-03-23,Chinese Grand Prix,shanghai,lawson,LAW,red_bull,20,92.174,,,92.174,Q1
2025,3,2025-04-06,Japanese Grand Prix,suzuka,max_verstappen,VER,red_bull,1,87.943,87.502,86.983,86.983,Q3
2025,3,2025-04-06,Japanese Grand Prix,suzuka,norris,NOR,mclaren,2,87.845,87.146,86.995,86.995,Q3
2025,3,2025-04-06,Japanese Grand Prix,suzuka,piastri,PIA,mclaren,3,87.687,87.507,87.027,87.027,Q3
2025,3,2025-04-06,Japanese Grand Prix,suzuka,leclerc,LEC,ferrari,4,87.92,87.555,87.299,87.299,Q3
2025,3,2025-04-06,Japanese Grand Prix,suzuka,russell,RUS,mercedes,5,87.843,87.4,87.318,87.318,Q3
2025,3,2025-04-06,Japanese Grand Prix,suzuka,antonelli,ANT,mercedes,6,87.968,87.639,87.555,87.555,Q3
2025,3,2025-04-06,Japanese Grand Prix,suzuka,hadjar,HAD,rb,7,88.27799999999999,87.775,87.569,87.569,Q3
2025,3,2025-04-06,Japanese Grand Prix,suzuka,hamilton,HAM,ferrari,8,87.94200000000001,87.61,87.61,87.61,Q3
2025,3,2025-04-06,Japanese Grand Prix,suzuka,albon,ALB,williams,9,88.218,87.783,87.615,87.615,Q3
2025,3,2025-04-06,Japanese Grand Prix,suzuka,bearman,BEA,haas,10,88.22800000000001,87.711,87.867,87.711,Q3
2025,3,2025-04-06,Japanese Grand Prix,suzuka,gasly,GAS,alpine,11,88.186,87.822,,87.822,Q2
2025,3,2025-04-06,Japanese Grand Prix,suzuka,sainz,SAI,williams,12,88.209,87.836,,87.836,Q2
2025,3,2025-04-06,Japanese Grand Prix,suzuka,alonso,ALO,aston_martin,13,88.337,87.89699999999999,,87.89699999999999,Q2
2025,3,2025-04-06,Japanese Grand Prix,suzuka,lawson,LAW,rb,14,88.554,87.906,,87.906,Q2
2025,3,2025-04-06,Japanese Grand Prix,suzuka,tsunoda,TSU,red_bull,15,87.967,88.0,,87.967,Q2
2025,3,2025-04-06,Japanese Grand Prix,suzuka,hulkenberg,HUL,sauber,16,88.57,,,88.57,Q1
2025,3,2025-04-06,Japanese Grand Prix,suzuka,bortoleto,BOR,sauber,17,88.622,,,88.622,Q1
2025,3,2025-04-06,Japanese Grand Prix,suzuka,ocon,OCO,haas,18,88.696,,,88.696,Q1
2025,3,2025-04-06,Japanese Grand Prix,suzuka,doohan,DOO,alpine,19,88.877,,,88.877,Q1
2025,3,2025-04-06,Japanese Grand Prix,suzuka,stroll,STR,aston_martin,20,89.271,,,89.271,Q1
2025,4,2025-04-13,Bahrain Grand Prix,bahrain,piastri,PIA,mclaren,1,91.392,90.45400000000001,89.84100000000001,89.84100000000001,Q3
2025,4,2025-04-13,Bahrain Grand Prix,bahrain,russell,RUS,mercedes,2,91.494,90.664,90.009,90.009,Q3
2025,4,2025-04-13,Bahrain Grand Prix,bahrain,leclerc,LEC,ferrari,3,91.45400000000001,90.724,90.175,90.175,Q3
2025,4,2025-04-13,Bahrain Grand Prix,bahrain,antonelli,ANT,mercedes,4,91.41499999999999,90.71600000000001,90.213,90.213,Q3
2025,4,2025-04-13,Bahrain Grand Prix,bahrain,gasly,GAS,alpine,5,91.462,90.643,90.21600000000001,90.21600000000001,Q3
2025,4,2025-04-13,Bahrain Grand Prix,bahrain,norris,NOR,mclaren,6,91.107,90.56,90.267,90.267,Q3
2025,4,2025-04-13,Bahrain Grand Prix,bahrain,max_verstappen,VER,red_bull,7,91.303,91.019,90.423,90.423,Q3
2025,4,2025-04-13,Bahrain Grand Prix,bahrain,sainz,SAI,williams,8,91.59100000000001,90.844,90.68,90.68,Q3
2025,4,2025-04-13,Bahrain Grand Prix,bahrain,hamilton,HAM,ferrari,9,91.219,91.009,90.77199999999999,90.77199999999999,Q3
2025,4,2025-04-13,Bahrain Grand Prix,bahrain,tsunoda,TSU,red_bull,10,91.751,91.22800000000001,91.303,91.22800000000001,Q3
2025,4,2025-04-13,Bahrain Grand Prix,bahrain,doohan,DOO,alpine,11,91.414,91.245,,91.245,Q2
2025,4,2025-04-13,Bahrain Grand Prix,bahrain,hadjar,HAD,rb,12,91.59100000000001,91.271,,91.271,Q2
2025,4,2025-04-13,Bahrain Grand Prix,bahrain,alonso,ALO,aston_martin,13,91.634,91.886,,91.634,Q2
2025,4,2025-04-13,Bahrain Grand Prix,bahrain,ocon,OCO,haas,14,91.594,,,91.594,Q1
2025,4,2025-04-13,Bahrain Grand Prix,bahrain,albon,ALB,williams,15,92.03999999999999,,,92.03999999999999,Q1
2025,4,2025-04-13,Bahrain Grand Prix,bahrain,hulkenberg,HUL,sauber,16,92.06700000000001,,,92.06700000000001,Q1
2025,4,2025-04-13,Bahrain Grand Prix,bahrain,lawson,LAW,rb,17,92.16499999999999,,,92.16499999999999,Q1
2025,4,2025-04-13,Bahrain Grand Prix,bahrain,bortoleto,BOR,sauber,18,92.186,,,92.186,Q1
2025,4,2025-04-13,Bahrain Grand Prix,bahrain,stroll,STR,aston_martin,19,92.283,,,92.283,Q1
2025,4,2025-04-13,Bahrain Grand Prix,bahrain,bearman,BEA,haas,20,92.37299999999999,,,92.37299999999999,Q1
2025,5,2025-04-20,Saudi Arabian Grand Prix,jeddah,max_verstappen,VER,red_bull,1,87.77799999999999,87.529,87.294,87.294,Q3
2025,5,2025-04-20,Saudi Arabian Grand Prix,jeddah,piastri,PIA,mclaren,2,87.901,87.545,87.304,87.304,Q3
2025,5,2025-04-20,Saudi Arabian Grand Prix,jeddah,russell,RUS,mercedes,3,88.282,87.599,87.407,87.407,Q3
2025,5,2025-04-20,Saudi Arabian Grand Prix,jeddah,leclerc,LEC,ferrari,4,88.55199999999999,87.866,87.67,87.67,Q3
2025,5,2025-04-20,Saudi Arabian Grand Prix,jeddah,antonelli,ANT,mercedes,5,88.128,87.798,87.866,87.798,Q3
2025,5,2025-04-20,Saudi Arabian Grand Prix,jeddah,sainz,SAI,williams,6,88.354,88.024,88.164,88.024,Q3
2025,5,2025-04-20,Saudi Arabian Grand Prix,jeddah,hamilton,HAM,ferrari,7,88.372,88.102,88.201,88.102,Q3
2025,5,2025-04-20,Saudi Arabian Grand Prix,jeddah,tsunoda,TSU,red_bull,8,88.226,87.99,88.20400000000001,87.99,Q3
2025,5,2025-04-20,Saudi Arabian Grand Prix,jeddah,gasly,GAS,alpine,9,88.42099999999999,88.025,88.367,88.025,Q3
2025,5,2025-04-20,Saudi Arabian Grand Prix,jeddah,norris,NOR,mclaren,10,87.805,87.481,,87.481,Q2
2025,5,2025-04-20,Saudi Arabian Grand Prix,jeddah,albon,ALB,williams,11,88.279,88.10900000000001,,88.10900000000001,Q2
2025,5,2025-04-20,Saudi Arabian Grand Prix,jeddah,lawson,LAW,rb,12,88.561,88.191,,88.191,Q2
2025,5,2025-04-20,Saudi Arabian Grand Prix,jeddah,alonso,ALO,aston_martin,13,88.548,88.303,,88.303,Q2
2025,5,2025-04-20,Saudi Arabian Grand Prix,jeddah,hadjar,HAD,rb,14,88.571,88.418,,88.418,Q2
2025,5,2025-04-20,Saudi Arabian Grand Prix,jeddah,bearman,BEA,haas,15,88.536,88.648,,88.536,Q2
2025,5,2025-04-20,Saudi Arabian Grand Prix,jeddah,stroll,STR,aston_martin,16,88.645,,,88.645,Q1
2025,5,2025-04-20,Saudi Arabian Grand Prix,jeddah,doohan,DOO,alpine,17,88.739,,,88.739,Q1
2025,5,2025-04-20,Saudi Arabian Grand Prix,jeddah,hulkenberg,HUL,sauber,18,88.782,,,88.782,Q1
2025,5,2025-04-20,Saudi Arabian Grand Prix,jeddah,ocon,OCO,haas,19,89.092,,,89.092,Q1
2025,5,2025-04-20,Saudi Arabian Grand Prix,jeddah,bortoleto,BOR,sauber,20,89.462,,,89.462,Q1
2025,6,2025-05-04,Miami Grand Prix,miami,max_verstappen,VER,red_bull,1,,,,,Q1
2025,6,2025-05-04,Miami Grand Prix,miami,norris,NOR,mclaren,2,,,,,Q1
2025,6,2025-05-04,Miami Grand Prix,miami,antonelli,ANT,mercedes,3,,,,,Q1
2025,6,2025-05-04,Miami Grand Prix,miami,piastri,PIA,mclaren,4,,,,,Q1
2025,6,2025-05-04,Miami Grand Prix,miami,russell,RUS,mercedes,5,,,,,Q1
2025,6,2025-05-04,Miami Grand Prix,miami,sainz,SAI,williams,6,,,,,Q1
2025,6,2025-05-04,Miami Grand Prix,miami,albon,ALB,williams,7,,,,,Q1
2025,6,2025-05-04,Miami Grand Prix,miami,leclerc,LEC,ferrari,8,,,,,Q1
2025,6,2025-05-04,Miami Grand Prix,miami,ocon,OCO,haas,9,,,,,Q1
2025,6,2025-05-04,Miami Grand Prix,miami,tsunoda,TSU,red_bull,10,,,,,Q1
2025,6,2025-05-04,Miami Grand Prix,miami,hadjar,HAD,rb,11,,,,,Q1
2025,6,2025-05-04,Miami Grand Prix,miami,hamilton,HAM,ferrari,12,,,,,Q1
2025,6,2025-05-04,Miami Grand Prix,miami,bortoleto,BOR,sauber,13,,,,,Q1
2025,6,2025-05-04,Miami Grand Prix,miami,doohan,DOO,alpine,14,,,,,Q1
2025,6,2025-05-04,Miami Grand Prix,miami,lawson,LAW,rb,15,,,,,Q1
2025,6,2025-05-04,Miami Grand Prix,miami,hulkenberg,HUL,sauber,16,,,,,Q1
2025,6,2025-05-04,Miami Grand Prix,miami,alonso,ALO,aston_martin,17,,,,,Q1
2025,6,2025-05-04,Miami Grand Prix,miami,gasly,GAS,alpine,18,,,,,Q1
2025,6,2025-05-04,Miami Grand Prix,miami,stroll,STR,aston_martin,19,,,,,Q1
2025,6,2025-05-04,Miami Grand Prix,miami,bearman,BEA,haas,20,,,,,Q1
2025,7,2025-05-18,Emilia Romagna Grand Prix,imola,piastri,PIA,mclaren,1,75.5,75.214,74.67,74.67,Q3
2025,7,2025-05-18,Emilia Romagna Grand Prix,imola,max_verstappen,VER,red_bull,2,75.175,75.394,74.70400000000001,74.70400000000001,Q3
2025,7,2025-05-18,Emilia Romagna Grand Prix,imola,russell,RUS,mercedes,3,75.852,75.334,74.807,74.807,Q3
2025,7,2025-05-18,Emilia Romagna Grand Prix,imola,norris,NOR,mclaren,4,75.894,75.261,74.962,74.962,Q3
2025,7,2025-05-18,Emilia Romagna Grand Prix,imola,alonso,ALO,aston_martin,5,75.695,75.44200000000001,75.431,75.431,Q3
2025,7,2025-05-18,Emilia Romagna Grand Prix,imola,sainz,SAI,williams,6,75.987,75.19800000000001,75.432,75.19800000000001,Q3
2025,7,2025-05-18,Emilia Romagna Grand Prix,imola,albon,ALB,williams,7,76.123,75.521,75.473,75.473,Q3
2025,7,2025-05-18,Emilia Romagna Grand Prix,imola,stroll,STR,aston_martin,8,75.81700000000001,75.497,75.581,75.497,Q3
2025,7,2025-05-18,Emilia Romagna Grand Prix,imola,hadjar,HAD,rb,9,76.253,75.51,75.746,75.51,Q3
2025,7,2025-05-18,Emilia Romagna Grand Prix,imola,gasly,GAS,alpine,10,75.937,75.505,75.787,75.505,Q3
2025,7,2025-05-18,Emilia Romagna Grand Prix,imola,leclerc,LEC,ferrari,11,76.108,75.604,,75.604,Q2
2025,7,2025-05-18,Emilia Romagna Grand Prix,imola,hamilton,HAM,ferrari,12,76.163,75.765,,75.765,Q2
2025,7,2025-05-18,Emilia Romagna Grand Prix,imola,antonelli,ANT,mercedes,13,75.943,75.772,,75.772,Q2
2025,7,2025-05-18,Emilia Romagna Grand Prix,imola,bortoleto,BOR,sauber,14,76.34,76.26,,76.26,Q2
2025,7,2025-05-18,Emilia Romagna Grand Prix,imola,colapinto,COL,alpine,15,76.256,,,76.256,Q1
2025,7,2025-05-18,Emilia Romagna Grand Prix,imola,bearman,BEA,haas,16,76.918,,,76.918,Q1
2025,7,2025-05-18,Emilia Romagna Grand Prix,imola,lawson,LAW,rb,16,76.379,,,76.379,Q1
2025,7,2025-05-18,Emilia Romagna Grand Prix,imola,hulkenberg,HUL,sauber,17,76.518,,,76.518,Q1
2025,7,2025-05-18,Emilia Romagna Grand Prix,imola,ocon,OCO,haas,18,76.613,,,76.613,Q1
2025,7,2025-05-18,Emilia Romagna Grand Prix,imola,tsunoda,TSU,red_bull,20,,,,,Q1
2025,8,2025-05-25,Monaco Grand Prix,monaco,norris,NOR,mclaren,1,71.285,70.57,69.95400000000001,69.95400000000001,Q3
2025,8,2025-05-25,Monaco Grand Prix,monaco,leclerc,LEC,ferrari,2,71.229,70.581,70.063,70.063,Q3
2025,8,2025-05-25,Monaco Grand Prix,monaco,piastri,PIA,mclaren,3,71.30799999999999,70.858,70.129,70.129,Q3
2025,8,2025-05-25,Monaco Grand Prix,monaco,hamilton,HAM,ferrari,4,71.575,70.883,70.382,70.382,Q3
2025,8,2025-05-25,Monaco Grand Prix,monaco,max_verstappen,VER,red_bull,5,71.431,70.875,70.669,70.669,Q3
2025,8,2025-05-25,Monaco Grand Prix,monaco,hadjar,HAD,rb,6,71.811,71.03999999999999,70.923,70.923,Q3
2025,8,2025-05-25,Monaco Grand Prix,monaco,alonso,ALO,aston_martin,7,71.674,71.182,70.924,70.924,Q3
2025,8,2025-05-25,Monaco Grand Prix,monaco,ocon,OCO,haas,8,71.839,71.262,70.94200000000001,70.94200000000001,Q3
2025,8,2025-05-25,Monaco Grand Prix,monaco,lawson,LAW,rb,9,71.818,71.25,71.129,71.129,Q3
2025,8,2025-05-25,Monaco Grand Prix,monaco,albon,ALB,williams,10,71.629,70.732,71.213,70.732,Q3
2025,8,2025-05-25,Monaco Grand Prix,monaco,sainz,SAI,williams,11,71.707,71.362,,71.362,Q2
2025,8,2025-05-25,Monaco Grand Prix,monaco,tsunoda,TSU,red_bull,12,71.8,71.41499999999999,,71.41499999999999,Q2
2025,8,2025-05-25,Monaco Grand Prix,monaco,hulkenberg,HUL,sauber,13,71.871,71.596,,71.596,Q2
2025,8,2025-05-25,Monaco Grand Prix,monaco,russell,RUS,mercedes,14,71.507,,,71.507,Q1
2025,8,2025-05-25,Monaco Grand Prix,monaco,antonelli,ANT,mercedes,15,71.88,,,71.88,Q1
2025,8,2025-05-25,Monaco Grand Prix,monaco,bortoleto,BOR,sauber,16,71.902,,,71.902,Q1
2025,8,2025-05-25,Monaco Grand Prix,monaco,bearman,BEA,haas,17,71.979,,,71.979,Q1
2025,8,2025-05-25,Monaco Grand Prix,monaco,gasly,GAS,alpine,18,71.994,,,71.994,Q1
2025,8,2025-05-25,Monaco Grand Prix,monaco,stroll,STR,aston_martin,19,72.563,,,72.563,Q1
2025,8,2025-05-25,Monaco Grand Prix,monaco,colapinto,COL,alpine,20,72.597,,,72.597,Q1
2025,9,2025-06-01,Spanish Grand Prix,catalunya,piastri,PIA,mclaren,1,72.551,71.998,71.54599999999999,71.54599999999999,Q3
2025,9,2025-06-01,Spanish Grand Prix,catalunya,norris,NOR,mclaren,2,72.799,72.056,71.755,71.755,Q3
2025,9,2025-06-01,Spanish Grand Prix,catalunya,max_verstappen,VER,red_bull,3,72.798,72.358,71.848,71.848,Q3
2025,9,2025-06-01,Spanish Grand Prix,catalunya,russell,RUS,mercedes,4,72.806,72.407,71.848,71.848,Q3
2025,9,2025-06-01,Spanish Grand Prix,catalunya,hamilton,HAM,ferrari,5,73.05799999999999,72.447,72.045,72.045,Q3
2025,9,2025-06-01,Spanish Grand Prix,catalunya,antonelli,ANT,mercedes,6,72.815,72.58500000000001,72.111,72.111,Q3
2025,9,2025-06-01,Spanish Grand Prix,catalunya,leclerc,LEC,ferrari,7,73.014,72.495,72.131,72.131,Q3
2025,9,2025-06-01,Spanish Grand Prix,catalunya,gasly,GAS,alpine,8,73.081,72.611,72.199,72.199,Q3
2025,9,2025-06-01,Spanish Grand Prix,catalunya,hadjar,HAD,rb,9,73.139,72.461,72.252,72.252,Q3
2025,9,2025-06-01,Spanish Grand Prix,catalunya,alonso,ALO,aston_martin,10,73.102,72.523,72.284,72.284,Q3
2025,9,2025-06-01,Spanish Grand Prix,catalunya,albon,ALB,williams,11,73.044,72.641,,72.641,Q2
2025,9,2025-06-01,Spanish Grand Prix,catalunya,bortoleto,BOR,sauber,12,73.045,72.756,,72.756,Q2
2025,9,2025-06-01,Spanish Grand Prix,catalunya,lawson,LAW,rb,13,73.039,72.763,,72.763,Q2
2025,9,2025-06-01,Spanish Grand Prix,catalunya,stroll,STR,aston_martin,14,73.038,73.05799999999999,,73.038,Q2
2025,9,2025-06-01,Spanish Grand Prix,catalunya,bearman,BEA,haas,15,73.074,73.315,,73.074,Q2
2025,9,2025-06-01,Spanish Grand Prix,catalunya,hulkenberg,HUL,sauber,16,73.19,,,73.19,Q1
2025,9,2025-06-01,Spanish Grand Prix,catalunya,ocon,OCO,haas,17,73.201,,,73.201,Q1
2025,9,2025-06-01,Spanish Grand Prix,catalunya,sainz,SAI,williams,18,73.203,,,73.203,Q1
2025,9,2025-06-01,Spanish Grand Prix,catalunya,colapinto,COL,alpine,19,73.334,,,73.334,Q1
2025,9,2025-06-01,Spanish Grand Prix,catalunya,tsunoda,TSU,red_bull,20,73.385,,,73.385,Q1
2025,10,2025-06-15,Canadian Grand Prix,villeneuve,russell,RUS,mercedes,1,72.075,71.57,70.899,70.899,Q3
2025,10,2025-06-15,Canadian Grand Prix,villeneuve,max_verstappen,VER,red_bull,2,72.054,71.638,71.059,71.059,Q3
2025,10,2025-06-15,Canadian Grand Prix,villeneuve,piastri,PIA,mclaren,3,71.939,71.715,71.12,71.12,Q3
2025,10,2025-06-15,Canadian Grand Prix,villeneuve,antonelli,ANT,mercedes,4,72.279,71.974,71.391,71.391,Q3
2025,10,2025-06-15,Canadian Grand Prix,villeneuve,hamilton,HAM,ferrari,5,71.952,71.885,71.526,71.526,Q3
2025,10,2025-06-15,Canadian Grand Prix,villeneuve,alonso,ALO,aston_martin,6,72.07300000000001,71.805,71.586,71.586,Q3
2025,10,2025-06-15,Canadian Grand Prix,villeneuve,norris,NOR,mclaren,7,71.826,71.599,71.625,71.599,Q3
2025,10,2025-06-15,Canadian Grand Prix,villeneuve,leclerc,LEC,ferrari,8,72.038,71.626,71.682,71.626,Q3
2025,10,2025-06-15,Canadian Grand Prix,villeneuve,hadjar,HAD,rb,9,72.211,72.003,71.867,71.867,Q3
2025,10,2025-06-15,Canadian Grand Prix,villeneuve,albon,ALB,williams,10,72.09,71.892,71.907,71.892,Q3
2025,10,2025-06-15,Canadian Grand Prix,villeneuve,tsunoda,TSU,red_bull,11,72.334,72.102,,72.102,Q2
2025,10,2025-06-15,Canadian Grand Prix,villeneuve,colapinto,COL,alpine,12,72.234,72.142,,72.142,Q2
2025,10,2025-06-15,Canadian Grand Prix,villeneuve,hulkenberg,HUL,sauber,13,72.32300000000001,72.18299999999999,,72.18299999999999,Q2
2025,10,2025-06-15,Canadian Grand Prix,villeneuve,bearman,BEA,haas,14,72.306,72.34,,72.306,Q2
2025,10,2025-06-15,Canadian Grand Prix,villeneuve,ocon,OCO,haas,15,72.378,72.634,,72.378,Q2
2025,10,2025-06-15,Canadian Grand Prix,villeneuve,bortoleto,BOR,sauber,16,72.385,,,72.385,Q1
2025,10,2025-06-15,Canadian Grand Prix,villeneuve,sainz,SAI,williams,17,72.398,,,72.398,Q1
2025,10,2025-06-15,Canadian Grand Prix,villeneuve,stroll,STR,aston_martin,18,72.517,,,72.517,Q1
2025,10,2025-06-15,Canadian Grand Prix,villeneuve,lawson,LAW,rb,19,72.525,,,72.525,Q1
2025,10,2025-06-15,Canadian Grand Prix,villeneuve,gasly,GAS,alpine,20,72.667,,,72.667,Q1
2025,11,2025-06-29,Austrian Grand Prix,red_bull_ring,norris,NOR,mclaren,1,64.672,64.41,63.971000000000004,63.971000000000004,Q3
2025,11,2025-06-29,Austrian Grand Prix,red_bull_ring,leclerc,LEC,ferrari,2,65.197,64.734,64.492,64.492,Q3
2025,11,2025-06-29,Austrian Grand Prix,red_bull_ring,piastri,PIA,mclaren,3,64.966,64.556,64.554,64.554,Q3
2025,11,2025-06-29,Austrian Grand Prix,red_bull_ring,hamilton,HAM,ferrari,4,65.115,64.896,64.582,64.582,Q3
2025,11,2025-06-29,Austrian Grand Prix,red_bull_ring,russell,RUS,mercedes,5,65.189,64.86,64.763,64.763,Q3
2025,11,2025-06-29,Austrian Grand Prix,red_bull_ring,lawson,LAW,rb,6,65.017,65.041,64.926,64.926,Q3
2025,11,2025-06-29,Austrian Grand Prix,red_bull_ring,max_verstappen,VER,red_bull,7,65.106,64.836,64.929,64.836,Q3
2025,11,2025-06-29,Austrian Grand Prix,red_bull_ring,bortoleto,BOR,sauber,8,65.123,64.846,65.132,64.846,Q3
2025,11,2025-06-29,Austrian Grand Prix,red_bull_ring,antonelli,ANT,mercedes,9,65.178,65.05199999999999,65.276,65.05199999999999,Q3
2025,11,2025-06-29,Austrian Grand Prix,red_bull_ring,gasly,GAS,alpine,10,65.054,64.846,65.649,64.846,Q3
2025,11,2025-06-29,Austrian Grand Prix,red_bull_ring,alonso,ALO,aston_martin,11,65.197,65.128,,65.128,Q2
2025,11,2025-06-29,Austrian Grand Prix,red_bull_ring,albon,ALB,williams,12,65.143,65.205,,65.143,Q2
2025,11,2025-06-29,Austrian Grand Prix,red_bull_ring,hadjar,HAD,rb,13,65.063,65.226,,65.063,Q2
2025,11,2025-06-29,Austrian Grand Prix,red_bull_ring,colapinto,COL,alpine,14,65.278,65.288,,65.278,Q2
2025,11,2025-06-29,Austrian Grand Prix,red_bull_ring,bearman,BEA,haas,15,65.218,65.312,,65.218,Q2
2025,11,2025-06-29,Austrian Grand Prix,red_bull_ring,stroll,STR,aston_martin,16,65.329,,,65.329,Q1
2025,11,2025-06-29,Austrian Grand Prix,red_bull_ring,ocon,OCO,haas,17,65.364,,,65.364,Q1
2025,11,2025-06-29,Austrian Grand Prix,red_bull_ring,tsunoda,TSU,red_bull,18,65.369,,,65.369,Q1
2025,11,2025-06-29,Austrian Grand Prix,red_bull_ring,sainz,SAI,williams,19,65.582,,,65.582,Q1
2025,11,2025-06-29,Austrian Grand Prix,red_bull_ring,hulkenberg,HUL,sauber,20,65.606,,,65.606,Q1
2025,12,2025-07-06,British Grand Prix,silverstone,max_verstappen,VER,red_bull,1,85.886,85.316,84.892,84.892,Q3
2025,12,2025-07-06,British Grand Prix,silverstone,piastri,PIA,mclaren,2,85.963,85.316,84.995,84.995,Q3
2025,12,2025-07-06,British Grand Prix,silverstone,norris,NOR,mclaren,3,86.123,85.231,85.01,85.01,Q3
2025,12,2025-07-06,British Grand Prix,silverstone,russell,RUS,mercedes,4,86.236,85.637,85.029,85.029,Q3
2025,12,2025-07-06,British Grand Prix,silverstone,hamilton,HAM,ferrari,5,86.29599999999999,85.084,85.095,85.084,Q3
2025,12,2025-07-06,British Grand Prix,silverstone,leclerc,LEC,ferrari,6,86.186,85.133,85.121,85.121,Q3
2025,12,2025-07-06,British Grand Prix,silverstone,antonelli,ANT,mercedes,7,86.265,85.62,85.374,85.374,Q3
2025,12,2025-07-06,British Grand Prix,silverstone,bearman,BEA,haas,8,86.005,85.53399999999999,85.471,85.471,Q3
2025,12,2025-07-06,British Grand Prix,silverstone,alonso,ALO,aston_martin,9,86.108,85.593,85.621,85.593,Q3
2025,12,2025-07-06,British Grand Prix,silverstone,gasly,GAS,alpine,10,86.328,85.711,85.785,85.711,Q3
2025,12,2025-07-06,British Grand Prix,silverstone,sainz,SAI,williams,11,86.175,85.746,,85.746,Q2
2025,12,2025-07-06,British Grand Prix,silverstone,tsunoda,TSU,red_bull,12,86.275,85.826,,85.826,Q2
2025,12,2025-07-06,British Grand Prix,silverstone,hadjar,HAD,rb,13,86.17699999999999,85.864,,85.864,Q2
2025,12,2025-07-06,British Grand Prix,silverstone,albon,ALB,williams,14,86.093,85.889,,85.889,Q2
2025,12,2025-07-06,British Grand Prix,silverstone,ocon,OCO,haas,15,86.136,85.95,,85.95,Q2
2025,12,2025-07-06,British Grand Prix,silverstone,lawson,LAW,rb,16,86.44,,,86.44,Q1
2025,12,2025-07-06,British Grand Prix,silverstone,bortoleto,BOR,sauber,17,86.446,,,86.446,Q1
2025,12,2025-07-06,British Grand Prix,silverstone,stroll,STR,aston_martin,18,86.504,,,86.504,Q1
2025,12,2025-07-06,British Grand Prix,silverstone,hulkenberg,HUL,sauber,19,86.574,,,86.574,Q1
2025,12,2025-07-06,British Grand Prix,silverstone,colapinto,COL,alpine,20,87.06,,,87.06,Q1
2025,13,2025-07-27,Belgian Grand Prix,spa,norris,NOR,mclaren,1,101.00999999999999,100.715,100.562,100.562,Q3
2025,13,2025-07-27,Belgian Grand Prix,spa,piastri,PIA,mclaren,2,101.201,100.626,100.64699999999999,100.626,Q3
2025,13,2025-07-27,Belgian Grand Prix,spa,leclerc,LEC,ferrari,3,101.63499999999999,101.084,100.9,100.9,Q3
2025,13,2025-07-27,Belgian Grand Prix,spa,max_verstappen,VER,red_bull,4,101.334,100.951,100.90299999999999,100.90299999999999,Q3
2025,13,2025-07-27,Belgian Grand Prix,spa,albon,ALB,williams,5,101.77199999999999,101.505,101.201,101.201,Q3
2025,13,2025-07-27,Belgian Grand Prix,spa,russell,RUS,mercedes,6,101.78399999999999,101.25399999999999,101.25999999999999,101.25399999999999,Q3
2025,13,2025-07-27,Belgian Grand Prix,spa,tsunoda,TSU,red_bull,7,101.84,101.245,101.28399999999999,101.245,Q3
2025,13,2025-07-27,Belgian Grand Prix,spa,hadjar,HAD,rb,8,101.572,101.281,101.31,101.281,Q3
2025,13,2025-07-27,Belgian Grand Prix,spa,lawson,LAW,rb,9,101.74799999999999,101.297,101.328,101.297,Q3
2025,13,2025-07-27,Belgian Grand Prix,spa,bortoleto,BOR,sauber,10,101.908,101.336,102.387,101.336,Q3
2025,13,2025-07-27,Belgian Grand Prix,spa,ocon,OCO,haas,11,101.884,101.525,,101.525,Q2
2025,13,2025-07-27,Belgian Grand Prix,spa,bearman,BEA,haas,12,101.61699999999999,101.61699999999999,,101.61699999999999,Q2
2025,13,2025-07-27,Belgian Grand Prix,spa,gasly,GAS,alpine,13,101.8,101.63300000000001,,101.63300000000001,Q2
2025,13,2025-07-27,Belgian Grand Prix,spa,hulkenberg,HUL,sauber,14,101.844,101.707,,101.707,Q2
2025,13,2025-07-27,Belgian Grand Prix,spa,sainz,SAI,williams,15,101.691,101.75800000000001,,101.691,Q2
2025,13,2025-07-27,Belgian Grand Prix,spa,hamilton,HAM,ferrari,16,101.939,,,101.939,Q1
2025,13,2025-07-27,Belgian Grand Prix,spa,colapinto,COL,alpine,17,102.02199999999999,,,102.02199999999999,Q1
2025,13,2025-07-27,Belgian Grand Prix,spa,antonelli,ANT,mercedes,18,102.13900000000001,,,102.13900000000001,Q1
2025,13,2025-07-27,Belgian Grand Prix,spa,alonso,ALO,aston_martin,19,102.38499999999999,,,102.38499999999999,Q1
2025,13,2025-07-27,Belgian Grand Prix,spa,stroll,STR,aston_martin,20,102.50200000000001,,,102.50200000000001,Q1
2025,14,2025-08-03,Hungarian Grand Prix,hungaroring,leclerc,LEC,ferrari,1,75.582,75.455,75.372,75.372,Q3
2025,14,2025-08-03,Hungarian Grand Prix,hungaroring,piastri,PIA,mclaren,2,75.211,74.941,75.398,74.941,Q3
2025,14,2025-08-03,Hungarian Grand Prix,hungaroring,norris,NOR,mclaren,3,75.523,74.89,75.413,74.89,Q3
2025,14,2025-08-03,Hungarian Grand Prix,hungaroring,russell,RUS,mercedes,4,75.627,75.201,75.425,75.201,Q3
2025,14,2025-08-03,Hungarian Grand Prix,hungaroring,alonso,ALO,aston_martin,5,75.281,75.395,75.481,75.281,Q3
2025,14,2025-08-03,Hungarian Grand Prix,hungaroring,stroll,STR,aston_martin,6,75.673,75.129,75.498,75.129,Q3
2025,14,2025-08-03,Hungarian Grand Prix,hungaroring,bortoleto,BOR,sauber,7,75.586,75.687,75.725,75.586,Q3
2025,14,2025-08-03,Hungarian Grand Prix,hungaroring,max_verstappen,VER,red_bull,8,75.736,75.547,75.728,75.547,Q3
2025,14,2025-08-03,Hungarian Grand Prix,hungaroring,lawson,LAW,rb,9,75.849,75.63,75.821,75.63,Q3
2025,14,2025-08-03,Hungarian Grand Prix,hungaroring,hadjar,HAD,rb,10,75.516,75.469,75.91499999999999,75.469,Q3
2025,14,2025-08-03,Hungarian Grand Prix,hungaroring,bearman,BEA,haas,11,75.75,75.694,,75.694,Q2
2025,14,2025-08-03,Hungarian Grand Prix,hungaroring,hamilton,HAM,ferrari,12,75.733,75.702,,75.702,Q2
2025,14,2025-08-03,Hungarian Grand Prix,hungaroring,sainz,SAI,williams,13,75.652,75.781,,75.652,Q2
2025,14,2025-08-03,Hungarian Grand Prix,hungaroring,colapinto,COL,alpine,14,75.875,76.15899999999999,,75.875,Q2
2025,14,2025-08-03,Hungarian Grand Prix,hungaroring,antonelli,ANT,mercedes,15,75.782,76.386,,75.782,Q2
2025,14,2025-08-03,Hungarian Grand Prix,hungaroring,tsunoda,TSU,red_bull,16,75.899,,,75.899,Q1
2025,14,2025-08-03,Hungarian Grand Prix,hungaroring,gasly,GAS,alpine,17,75.966,,,75.966,Q1
2025,14,2025-08-03,Hungarian Grand Prix,hungaroring,ocon,OCO,haas,18,76.023,,,76.023,Q1
2025,14,2025-08-03,Hungarian Grand Prix,hungaroring,hulkenberg,HUL,sauber,19,76.081,,,76.081,Q1
2025,14,2025-08-03,Hungarian Grand Prix,hungaroring,albon,ALB,williams,20,76.223,,,76.223,Q1
2025,15,2025-08-31,Dutch Grand Prix,zandvoort,piastri,PIA,mclaren,1,69.338,68.964,68.662,68.662,Q3
2025,15,2025-08-31,Dutch Grand Prix,zandvoort,norris,NOR,mclaren,2,69.469,68.874,68.674,68.674,Q3
2025,15,2025-08-31,Dutch Grand Prix,zandvoort,max_verstappen,VER,red_bull,3,69.696,69.122,68.925,68.925,Q3
2025,15,2025-08-31,Dutch Grand Prix,zandvoort,hadjar,HAD,rb,4,69.966,69.439,69.208,69.208,Q3
2025,15,2025-08-31,Dutch Grand Prix,zandvoort,russell,RUS,mercedes,5,69.676,69.313,69.255,69.255,Q3
2025,15,2025-08-31,Dutch Grand Prix,zandvoort,leclerc,LEC,ferrari,6,69.906,69.304,69.34,69.304,Q3
2025,15,2025-08-31,Dutch Grand Prix,zandvoort,hamilton,HAM,ferrari,7,69.9,69.261,69.39,69.261,Q3
2025,15,2025-08-31,Dutch Grand Prix,zandvoort,lawson,LAW,rb,8,69.779,69.383,69.5,69.383,Q3
2025,15,2025-08-31,Dutch Grand Prix,zandvoort,sainz,SAI,williams,9,69.98,69.472,69.505,69.472,Q3
2025,15,2025-08-31,Dutch Grand Prix,zandvoort,alonso,ALO,aston_martin,10,69.95,69.366,69.63,69.366,Q3
2025,15,2025-08-31,Dutch Grand Prix,zandvoort,antonelli,ANT,mercedes,11,69.845,69.493,,69.493,Q2
2025,15,2025-08-31,Dutch Grand Prix,zandvoort,tsunoda,TSU,red_bull,12,69.95400000000001,69.622,,69.622,Q2
2025,15,2025-08-31,Dutch Grand Prix,zandvoort,bortoleto,BOR,sauber,13,70.037,69.622,,69.622,Q2
2025,15,2025-08-31,Dutch Grand Prix,zandvoort,gasly,GAS,alpine,14,69.894,69.637,,69.637,Q2
2025,15,2025-08-31,Dutch Grand Prix,zandvoort,albon,ALB,williams,15,69.792,69.652,,69.652,Q2
2025,15,2025-08-31,Dutch Grand Prix,zandvoort,colapinto,COL,alpine,16,70.104,,,70.104,Q1
2025,15,2025-08-31,Dutch Grand Prix,zandvoort,hulkenberg,HUL,sauber,17,70.195,,,70.195,Q1
2025,15,2025-08-31,Dutch Grand Prix,zandvoort,ocon,OCO,haas,18,70.197,,,70.197,Q1
2025,15,2025-08-31,Dutch Grand Prix,zandvoort,bearman,BEA,haas,19,70.262,,,70.262,Q1
2025,15,2025-08-31,Dutch Grand Prix,zandvoort,stroll,STR,aston_martin,20,,,,,Q1
2025,16,2025-09-07,Italian Grand Prix,monza,max_verstappen,VER,red_bull,1,79.455,79.14,78.792,78.792,Q3
2025,16,2025-09-07,Italian Grand Prix,monza,norris,NOR,mclaren,2,79.517,79.293,78.869,78.869,Q3
2025,16,2025-09-07,Italian Grand Prix,monza,piastri,PIA,mclaren,3,79.711,79.286,78.982,78.982,Q3
2025,16,2025-09-07,Italian Grand Prix,monza,leclerc,LEC,ferrari,4,79.689,79.31,79.007,79.007,Q3
2025,16,2025-09-07,Italian Grand Prix,monza,hamilton,HAM,ferrari,5,79.765,79.371,79.124,79.124,Q3
2025,16,2025-09-07,Italian Grand Prix,monza,russell,RUS,mercedes,6,79.414,79.287,79.157,79.157,Q3
2025,16,2025-09-07,Italian Grand Prix,monza,antonelli,ANT,mercedes,7,79.747,79.245,79.2,79.2,Q3
2025,16,2025-09-07,Italian Grand Prix,monza,bortoleto,BOR,sauber,8,79.688,79.32300000000001,79.39,79.32300000000001,Q3
2025,16,2025-09-07,Italian Grand Prix,monza,alonso,ALO,aston_martin,9,79.658,79.362,79.424,79.362,Q3
2025,16,2025-09-07,Italian Grand Prix,monza,tsunoda,TSU,red_bull,10,79.619,79.43299999999999,79.519,79.43299999999999,Q3
2025,16,2025-09-07,Italian Grand Prix,monza,bearman,BEA,haas,11,79.688,79.446,,79.446,Q2
2025,16,2025-09-07,Italian Grand Prix,monza,hulkenberg,HUL,sauber,12,79.777,79.498,,79.498,Q2
2025,16,2025-09-07,Italian Grand Prix,monza,sainz,SAI,williams,13,79.644,79.52799999999999,,79.52799999999999,Q2
2025,16,2025-09-07,Italian Grand Prix,monza,albon,ALB,williams,14,79.837,79.583,,79.583,Q2
2025,16,2025-09-07,Italian Grand Prix,monza,ocon,OCO,haas,15,79.816,79.707,,79.707,Q2
2025,16,2025-09-07,Italian Grand Prix,monza,hadjar,HAD,rb,16,79.917,,,79.917,Q1
2025,16,2025-09-07,Italian Grand Prix,monza,stroll,STR,aston_martin,17,79.94800000000001,,,79.94800000000001,Q1
2025,16,2025-09-07,Italian Grand Prix,monza,colapinto,COL,alpine,18,79.992,,,79.992,Q1
2025,16,2025-09-07,Italian Grand Prix,monza,gasly,GAS,alpine,19,80.10300000000001,,,80.10300000000001,Q1
2025,16,2025-09-07,Italian Grand Prix,monza,lawson,LAW,rb,20,80.279,,,80.279,Q1
2025,17,2025-09-21,Azerbaijan Grand Prix,baku,max_verstappen,VER,red_bull,1,101.331,101.255,101.11699999999999,101.11699999999999,Q3
2025,17,2025-09-21,Azerbaijan Grand Prix,baku,sainz,SAI,williams,2,102.63499999999999,101.675,101.595,101.595,Q3
2025,17,2025-09-21,Azerbaijan Grand Prix,baku,lawson,LAW,rb,3,102.257,101.537,101.707,101.537,Q3
2025,17,2025-09-21,Azerbaijan Grand Prix,baku,antonelli,ANT,mercedes,4,102.247,101.464,101.717,101.464,Q3
2025,17,2025-09-21,Azerbaijan Grand Prix,baku,russell,RUS,mercedes,5,101.646,101.455,102.07,101.455,Q3
2025,17,2025-09-21,Azerbaijan Grand Prix,baku,tsunoda,TSU,red_bull,6,102.34700000000001,101.788,102.143,101.788,Q3
2025,17,2025-09-21,Azerbaijan Grand Prix,baku,norris,NOR,mclaren,7,101.322,101.396,102.239,101.322,Q3
2025,17,2025-09-21,Azerbaijan Grand Prix,baku,hadjar,HAD,rb,8,101.656,101.64699999999999,102.372,101.64699999999999,Q3
2025,17,2025-09-21,Azerbaijan Grand Prix,baku,piastri,PIA,mclaren,9,101.839,101.414,,101.414,Q2
2025,17,2025-09-21,Azerbaijan Grand Prix,baku,leclerc,LEC,ferrari,10,101.458,101.519,,101.458,Q2
2025,17,2025-09-21,Azerbaijan Grand Prix,baku,alonso,ALO,aston_martin,11,102.211,101.857,,101.857,Q2
2025,17,2025-09-21,Azerbaijan Grand Prix,baku,hamilton,HAM,ferrari,12,101.821,102.18299999999999,,101.821,Q2
2025,17,2025-09-21,Azerbaijan Grand Prix,baku,bortoleto,BOR,sauber,13,102.511,102.277,,102.277,Q2
2025,17,2025-09-21,Azerbaijan Grand Prix,baku,stroll,STR,aston_martin,14,102.101,103.061,,102.101,Q2
2025,17,2025-09-21,Azerbaijan Grand Prix,baku,bearman,BEA,haas,15,102.666,,,102.666,Q1
2025,17,2025-09-21,Azerbaijan Grand Prix,baku,colapinto,COL,alpine,16,102.779,,,102.779,Q1
2025,17,2025-09-21,Azerbaijan Grand Prix,baku,hulkenberg,HUL,sauber,17,102.916,,,102.916,Q1
2025,17,2025-09-21,Azerbaijan Grand Prix,baku,gasly,GAS,alpine,18,103.13900000000001,,,103.13900000000001,Q1
2025,17,2025-09-21,Azerbaijan Grand Prix,baku,albon,ALB,williams,19,103.77799999999999,,,103.77799999999999,Q1
2025,17,2025-09-21,Azerbaijan Grand Prix,baku,ocon,OCO,haas,20,,,,,Q1
2025,18,2025-10-05,Singapore Grand Prix,marina_bay,russell,RUS,mercedes,1,89.928,89.562,89.158,89.158,Q3
2025,18,2025-10-05,Singapore Grand Prix,marina_bay,max_verstappen,VER,red_bull,2,90.02799999999999,89.572,89.34,89.34,Q3
2025,18,2025-10-05,Singapore Grand Prix,marina_bay,piastri,PIA,mclaren,3,90.313,89.813,89.524,89.524,Q3
2025,18,2025-10-05,Singapore Grand Prix,marina_bay,antonelli,ANT,mercedes,4,90.036,89.649,89.537,89.537,Q3
2025,18,2025-10-05,Singapore Grand Prix,marina_bay,norris,NOR,mclaren,5,89.932,89.809,89.586,89.586,Q3
2025,18,2025-10-05,Singapore Grand Prix,marina_bay,hamilton,HAM,ferrari,6,89.765,89.936,89.688,89.688,Q3
2025,18,2025-10-05,Singapore Grand Prix,marina_bay,leclerc,LEC,ferrari,7,90.37,89.914,89.78399999999999,89.78399999999999,Q3
2025,18,2025-10-05,Singapore Grand Prix,marina_bay,hadjar,HAD,rb,8,90.214,90.01599999999999,89.846,89.846,Q3
2025,18,2025-10-05,Singapore Grand Prix,marina_bay,bearman,BEA,haas,9,90.42,90.076,89.868,89.868,Q3
2025,18,2025-10-05,Singapore Grand Prix,marina_bay,alonso,ALO,aston_martin,10,90.745,90.054,89.955,89.955,Q3
2025,18,2025-10-05,Singapore Grand Prix,marina_bay,hulkenberg,HUL,sauber,11,90.715,90.14099999999999,,90.14099999999999,Q2
2025,18,2025-10-05,Singapore Grand Prix,marina_bay,lawson,LAW,rb,12,90.681,90.32,,90.32,Q2
2025,18,2025-10-05,Singapore Grand Prix,marina_bay,tsunoda,TSU,red_bull,13,90.574,90.35300000000001,,90.35300000000001,Q2
2025,18,2025-10-05,Singapore Grand Prix,marina_bay,bortoleto,BOR,sauber,14,90.82,,,90.82,Q1
2025,18,2025-10-05,Singapore Grand Prix,marina_bay,stroll,STR,aston_martin,15,90.949,,,90.949,Q1
2025,18,2025-10-05,Singapore Grand Prix,marina_bay,colapinto,COL,alpine,16,90.982,,,90.982,Q1
2025,18,2025-10-05,Singapore Grand Prix,marina_bay,ocon,OCO,haas,17,90.989,,,90.989,Q1
2025,18,2025-10-05,Singapore Grand Prix,marina_bay,gasly,GAS,alpine,18,91.261,,,91.261,Q1
2025,18,2025-10-05,Singapore Grand Prix,marina_bay,albon,ALB,williams,19,,,,,Q1
2025,18,2025-10-05,Singapore Grand Prix,marina_bay,sainz,SAI,williams,20,,,,,Q1
2025,19,2025-10-19,United States Grand Prix,americas,max_verstappen,VER,red_bull,1,93.207,92.701,92.50999999999999,92.50999999999999,Q3
2025,19,2025-10-19,United States Grand Prix,americas,norris,NOR,mclaren,2,93.843,92.876,92.801,92.801,Q3
2025,19,2025-10-19,United States Grand Prix,americas,leclerc,LEC,ferrari,3,93.525,92.869,92.807,92.807,Q3
2025,19,2025-10-19,United States Grand Prix,americas,russell,RUS,mercedes,4,93.311,93.05799999999999,92.826,92.826,Q3
2025,19,2025-10-19,United States Grand Prix,americas,hamilton,HAM,ferrari,5,93.685,92.914,92.912,92.912,Q3
2025,19,2025-10-19,United States Grand Prix,americas,piastri,PIA,mclaren,6,93.74600000000001,93.22800000000001,93.084,93.084,Q3
2025,19,2025-10-19,United States Grand Prix,americas,antonelli,ANT,mercedes,7,93.501,93.044,93.114,93.044,Q3
2025,19,2025-10-19,United States Grand Prix,americas,bearman,BEA,haas,8,93.92099999999999,93.238,93.13900000000001,93.13900000000001,Q3
2025,19,2025-10-19,United States Grand Prix,americas,sainz,SAI,williams,9,93.739,93.124,93.15,93.124,Q3
2025,19,2025-10-19,United States Grand Prix,americas,alonso,ALO,aston_martin,10,93.741,93.237,93.16,93.16,Q3
2025,19,2025-10-19,United States Grand Prix,americas,hulkenberg,HUL,sauber,11,93.551,93.334,,93.334,Q2
2025,19,2025-10-19,United States Grand Prix,americas,lawson,LAW,rb,12,93.549,93.36,,93.36,Q2
2025,19,2025-10-19,United States Grand Prix,americas,tsunoda,TSU,red_bull,13,93.935,93.46600000000001,,93.46600000000001,Q2
2025,19,2025-10-19,United States Grand Prix,americas,gasly,GAS,alpine,14,93.59899999999999,93.65100000000001,,93.59899999999999,Q2
2025,19,2025-10-19,United States Grand Prix,americas,colapinto,COL,alpine,15,94.039,94.044,,94.039,Q2
2025,19,2025-10-19,United States Grand Prix,americas,bortoleto,BOR,sauber,16,94.125,,,94.125,Q1
2025,19,2025-10-19,United States Grand Prix,americas,ocon,OCO,haas,17,94.136,,,94.136,Q1
2025,19,2025-10-19,United States Grand Prix,americas,stroll,STR,aston_martin,18,94.53999999999999,,,94.53999999999999,Q1
2025,19,2025-10-19,United States Grand Prix,americas,albon,ALB,williams,19,94.69,,,94.69,Q1
2025,19,2025-10-19,United States Grand Prix,americas,hadjar,HAD,rb,20,,,,,Q1
2025,20,2025-10-26,Mexico City Grand Prix,rodriguez,norris,NOR,mclaren,1,76.899,76.252,75.586,75.586,Q3
2025,20,2025-10-26,Mexico City Grand Prix,rodriguez,leclerc,LEC,ferrari,2,77.024,76.658,75.848,75.848,Q3
2025,20,2025-10-26,Mexico City Grand Prix,rodriguez,hamilton,HAM,ferrari,3,76.736,76.458,75.938,75.938,Q3
2025,20,2025-10-26,Mexico City Grand Prix,rodriguez,russell,RUS,mercedes,4,76.895,76.537,76.03399999999999,76.03399999999999,Q3
2025,20,2025-10-26,Mexico City Grand Prix,rodriguez,max_verstappen,VER,red_bull,5,77.076,76.605,76.07,76.07,Q3
2025,20,2025-10-26,Mexico City Grand Prix,rodriguez,antonelli,ANT,mercedes,6,77.291,76.773,76.118,76.118,Q3
2025,20,2025-10-26,Mexico City Grand Prix,rodriguez,sainz,SAI,williams,7,77.17099999999999,76.607,76.172,76.172,Q3
2025,20,2025-10-26,Mexico City Grand Prix,rodriguez,piastri,PIA,mclaren,8,77.158,76.737,76.174,76.174,Q3
2025,20,2025-10-26,Mexico City Grand Prix,rodriguez,hadjar,HAD,rb,9,76.733,76.804,76.252,76.252,Q3
2025,20,2025-10-26,Mexico City Grand Prix,rodriguez,bearman,BEA,haas,10,77.03999999999999,76.787,76.46000000000001,76.46000000000001,Q3
2025,20,2025-10-26,Mexico City Grand Prix,rodriguez,tsunoda,TSU,red_bull,11,77.23400000000001,76.816,,76.816,Q2
2025,20,2025-10-26,Mexico City Grand Prix,rodriguez,ocon,OCO,haas,12,76.94800000000001,76.837,,76.837,Q2
2025,20,2025-10-26,Mexico City Grand Prix,rodriguez,hulkenberg,HUL,sauber,13,77.251,77.01599999999999,,77.01599999999999,Q2
2025,20,2025-10-26,Mexico City Grand Prix,rodriguez,alonso,ALO,aston_martin,14,77.232,77.10300000000001,,77.10300000000001,Q2
2025,20,2025-10-26,Mexico City Grand Prix,rodriguez,lawson,LAW,rb,15,76.961,78.072,,76.961,Q2
2025,20,2025-10-26,Mexico City Grand Prix,rodriguez,bortoleto,BOR,sauber,16,77.412,,,77.412,Q1
2025,20,2025-10-26,Mexico City Grand Prix,rodriguez,albon,ALB,williams,17,77.49,,,77.49,Q1
2025,20,2025-10-26,Mexico City Grand Prix,rodriguez,gasly,GAS,alpine,18,77.54599999999999,,,77.54599999999999,Q1
2025,20,2025-10-26,Mexico City Grand Prix,rodriguez,stroll,STR,aston_martin,19,77.606,,,77.606,Q1
2025,20,2025-10-26,Mexico City Grand Prix,rodriguez,colapinto,COL,alpine,20,77.67,,,77.67,Q1
2025,21,2025-11-09,São Paulo Grand Prix,interlagos,norris,NOR,mclaren,1,69.656,69.616,69.511,69.511,Q3
2025,21,2025-11-09,São Paulo Grand Prix,interlagos,antonelli,ANT,mercedes,2,70.19200000000001,69.774,69.685,69.685,Q3
2025,21,2025-11-09,São Paulo Grand Prix,interlagos,leclerc,LEC,ferrari,3,69.934,69.801,69.805,69.801,Q3
2025,21,2025-11-09,São Paulo Grand Prix,interlagos,piastri,PIA,mclaren,4,69.928,69.83500000000001,69.886,69.83500000000001,Q3
2025,21,2025-11-09,São Paulo Grand Prix,interlagos,hadjar,HAD,rb,5,70.083,69.97,69.931,69.931,Q3
2025,21,2025-11-09,São Paulo Grand Prix,interlagos,russell,RUS,mercedes,6,69.935,69.88,69.94200000000001,69.88,Q3
2025,21,2025-11-09,São Paulo Grand Prix,interlagos,lawson,LAW,rb,7,70.108,69.95,69.962,69.95,Q3
2025,21,2025-11-09,São Paulo Grand Prix,interlagos,bearman,BEA,haas,8,69.891,69.755,69.977,69.755,Q3
2025,21,2025-11-09,São Paulo Grand Prix,interlagos,gasly,GAS,alpine,9,69.885,69.857,70.002,69.857,Q3
2025,21,2025-11-09,São Paulo Grand Prix,interlagos,hulkenberg,HUL,sauber,10,70.337,69.985,70.039,69.985,Q3
2025,21,2025-11-09,São Paulo Grand Prix,interlagos,alonso,ALO,aston_martin,11,70.181,70.001,,70.001,Q2
2025,21,2025-11-09,São Paulo Grand Prix,interlagos,albon,ALB,williams,12,70.115,70.053,,70.053,Q2
2025,21,2025-11-09,São Paulo Grand Prix,interlagos,hamilton,HAM,ferrari,13,70.016,70.1,,70.016,Q2
2025,21,2025-11-09,São Paulo Grand Prix,interlagos,stroll,STR,aston_martin,14,70.041,70.161,,70.041,Q2
2025,21,2025-11-09,São Paulo Grand Prix,interlagos,sainz,SAI,williams,15,70.184,70.472,,70.184,Q2
2025,21,2025-11-09,São Paulo Grand Prix,interlagos,max_verstappen,VER,red_bull,16,70.403,,,70.403,Q1
2025,21,2025-11-09,São Paulo Grand Prix,interlagos,ocon,OCO,haas,17,70.438,,,70.438,Q1
2025,21,2025-11-09,São Paulo Grand Prix,interlagos,colapinto,COL,alpine,18,70.632,,,70.632,Q1
2025,21,2025-11-09,São Paulo Grand Prix,interlagos,tsunoda,TSU,red_bull,19,70.711,,,70.711,Q1
2025,22,2025-11-23,Las Vegas Grand Prix,vegas,norris,NOR,mclaren,1,115.473,111.37899999999999,107.934,107.934,Q3
2025,22,2025-11-23,Las Vegas Grand Prix,vegas,max_verstappen,VER,red_bull,2,113.458,111.593,108.257,108.257,Q3
2025,22,2025-11-23,Las Vegas Grand Prix,vegas,sainz,SAI,williams,3,114.87299999999999,111.144,108.29599999999999,108.29599999999999,Q3
2025,22,2025-11-23,Las Vegas Grand Prix,vegas,russell,RUS,mercedes,4,113.144,110.935,108.803,108.803,Q3
2025,22,2025-11-23,Las Vegas Grand Prix,vegas,piastri,PIA,mclaren,5,114.544,112.126,108.961,108.961,Q3
2025,22,2025-11-23,Las Vegas Grand Prix,vegas,lawson,LAW,rb,6,114.828,111.62100000000001,109.062,109.062,Q3
2025,22,2025-11-23,Las Vegas Grand Prix,vegas,alonso,ALO,aston_martin,7,113.739,111.86500000000001,109.46600000000001,109.46600000000001,Q3
2025,22,2025-11-23,Las Vegas Grand Prix,vegas,hadjar,HAD,rb,8,115.613,111.12,109.554,109.554,Q3
2025,22,2025-11-23,Las Vegas Grand Prix,vegas,leclerc,LEC,ferrari,9,114.814,111.952,109.872,109.872,Q3
2025,22,2025-11-23,Las Vegas Grand Prix,vegas,gasly,GAS,alpine,10,114.432,111.75999999999999,111.53999999999999,111.53999999999999,Q3
2025,22,2025-11-23,Las Vegas Grand Prix,vegas,hulkenberg,HUL,sauber,11,114.555,112.781,,112.781,Q2
2025,22,2025-11-23,Las Vegas Grand Prix,vegas,stroll,STR,aston_martin,12,114.416,112.85,,112.85,Q2
2025,22,2025-11-23,Las Vegas Grand Prix,vegas,ocon,OCO,haas,13,114.63499999999999,112.987,,112.987,Q2
2025,22,2025-11-23,Las Vegas Grand Prix,vegas,bearman,BEA,haas,14,116.01599999999999,113.094,,113.094,Q2
2025,22,2025-11-23,Las Vegas Grand Prix,vegas,colapinto,COL,alpine,15,114.84700000000001,113.68299999999999,,113.68299999999999,Q2
2025,22,2025-11-23,Las Vegas Grand Prix,vegas,albon,ALB,williams,16,116.22,,,116.22,Q1
2025,22,2025-11-23,Las Vegas Grand Prix,vegas,antonelli,ANT,mercedes,17,116.314,,,116.314,Q1
2025,22,2025-11-23,Las Vegas Grand Prix,vegas,bortoleto,BOR,sauber,18,116.674,,,116.674,Q1
2025,22,2025-11-23,Las Vegas Grand Prix,vegas,tsunoda,TSU,red_bull,19,116.798,,,116.798,Q1
2025,22,2025-11-23,Las Vegas Grand Prix,vegas,hamilton,HAM,ferrari,20,117.11500000000001,,,117.11500000000001,Q1
2025,23,2025-11-30,Qatar Grand Prix,losail,piastri,PIA,mclaren,1,80.23400000000001,79.65,79.387,79.387,Q3
2025,23,2025-11-30,Qatar Grand Prix,losail,norris,NOR,mclaren,2,80.157,79.861,79.495,79.495,Q3
2025,23,2025-11-30,Qatar Grand Prix,losail,max_verstappen,VER,red_bull,3,80.47200000000001,79.985,79.651,79.651,Q3
2025,23,2025-11-30,Qatar Grand Prix,losail,russell,RUS,mercedes,4,80.074,80.186,79.662,79.662,Q3
2025,23,2025-11-30,Qatar Grand Prix,losail,antonelli,ANT,mercedes,5,80.576,80.084,79.846,79.846,Q3
2025,23,2025-11-30,Qatar Grand Prix,losail,hadjar,HAD,rb,6,80.60300000000001,80.35,80.114,80.114,Q3
2025,23,2025-11-30,Qatar Grand Prix,losail,sainz,SAI,williams,7,80.52,80.251,80.287,80.251,Q3
2025,23,2025-11-30,Qatar Grand Prix,losail,alonso,ALO,aston_martin,8,80.598,80.219,80.418,80.219,Q3
2025,23,2025-11-30,Qatar Grand Prix,losail,gasly,GAS,alpine,9,80.681,80.324,80.477,80.324,Q3
2025,23,2025-11-30,Qatar Grand Prix,losail,leclerc,LEC,ferrari,10,80.564,80.343,80.561,80.343,Q3
2025,23,2025-11-30,Qatar Grand Prix,losail,hulkenberg,HUL,sauber,11,80.63,80.35300000000001,,80.35300000000001,Q2
2025,23,2025-11-30,Qatar Grand Prix,losail,lawson,LAW,rb,12,80.539,80.43299999999999,,80.43299999999999,Q2
2025,23,2025-11-30,Qatar Grand Prix,losail,bearman,BEA,haas,13,80.548,80.438,,80.438,Q2
2025,23,2025-11-30,Qatar Grand Prix,losail,bortoleto,BOR,sauber,14,80.65299999999999,80.53399999999999,,80.53399999999999,Q2
2025,23,2025-11-30,Qatar Grand Prix,losail,albon,ALB,williams,15,80.629,80.629,,80.629,Q2
2025,23,2025-11-30,Qatar Grand Prix,losail,tsunoda,TSU,red_bull,16,80.761,,,80.761,Q1
2025,23,2025-11-30,Qatar Grand Prix,losail,ocon,OCO,haas,17,80.864,,,80.864,Q1
2025,23,2025-11-30,Qatar Grand Prix,losail,hamilton,HAM,ferrari,18,80.907,,,80.907,Q1
2025,23,2025-11-30,Qatar Grand Prix,losail,stroll,STR,aston_martin,19,81.05799999999999,,,81.05799999999999,Q1
2025,23,2025-11-30,Qatar Grand Prix,losail,colapinto,COL,alpine,20,81.137,,,81.137,Q1
2025,24,2025-12-07,Abu Dhabi Grand Prix,yas_marina,max_verstappen,VER,red_bull,1,82.877,82.752,82.207,82.207,Q3
2025,24,2025-12-07,Abu Dhabi Grand Prix,yas_marina,norris,NOR,mclaren,2,83.178,82.804,82.408,82.408,Q3
2025,24,2025-12-07,Abu Dhabi Grand Prix,yas_marina,piastri,PIA,mclaren,3,82.605,83.021,82.437,82.437,Q3
2025,24,2025-12-07,Abu Dhabi Grand Prix,yas_marina,russell,RUS,mercedes,4,83.247,82.73,82.645,82.645,Q3
2025,24,2025-12-07,Abu Dhabi Grand Prix,yas_marina,leclerc,LEC,ferrari,5,83.163,82.94800000000001,82.73,82.73,Q3
2025,24,2025-12-07,Abu Dhabi Grand Prix,yas_marina,alonso,ALO,aston_martin,6,83.071,82.861,82.902,82.861,Q3
2025,24,2025-12-07,Abu Dhabi Grand Prix,yas_marina,bortoleto,BOR,sauber,7,83.374,82.874,82.904,82.874,Q3
2025,24,2025-12-07,Abu Dhabi Grand Prix,yas_marina,ocon,OCO,haas,8,83.334,83.023,82.913,82.913,Q3
2025,24,2025-12-07,Abu Dhabi Grand Prix,yas_marina,hadjar,HAD,rb,9,83.373,82.997,83.072,82.997,Q3
2025,24,2025-12-07,Abu Dhabi Grand Prix,yas_marina,tsunoda,TSU,red_bull,10,83.386,83.03399999999999,,83.03399999999999,Q2
2025,24,2025-12-07,Abu Dhabi Grand Prix,yas_marina,bearman,BEA,haas,11,83.254,83.041,,83.041,Q2
2025,24,2025-12-07,Abu Dhabi Grand Prix,yas_marina,sainz,SAI,williams,12,83.187,83.042,,83.042,Q2
2025,24,2025-12-07,Abu Dhabi Grand Prix,yas_marina,lawson,LAW,rb,13,83.265,83.077,,83.077,Q2
2025,24,2025-12-07,Abu Dhabi Grand Prix,yas_marina,antonelli,ANT,mercedes,14,82.894,83.08,,82.894,Q2
2025,24,2025-12-07,Abu Dhabi Grand Prix,yas_marina,stroll,STR,aston_martin,15,83.316,83.09700000000001,,83.09700000000001,Q2
2025,24,2025-12-07,Abu Dhabi Grand Prix,yas_marina,hamilton,HAM,ferrari,16,83.394,,,83.394,Q1
2025,24,2025-12-07,Abu Dhabi Grand Prix,yas_marina,albon,ALB,williams,17,83.416,,,83.416,Q1
2025,24,2025-12-07,Abu Dhabi Grand Prix,yas_marina,hulkenberg,HUL,sauber,18,83.45,,,83.45,Q1
2025,24,2025-12-07,Abu Dhabi Grand Prix,yas_marina,gasly,GAS,alpine,19,83.468,,,83.468,Q1
2025,24,2025-12-07,Abu Dhabi Grand Prix,yas_marina,colapinto,COL,alpine,20,83.89,,,83.89,Q1
2026,1,2026-03-08,Australian Grand Prix,albert_park,russell,RUS,mercedes,1,79.507,78.934,78.518,78.518,Q3
2026,1,2026-03-08,Australian Grand Prix,albert_park,antonelli,ANT,mercedes,2,80.12,79.435,78.811,78.811,Q3
2026,1,2026-03-08,Australian Grand Prix,albert_park,hadjar,HAD,red_bull,3,80.023,79.65299999999999,79.303,79.303,Q3
2026,1,2026-03-08,Australian Grand Prix,albert_park,leclerc,LEC,ferrari,4,80.226,79.357,79.327,79.327,Q3
2026,1,2026-03-08,Australian Grand Prix,albert_park,piastri,PIA,mclaren,5,79.664,79.525,79.38,79.38,Q3
2026,1,2026-03-08,Australian Grand Prix,albert_park,norris,NOR,mclaren,6,80.01,79.882,79.475,79.475,Q3
2026,1,2026-03-08,Australian Grand Prix,albert_park,hamilton,HAM,ferrari,7,79.811,79.92099999999999,79.47800000000001,79.47800000000001,Q3
2026,1,2026-03-08,Australian Grand Prix,albert_park,lawson,LAW,rb,8,80.491,80.144,79.994,79.994,Q3
2026,1,2026-03-08,Australian Grand Prix,albert_park,arvid_lindblad,LIN,rb,9,80.40899999999999,79.971,81.247,79.971,Q3
2026,1,2026-03-08,Australian Grand Prix,albert_park,bortoleto,BOR,audi,10,80.495,80.221,,80.221,Q2
2026,1,2026-03-08,Australian Grand Prix,albert_park,hulkenberg,HUL,audi,11,81.024,80.303,,80.303,Q2
2026,1,2026-03-08,Australian Grand Prix,albert_park,bearman,BEA,haas,12,81.247,80.311,,80.311,Q2
2026,1,2026-03-08,Australian Grand Prix,albert_park,ocon,OCO,haas,13,80.759,80.491,,80.491,Q2
2026,1,2026-03-08,Australian Grand Prix,albert_park,gasly,GAS,alpine,14,81.138,80.501,,80.501,Q2
2026,1,2026-03-08,Australian Grand Prix,albert_park,albon,ALB,williams,15,81.051,80.941,,80.941,Q2
2026,1,2026-03-08,Australian Grand Prix,albert_park,colapinto,COL,alpine,16,81.2,81.27,,81.2,Q2
2026,1,2026-03-08,Australian Grand Prix,albert_park,alonso,ALO,aston_martin,17,81.969,,,81.969,Q1
2026,1,2026-03-08,Australian Grand Prix,albert_park,perez,PER,cadillac,18,82.605,,,82.605,Q1
2026,1,2026-03-08,Australian Grand Prix,albert_park,bottas,BOT,cadillac,19,83.244,,,83.244,Q1
2026,2,2026-03-15,Chinese Grand Prix,shanghai,antonelli,ANT,mercedes,1,93.305,92.443,92.064,92.064,Q3
2026,2,2026-03-15,Chinese Grand Prix,shanghai,russell,RUS,mercedes,2,93.262,92.523,92.286,92.286,Q3
2026,2,2026-03-15,Chinese Grand Prix,shanghai,hamilton,HAM,ferrari,3,93.52199999999999,92.56700000000001,92.41499999999999,92.41499999999999,Q3
2026,2,2026-03-15,Chinese Grand Prix,shanghai,leclerc,LEC,ferrari,4,93.175,92.48599999999999,92.428,92.428,Q3
2026,2,2026-03-15,Chinese Grand Prix,shanghai,piastri,PIA,mclaren,5,93.59,93.13,92.55,92.55,Q3
2026,2,2026-03-15,Chinese Grand Prix,shanghai,norris,NOR,mclaren,6,93.535,92.91,92.608,92.608,Q3
2026,2,2026-03-15,Chinese Grand Prix,shanghai,gasly,GAS,alpine,7,93.788,93.003,92.87299999999999,92.87299999999999,Q3
2026,2,2026-03-15,Chinese Grand Prix,shanghai,max_verstappen,VER,red_bull,8,93.417,93.098,93.00200000000001,93.00200000000001,Q3
2026,2,2026-03-15,Chinese Grand Prix,shanghai,hadjar,HAD,red_bull,9,93.632,93.352,93.12100000000001,93.12100000000001,Q3
2026,2,2026-03-15,Chinese Grand Prix,shanghai,bearman,BEA,haas,10,93.687,93.197,93.292,93.197,Q3
2026,2,2026-03-15,Chinese Grand Prix,shanghai,hulkenberg,HUL,audi,11,94.116,93.354,,93.354,Q2
2026,2,2026-03-15,Chinese Grand Prix,shanghai,colapinto,COL,alpine,12,93.634,93.357,,93.357,Q2
2026,2,2026-03-15,Chinese Grand Prix,shanghai,ocon,OCO,haas,13,93.97399999999999,93.538,,93.538,Q2
2026,2,2026-03-15,Chinese Grand Prix,shanghai,lawson,LAW,rb,14,94.13900000000001,93.765,,93.765,Q2
2026,2,2026-03-15,Chinese Grand Prix,shanghai,arvid_lindblad,LIN,rb,15,93.906,93.78399999999999,,93.78399999999999,Q2
2026,2,2026-03-15,Chinese Grand Prix,shanghai,bortoleto,BOR,audi,16,93.549,93.965,,93.549,Q2
2026,2,2026-03-15,Chinese Grand Prix,shanghai,sainz,SAI,williams,17,94.31700000000001,,,94.31700000000001,Q1
2026,2,2026-03-15,Chinese Grand Prix,shanghai,albon,ALB,williams,18,94.77199999999999,,,94.77199999999999,Q1
2026,2,2026-03-15,Chinese Grand Prix,shanghai,alonso,ALO,aston_martin,19,95.203,,,95.203,Q1
2026,2,2026-03-15,Chinese Grand Prix,shanghai,bottas,BOT,cadillac,20,95.436,,,95.436,Q1
2026,2,2026-03-15,Chinese Grand Prix,shanghai,stroll,STR,aston_martin,21,95.995,,,95.995,Q1
2026,2,2026-03-15,Chinese Grand Prix,shanghai,perez,PER,cadillac,22,96.906,,,96.906,Q1
2026,3,2026-03-29,Japanese Grand Prix,suzuka,antonelli,ANT,mercedes,1,90.035,89.048,88.77799999999999,88.77799999999999,Q3
2026,3,2026-03-29,Japanese Grand Prix,suzuka,russell,RUS,mercedes,2,89.967,89.686,89.076,89.076,Q3
2026,3,2026-03-29,Japanese Grand Prix,suzuka,piastri,PIA,mclaren,3,90.2,89.451,89.132,89.132,Q3
2026,3,2026-03-29,Japanese Grand Prix,suzuka,leclerc,LEC,ferrari,4,89.91499999999999,89.303,89.405,89.303,Q3
2026,3,2026-03-29,Japanese Grand Prix,suzuka,norris,NOR,mclaren,5,90.401,89.795,89.40899999999999,89.40899999999999,Q3
2026,3,2026-03-29,Japanese Grand Prix,suzuka,hamilton,HAM,ferrari,6,90.309,89.589,89.56700000000001,89.56700000000001,Q3
2026,3,2026-03-29,Japanese Grand Prix,suzuka,gasly,GAS,alpine,7,90.584,89.874,89.691,89.691,Q3
2026,3,2026-03-29,Japanese Grand Prix,suzuka,hadjar,HAD,red_bull,8,90.662,90.104,89.97800000000001,89.97800000000001,Q3
2026,3,2026-03-29,Japanese Grand Prix,suzuka,bortoleto,BOR,audi,9,90.35900000000001,89.99,90.274,89.99,Q3
2026,3,2026-03-29,Japanese Grand Prix,suzuka,arvid_lindblad,LIN,rb,10,90.781,90.10900000000001,90.319,90.10900000000001,Q3
2026,3,2026-03-29,Japanese Grand Prix,suzuka,max_verstappen,VER,red_bull,11,90.519,90.262,,90.262,Q2
2026,3,2026-03-29,Japanese Grand Prix,suzuka,ocon,OCO,haas,12,90.91499999999999,90.309,,90.309,Q2
2026,3,2026-03-29,Japanese Grand Prix,suzuka,hulkenberg,HUL,audi,13,90.358,90.387,,90.358,Q2
2026,3,2026-03-29,Japanese Grand Prix,suzuka,lawson,LAW,rb,14,90.657,90.495,,90.495,Q2
2026,3,2026-03-29,Japanese Grand Prix,suzuka,colapinto,COL,alpine,15,90.931,90.627,,90.627,Q2
2026,3,2026-03-29,Japanese Grand Prix,suzuka,sainz,SAI,williams,16,90.92699999999999,91.033,,90.92699999999999,Q2
2026,3,2026-03-29,Japanese Grand Prix,suzuka,albon,ALB,williams,17,91.088,,,91.088,Q1
2026,3,2026-03-29,Japanese Grand Prix,suzuka,bearman,BEA,haas,18,91.09,,,91.09,Q1
2026,3,2026-03-29,Japanese Grand Prix,suzuka,perez,PER,cadillac,19,92.206,,,92.206,Q1
2026,3,2026-03-29,Japanese Grand Prix,suzuka,bottas,BOT,cadillac,20,92.33,,,92.33,Q1
2026,3,2026-03-29,Japanese Grand Prix,suzuka,alonso,ALO,aston_martin,21,92.646,,,92.646,Q1
2026,3,2026-03-29,Japanese Grand Prix,suzuka,stroll,STR,aston_martin,22,92.92,,,92.92,Q1
2026,4,2026-05-03,Miami Grand Prix,miami,antonelli,ANT,mercedes,1,88.65299999999999,88.289,87.798,87.798,Q3
2026,4,2026-05-03,Miami Grand Prix,miami,max_verstappen,VER,red_bull,2,89.099,88.116,87.964,87.964,Q3
2026,4,2026-05-03,Miami Grand Prix,miami,leclerc,LEC,ferrari,3,88.938,88.315,88.143,88.143,Q3
2026,4,2026-05-03,Miami Grand Prix,miami,norris,NOR,mclaren,4,89.18299999999999,88.92,88.18299999999999,88.18299999999999,Q3
2026,4,2026-05-03,Miami Grand Prix,miami,russell,RUS,mercedes,5,89.492,88.477,88.197,88.197,Q3
2026,4,2026-05-03,Miami Grand Prix,miami,hamilton,HAM,ferrari,6,89.483,88.477,88.319,88.319,Q3
2026,4,2026-05-03,Miami Grand Prix,miami,piastri,PIA,mclaren,7,89.92,88.332,88.5,88.332,Q3
2026,4,2026-05-03,Miami Grand Prix,miami,colapinto,COL,alpine,8,89.584,88.975,88.762,88.762,Q3
2026,4,2026-05-03,Miami Grand Prix,miami,gasly,GAS,alpine,9,89.914,89.07,88.81,88.81,Q3
2026,4,2026-05-03,Miami Grand Prix,miami,hulkenberg,HUL,audi,10,89.645,89.439,,89.439,Q2
2026,4,2026-05-03,Miami Grand Prix,miami,lawson,LAW,rb,11,89.595,89.499,,89.499,Q2
2026,4,2026-05-03,Miami Grand Prix,miami,bearman,BEA,haas,12,89.34,89.56700000000001,,89.34,Q2
2026,4,2026-05-03,Miami Grand Prix,miami,sainz,SAI,williams,13,89.53999999999999,89.568,,89.53999999999999,Q2
2026,4,2026-05-03,Miami Grand Prix,miami,ocon,OCO,haas,14,89.838,89.77199999999999,,89.77199999999999,Q2
2026,4,2026-05-03,Miami Grand Prix,miami,albon,ALB,williams,15,89.72,89.946,,89.72,Q2
2026,4,2026-05-03,Miami Grand Prix,miami,arvid_lindblad,LIN,rb,16,90.133,,,90.133,Q1
2026,4,2026-05-03,Miami Grand Prix,miami,alonso,ALO,aston_martin,17,91.098,,,91.098,Q1
2026,4,2026-05-03,Miami Grand Prix,miami,stroll,STR,aston_martin,18,91.164,,,91.164,Q1
2026,4,2026-05-03,Miami Grand Prix,miami,bottas,BOT,cadillac,19,91.629,,,91.629,Q1
2026,4,2026-05-03,Miami Grand Prix,miami,perez,PER,cadillac,20,91.967,,,91.967,Q1
2026,4,2026-05-03,Miami Grand Prix,miami,bortoleto,BOR,audi,21,93.737,,,93.737,Q1
2026,4,2026-05-03,Miami Grand Prix,miami,hadjar,HAD,red_bull,22,,,,,Q1
2026,5,2026-05-24,Canadian Grand Prix,villeneuve,russell,RUS,mercedes,1,73.953,73.07900000000001,72.578,72.578,Q3
2026,5,2026-05-24,Canadian Grand Prix,villeneuve,antonelli,ANT,mercedes,2,73.38,73.076,72.646,72.646,Q3
2026,5,2026-05-24,Canadian Grand Prix,villeneuve,norris,NOR,mclaren,3,73.503,73.049,72.729,72.729,Q3
2026,5,2026-05-24,Canadian Grand Prix,villeneuve,piastri,PIA,mclaren,4,73.559,73.285,72.781,72.781,Q3
2026,5,2026-05-24,Canadian Grand Prix,villeneuve,hamilton,HAM,ferrari,5,73.767,73.041,72.868,72.868,Q3
2026,5,2026-05-24,Canadian Grand Prix,villeneuve,max_verstappen,VER,red_bull,6,74.06700000000001,73.479,72.907,72.907,Q3
2026,5,2026-05-24,Canadian Grand Prix,villeneuve,hadjar,HAD,red_bull,7,73.654,72.975,72.935,72.935,Q3
2026,5,2026-05-24,Canadian Grand Prix,villeneuve,leclerc,LEC,ferrari,8,73.825,73.496,72.976,72.976,Q3
2026,5,2026-05-24,Canadian Grand Prix,villeneuve,arvid_lindblad,LIN,rb,9,73.895,73.548,73.28,73.28,Q3
2026,5,2026-05-24,Canadian Grand Prix,villeneuve,colapinto,COL,alpine,10,74.466,73.857,73.697,73.697,Q3
2026,5,2026-05-24,Canadian Grand Prix,villeneuve,hulkenberg,HUL,audi,11,74.562,73.886,,73.886,Q2
2026,5,2026-05-24,Canadian Grand Prix,villeneuve,lawson,LAW,rb,12,74.346,73.897,,73.897,Q2
2026,5,2026-05-24,Canadian Grand Prix,villeneuve,bortoleto,BOR,audi,13,74.775,74.071,,74.071,Q2
2026,5,2026-05-24,Canadian Grand Prix,villeneuve,sainz,SAI,williams,15,74.276,74.273,,74.273,Q2
2026,5,2026-05-24,Canadian Grand Prix,villeneuve,bearman,BEA,haas,16,74.449,74.416,,74.416,Q2
2026,6,2026-06-07,Monaco Grand Prix,monaco,antonelli,ANT,mercedes,1,73.599,72.70400000000001,72.051,72.051,Q3
2026,6,2026-06-07,Monaco Grand Prix,monaco,max_verstappen,VER,red_bull,2,73.49,72.499,72.094,72.094,Q3
2026,6,2026-06-07,Monaco Grand Prix,monaco,hamilton,HAM,ferrari,3,73.777,72.934,72.279,72.279,Q3
2026,6,2026-06-07,Monaco Grand Prix,monaco,leclerc,LEC,ferrari,4,73.293,72.774,72.351,72.351,Q3
2026,6,2026-06-07,Monaco Grand Prix,monaco,hadjar,HAD,red_bull,5,74.408,72.722,72.434,72.434,Q3
2026,6,2026-06-07,Monaco Grand Prix,monaco,russell,RUS,mercedes,6,74.214,73.238,72.445,72.445,Q3
2026,6,2026-06-07,Monaco Grand Prix,monaco,piastri,PIA,mclaren,7,74.159,72.983,72.624,72.624,Q3
2026,6,2026-06-07,Monaco Grand Prix,monaco,norris,NOR,mclaren,8,73.63,72.919,72.765,72.765,Q3
2026,6,2026-06-07,Monaco Grand Prix,monaco,gasly,GAS,alpine,9,74.469,73.762,73.226,73.226,Q3
2026,6,2026-06-07,Monaco Grand Prix,monaco,lawson,LAW,rb,10,74.498,73.471,73.412,73.412,Q3
2026,6,2026-06-07,Monaco Grand Prix,monaco,albon,ALB,williams,11,74.321,73.787,,73.787,Q2
2026,6,2026-06-07,Monaco Grand Prix,monaco,sainz,SAI,williams,12,74.348,73.815,,73.815,Q2
2026,6,2026-06-07,Monaco Grand Prix,monaco,hulkenberg,HUL,audi,13,73.923,73.902,,73.902,Q2
2026,6,2026-06-07,Monaco Grand Prix,monaco,colapinto,COL,alpine,14,74.57300000000001,73.995,,73.995,Q2
2026,6,2026-06-07,Monaco Grand Prix,monaco,arvid_lindblad,LIN,rb,15,74.685,74.248,,74.248,Q2
2026,6,2026-06-07,Monaco Grand Prix,monaco,bortoleto,BOR,audi,16,74.68299999999999,,,74.68299999999999,Q1
2026,6,2026-06-07,Monaco Grand Prix,monaco,ocon,OCO,haas,17,74.722,,,74.722,Q1
2026,6,2026-06-07,Monaco Grand Prix,monaco,perez,PER,cadillac,18,74.747,,,74.747,Q1
2026,6,2026-06-07,Monaco Grand Prix,monaco,bearman,BEA,haas,19,74.814,,,74.814,Q1
2026,6,2026-06-07,Monaco Grand Prix,monaco,bottas,BOT,cadillac,20,75.283,,,75.283,Q1
2026,6,2026-06-07,Monaco Grand Prix,monaco,alonso,ALO,aston_martin,21,75.349,,,75.349,Q1
2026,6,2026-06-07,Monaco Grand Prix,monaco,stroll,STR,aston_martin,22,76.061,,,76.061,Q1
2026,7,2026-06-14,Barcelona Grand Prix,catalunya,russell,RUS,mercedes,1,75.717,75.228,74.679,74.679,Q3
2026,7,2026-06-14,Barcelona Grand Prix,catalunya,hamilton,HAM,ferrari,2,75.625,75.418,74.743,74.743,Q3
2026,7,2026-06-14,Barcelona Grand Prix,catalunya,antonelli,ANT,mercedes,3,75.977,75.295,74.998,74.998,Q3
2026,7,2026-06-14,Barcelona Grand Prix,catalunya,norris,NOR,mclaren,4,76.287,75.361,75.001,75.001,Q3
2026,7,2026-06-14,Barcelona Grand Prix,catalunya,max_verstappen,VER,red_bull,5,76.352,75.484,75.021,75.021,Q3
2026,7,2026-06-14,Barcelona Grand Prix,catalunya,hadjar,HAD,red_bull,6,76.42699999999999,75.754,75.077,75.077,Q3
2026,7,2026-06-14,Barcelona Grand Prix,catalunya,piastri,PIA,mclaren,7,76.138,75.518,75.09,75.09,Q3
2026,7,2026-06-14,Barcelona Grand Prix,catalunya,lawson,LAW,rb,8,76.673,75.58500000000001,76.542,75.58500000000001,Q3
2026,7,2026-06-14,Barcelona Grand Prix,catalunya,hulkenberg,HUL,audi,9,76.066,75.768,76.657,75.768,Q3
2026,7,2026-06-14,Barcelona Grand Prix,catalunya,leclerc,LEC,ferrari,10,75.964,75.281,,75.281,Q2
2026,7,2026-06-14,Barcelona Grand Prix,catalunya,arvid_lindblad,LIN,rb,11,76.425,75.84,,75.84,Q2
2026,7,2026-06-14,Barcelona Grand Prix,catalunya,bortoleto,BOR,audi,12,76.616,76.001,,76.001,Q2
2026,7,2026-06-14,Barcelona Grand Prix,catalunya,colapinto,COL,alpine,13,76.59,76.191,,76.191,Q2
2026,7,2026-06-14,Barcelona Grand Prix,catalunya,gasly,GAS,alpine,14,76.599,76.261,,76.261,Q2
2026,7,2026-06-14,Barcelona Grand Prix,catalunya,bearman,BEA,haas,15,76.571,76.389,,76.389,Q2
2026,7,2026-06-14,Barcelona Grand Prix,catalunya,sainz,SAI,williams,16,76.881,77.827,,76.881,Q2
2026,7,2026-06-14,Barcelona Grand Prix,catalunya,ocon,OCO,haas,17,77.07300000000001,,,77.07300000000001,Q1
2026,7,2026-06-14,Barcelona Grand Prix,catalunya,albon,ALB,williams,18,77.424,,,77.424,Q1
2026,7,2026-06-14,Barcelona Grand Prix,catalunya,perez,PER,cadillac,19,77.545,,,77.545,Q1
2026,7,2026-06-14,Barcelona Grand Prix,catalunya,bottas,BOT,cadillac,20,77.757,,,77.757,Q1
2026,7,2026-06-14,Barcelona Grand Prix,catalunya,stroll,STR,aston_martin,21,78.758,,,78.758,Q1
2026,7,2026-06-14,Barcelona Grand Prix,catalunya,alonso,ALO,aston_martin,22,78.815,,,78.815,Q1
2026,8,2026-06-28,Austrian Grand Prix,red_bull_ring,russell,RUS,mercedes,1,67.398,66.979,66.113,66.113,Q3
2026,8,2026-06-28,Austrian Grand Prix,red_bull_ring,leclerc,LEC,ferrari,2,67.543,67.03,66.349,66.349,Q3
2026,8,2026-06-28,Austrian Grand Prix,red_bull_ring,hamilton,HAM,ferrari,3,67.29,66.994,66.408,66.408,Q3
2026,8,2026-06-28,Austrian Grand Prix,red_bull_ring,antonelli,ANT,mercedes,4,67.083,66.763,66.414,66.414,Q3
2026,8,2026-06-28,Austrian Grand Prix,red_bull_ring,max_verstappen,VER,red_bull,5,67.407,67.18299999999999,66.475,66.475,Q3
2026,8,2026-06-28,Austrian Grand Prix,red_bull_ring,norris,NOR,mclaren,6,67.259,66.897,66.502,66.502,Q3
2026,8,2026-06-28,Austrian Grand Prix,red_bull_ring,piastri,PIA,mclaren,7,67.487,66.89,66.511,66.511,Q3
2026,8,2026-06-28,Austrian Grand Prix,red_bull_ring,hadjar,HAD,red_bull,8,67.408,67.086,66.632,66.632,Q3
2026,8,2026-06-28,Austrian Grand Prix,red_bull_ring,lawson,LAW,rb,9,67.385,67.136,66.955,66.955,Q3
2026,8,2026-06-28,Austrian Grand Prix,red_bull_ring,arvid_lindblad,LIN,rb,10,67.549,67.155,67.007,67.007,Q3
2026,8,2026-06-28,Austrian Grand Prix,red_bull_ring,gasly,GAS,alpine,11,68.038,67.223,,67.223,Q2
2026,8,2026-06-28,Austrian Grand Prix,red_bull_ring,bortoleto,BOR,audi,12,68.035,67.293,,67.293,Q2
2026,8,2026-06-28,Austrian Grand Prix,red_bull_ring,bearman,BEA,haas,13,68.061,67.523,,67.523,Q2
2026,8,2026-06-28,Austrian Grand Prix,red_bull_ring,hulkenberg,HUL,audi,14,68.066,67.611,,67.611,Q2
2026,8,2026-06-28,Austrian Grand Prix,red_bull_ring,ocon,OCO,haas,15,68.231,67.81700000000001,,67.81700000000001,Q2
2026,8,2026-06-28,Austrian Grand Prix,red_bull_ring,colapinto,COL,alpine,16,67.894,68.17099999999999,,67.894,Q2
2026,8,2026-06-28,Austrian Grand Prix,red_bull_ring,sainz,SAI,williams,17,68.252,,,68.252,Q1
2026,8,2026-06-28,Austrian Grand Prix,red_bull_ring,albon,ALB,williams,18,68.509,,,68.509,Q1
2026,8,2026-06-28,Austrian Grand Prix,red_bull_ring,perez,PER,cadillac,19,68.945,,,68.945,Q1
2026,8,2026-06-28,Austrian Grand Prix,red_bull_ring,bottas,BOT,cadillac,20,69.03,,,69.03,Q1
2026,8,2026-06-28,Austrian Grand Prix,red_bull_ring,alonso,ALO,aston_martin,21,69.94200000000001,,,69.94200000000001,Q1
2026,8,2026-06-28,Austrian Grand Prix,red_bull_ring,stroll,STR,aston_martin,22,70.363,,,70.363,Q1
2026,9,2026-07-05,British Grand Prix,silverstone,antonelli,ANT,mercedes,1,89.719,88.493,88.111,88.111,Q3
2026,9,2026-07-05,British Grand Prix,silverstone,leclerc,LEC,ferrari,2,89.53399999999999,88.626,88.286,88.286,Q3
2026,9,2026-07-05,British Grand Prix,silverstone,hamilton,HAM,ferrari,3,89.644,88.864,88.458,88.458,Q3
2026,9,2026-07-05,British Grand Prix,silverstone,russell,RUS,mercedes,4,89.985,88.92,88.481,88.481,Q3
2026,9,2026-07-05,British Grand Prix,silverstone,hadjar,HAD,red_bull,5,89.276,89.069,88.746,88.746,Q3
2026,9,2026-07-05,British Grand Prix,silverstone,norris,NOR,mclaren,6,90.186,89.383,88.877,88.877,Q3
2026,9,2026-07-05,British Grand Prix,silverstone,max_verstappen,VER,red_bull,7,89.549,89.113,88.893,88.893,Q3
2026,9,2026-07-05,British Grand Prix,silverstone,piastri,PIA,mclaren,8,89.971,89.218,89.032,89.032,Q3
2026,9,2026-07-05,British Grand Prix,silverstone,arvid_lindblad,LIN,rb,9,89.661,89.324,89.305,89.305,Q3
2026,9,2026-07-05,British Grand Prix,silverstone,lawson,LAW,rb,10,89.3,89.429,89.71600000000001,89.3,Q3
2026,9,2026-07-05,British Grand Prix,silverstone,bortoleto,BOR,audi,11,90.269,89.461,,89.461,Q2
2026,9,2026-07-05,British Grand Prix,silverstone,gasly,GAS,alpine,12,90.345,90.063,,90.063,Q2
2026,9,2026-07-05,British Grand Prix,silverstone,hulkenberg,HUL,audi,13,89.539,90.076,,89.539,Q2
2026,9,2026-07-05,British Grand Prix,silverstone,bearman,BEA,haas,14,90.57,90.501,,90.501,Q2
2026,9,2026-07-05,British Grand Prix,silverstone,sainz,SAI,williams,15,90.562,90.623,,90.562,Q2
2026,9,2026-07-05,British Grand Prix,silverstone,albon,ALB,williams,16,90.638,91.34100000000001,,90.638,Q2
2026,9,2026-07-05,British Grand Prix,silverstone,ocon,OCO,haas,17,90.68,,,90.68,Q1
2026,9,2026-07-05,British Grand Prix,silverstone,bottas,BOT,cadillac,18,91.227,,,91.227,Q1
2026,9,2026-07-05,British Grand Prix,silverstone,colapinto,COL,alpine,19,91.321,,,91.321,Q1
2026,9,2026-07-05,British Grand Prix,silverstone,perez,PER,cadillac,20,91.451,,,91.451,Q1
2026,9,2026-07-05,British Grand Prix,silverstone,stroll,STR,aston_martin,21,92.863,,,92.863,Q1
2026,9,2026-07-05,British Grand Prix,silverstone,alonso,ALO,aston_martin,22,93.025,,,93.025,Q1
2026,10,2026-07-19,Belgian Grand Prix,spa,antonelli,ANT,mercedes,1,106.304,105.142,104.36099999999999,104.36099999999999,Q3
2026,10,2026-07-19,Belgian Grand Prix,spa,max_verstappen,VER,red_bull,2,105.93,105.589,104.678,104.678,Q3
2026,10,2026-07-19,Belgian Grand Prix,spa,norris,NOR,mclaren,3,105.86500000000001,105.45400000000001,104.801,104.801,Q3
2026,10,2026-07-19,Belgian Grand Prix,spa,leclerc,LEC,ferrari,5,106.27799999999999,105.39699999999999,104.893,104.893,Q3
2026,10,2026-07-19,Belgian Grand Prix,spa,hadjar,HAD,red_bull,10,106.062,105.82300000000001,,105.82300000000001,Q2
2026,11,2026-07-26,Hungarian Grand Prix,hungaroring,norris,NOR,mclaren,1,78.277,77.456,77.207,77.207,Q3
2026,11,2026-07-26,Hungarian Grand Prix,hungaroring,hamilton,HAM,ferrari,2,78.73,77.803,77.219,77.219,Q3
2026,11,2026-07-26,Hungarian Grand Prix,hungaroring,leclerc,LEC,ferrari,3,78.98400000000001,77.626,77.445,77.445,Q3
2026,11,2026-07-26,Hungarian Grand Prix,hungaroring,antonelli,ANT,mercedes,4,78.726,78.393,77.479,77.479,Q3
2026,11,2026-07-26,Hungarian Grand Prix,hungaroring,piastri,PIA,mclaren,5,78.89099999999999,77.928,77.684,77.684,Q3
2026,11,2026-07-26,Hungarian Grand Prix,hungaroring,max_verstappen,VER,red_bull,6,78.656,78.249,77.725,77.725,Q3
2026,11,2026-07-26,Hungarian Grand Prix,hungaroring,russell,RUS,mercedes,7,78.856,78.445,77.76,77.76,Q3
2026,11,2026-07-26,Hungarian Grand Prix,hungaroring,hadjar,HAD,red_bull,8,78.754,77.872,77.856,77.856,Q3
2026,11,2026-07-26,Hungarian Grand Prix,hungaroring,arvid_lindblad,LIN,rb,9,79.233,78.36,78.281,78.281,Q3
2026,11,2026-07-26,Hungarian Grand Prix,hungaroring,hulkenberg,HUL,audi,10,78.79599999999999,78.639,78.686,78.639,Q3
2026,11,2026-07-26,Hungarian Grand Prix,hungaroring,lawson,LAW,rb,11,79.161,78.765,,78.765,Q2
2026,11,2026-07-26,Hungarian Grand Prix,hungaroring,gasly,GAS,alpine,12,79.741,78.844,,78.844,Q2
2026,11,2026-07-26,Hungarian Grand Prix,hungaroring,colapinto,COL,alpine,13,79.771,79.027,,79.027,Q2
2026,11,2026-07-26,Hungarian Grand Prix,hungaroring,bortoleto,BOR,audi,14,79.069,79.105,,79.069,Q2
2026,11,2026-07-26,Hungarian Grand Prix,hungaroring,ocon,OCO,haas,15,80.01,79.73400000000001,,79.73400000000001,Q2
2026,11,2026-07-26,Hungarian Grand Prix,hungaroring,alonso,ALO,aston_martin,16,80.126,79.80799999999999,,79.80799999999999,Q2
2026,11,2026-07-26,Hungarian Grand Prix,hungaroring,bearman,BEA,haas,17,80.233,,,80.233,Q1
2026,11,2026-07-26,Hungarian Grand Prix,hungaroring,sainz,SAI,williams,18,80.621,,,80.621,Q1
2026,11,2026-07-26,Hungarian Grand Prix,hungaroring,albon,ALB,williams,19,80.658,,,80.658,Q1
2026,11,2026-07-26,Hungarian Grand Prix,hungaroring,stroll,STR,aston_martin,20,80.65899999999999,,,80.65899999999999,Q1
2026,11,2026-07-26,Hungarian Grand Prix,hungaroring,bottas,BOT,cadillac,21,80.886,,,80.886,Q1
2026,11,2026-07-26,Hungarian Grand Prix,hungaroring,perez,PER,cadillac,22,81.322,,,81.322,Q1
2026,12,2026-08-23,Dutch Grand Prix,zandvoort,norris,NOR,mclaren,1,72.695,71.628,71.163,71.163,Q3
2026,12,2026-08-23,Dutch Grand Prix,zandvoort,russell,RUS,mercedes,2,72.924,71.959,71.265,71.265,Q3
2026,12,2026-08-23,Dutch Grand Prix,zandvoort,antonelli,ANT,mercedes,3,73.022,71.91499999999999,71.29599999999999,71.29599999999999,Q3
2026,12,2026-08-23,Dutch Grand Prix,zandvoort,piastri,PIA,mclaren,4,72.61,71.641,71.305,71.305,Q3
2026,12,2026-08-23,Dutch Grand Prix,zandvoort,hamilton,HAM,ferrari,5,72.673,71.97,71.494,71.494,Q3
2026,12,2026-08-23,Dutch Grand Prix,zandvoort,leclerc,LEC,ferrari,6,73.064,71.91,71.55799999999999,71.55799999999999,Q3
2026,12,2026-08-23,Dutch Grand Prix,zandvoort,max_verstappen,VER,red_bull,7,73.28999999999999,71.874,71.618,71.618,Q3
2026,12,2026-08-23,Dutch Grand Prix,zandvoort,lawson,LAW,red_bull,8,73.392,72.301,71.733,71.733,Q3
2026,12,2026-08-23,Dutch Grand Prix,zandvoort,bortoleto,BOR,audi,9,73.142,72.43299999999999,72.07900000000001,72.07900000000001,Q3
2026,12,2026-08-23,Dutch Grand Prix,zandvoort,arvid_lindblad,LIN,rb,10,73.074,72.525,72.185,72.185,Q3
2026,12,2026-08-23,Dutch Grand Prix,zandvoort,gasly,GAS,alpine,11,73.115,72.616,,72.616,Q2
2026,12,2026-08-23,Dutch Grand Prix,zandvoort,tsunoda,TSU,rb,12,73.08500000000001,72.627,,72.627,Q2
2026,12,2026-08-23,Dutch Grand Prix,zandvoort,hulkenberg,HUL,audi,13,73.188,72.797,,72.797,Q2
2026,12,2026-08-23,Dutch Grand Prix,zandvoort,colapinto,COL,alpine,14,73.322,72.8,,72.8,Q2
2026,12,2026-08-23,Dutch Grand Prix,zandvoort,ocon,OCO,haas,15,73.544,73.137,,73.137,Q2
2026,12,2026-08-23,Dutch Grand Prix,zandvoort,albon,ALB,williams,16,73.55199999999999,73.182,,73.182,Q2
2026,12,2026-08-23,Dutch Grand Prix,zandvoort,sainz,SAI,williams,17,73.574,,,73.574,Q1
2026,12,2026-08-23,Dutch Grand Prix,zandvoort,alonso,ALO,aston_martin,18,73.65,,,73.65,Q1
2026,12,2026-08-23,Dutch Grand Prix,zandvoort,stroll,STR,aston_martin,19,73.818,,,73.818,Q1
2026,12,2026-08-23,Dutch Grand Prix,zandvoort,bearman,BEA,haas,20,73.826,,,73.826,Q1
2026,12,2026-08-23,Dutch Grand Prix,zandvoort,bottas,BOT,cadillac,21,74.371,,,74.371,Q1
2026,12,2026-08-23,Dutch Grand Prix,zandvoort,perez,PER,cadillac,22,74.6,,,74.6,Q1
2026,13,2026-09-06,Italian Grand Prix,monza,gasly,GAS,alpine,1,82.612,82.077,81.786,81.786,Q3
2026,13,2026-09-06,Italian Grand Prix,monza,russell,RUS,mercedes,2,82.779,82.161,81.846,81.846,Q3
2026,13,2026-09-06,Italian Grand Prix,monza,piastri,PIA,mclaren,3,82.924,82.017,81.96600000000001,81.96600000000001,Q3
2026,13,2026-09-06,Italian Grand Prix,monza,leclerc,LEC,ferrari,4,82.902,82.509,82.004,82.004,Q3
2026,13,2026-09-06,Italian Grand Prix,monza,hamilton,HAM,ferrari,5,82.84700000000001,82.51599999999999,82.011,82.011,Q3
2026,13,2026-09-06,Italian Grand Prix,monza,max_verstappen,VER,red_bull,6,82.631,82.188,82.07,82.07,Q3
2026,13,2026-09-06,Italian Grand Prix,monza,antonelli,ANT,mercedes,7,82.758,81.882,82.093,81.882,Q3
2026,13,2026-09-06,Italian Grand Prix,monza,colapinto,COL,alpine,8,82.662,82.4,82.22,82.22,Q3
2026,13,2026-09-06,Italian Grand Prix,monza,norris,NOR,mclaren,9,82.65899999999999,82.06700000000001,82.256,82.06700000000001,Q3
2026,13,2026-09-06,Italian Grand Prix,monza,arvid_lindblad,LIN,rb,10,82.727,82.345,82.286,82.286,Q3
2026,13,2026-09-06,Italian Grand Prix,monza,bortoleto,BOR,audi,11,82.946,82.517,,82.517,Q2
2026,13,2026-09-06,Italian Grand Prix,monza,bearman,BEA,haas,12,82.906,82.756,,82.756,Q2
2026,13,2026-09-06,Italian Grand Prix,monza,hulkenberg,HUL,audi,13,83.44,82.779,,82.779,Q2
2026,13,2026-09-06,Italian Grand Prix,monza,lawson,LAW,red_bull,14,82.989,82.821,,82.821,Q2
2026,13,2026-09-06,Italian Grand Prix,monza,sainz,SAI,williams,15,83.616,83.453,,83.453,Q2
2026,13,2026-09-06,Italian Grand Prix,monza,ocon,OCO,haas,16,83.46600000000001,83.45400000000001,,83.45400000000001,Q2
2026,13,2026-09-06,Italian Grand Prix,monza,tsunoda,TSU,rb,17,83.755,,,83.755,Q1
2026,13,2026-09-06,Italian Grand Prix,monza,albon,ALB,williams,18,84.356,,,84.356,Q1
2026,13,2026-09-06,Italian Grand Prix,monza,bottas,BOT,cadillac,19,84.364,,,84.364,Q1
2026,13,2026-09-06,Italian Grand Prix,monza,perez,PER,cadillac,20,84.595,,,84.595,Q1
2026,13,2026-09-06,Italian Grand Prix,monza,alonso,ALO,aston_martin,21,85.15,,,85.15,Q1
2026,13,2026-09-06,Italian Grand Prix,monza,stroll,STR,aston_martin,22,85.22200000000001,,,85.22200000000001,Q1
2026,14,2026-09-13,Spanish Grand Prix,madring,norris,NOR,mclaren,1,93.469,92.87299999999999,91.824,91.824,Q3
2026,14,2026-09-13,Spanish Grand Prix,madring,antonelli,ANT,mercedes,2,93.267,92.59100000000001,91.83500000000001,91.83500000000001,Q3
2026,14,2026-09-13,Spanish Grand Prix,madring,max_verstappen,VER,red_bull,3,93.381,92.431,91.964,91.964,Q3
2026,14,2026-09-13,Spanish Grand Prix,madring,hamilton,HAM,ferrari,4,93.531,92.71000000000001,92.013,92.013,Q3
2026,14,2026-09-13,Spanish Grand Prix,madring,leclerc,LEC,ferrari,5,93.532,92.755,92.019,92.019,Q3
2026,14,2026-09-13,Spanish Grand Prix,madring,russell,RUS,mercedes,6,93.211,92.85,92.149,92.149,Q3
2026,14,2026-09-13,Spanish Grand Prix,madring,piastri,PIA,mclaren,7,93.82900000000001,93.20400000000001,92.294,92.294,Q3
2026,14,2026-09-13,Spanish Grand Prix,madring,lawson,LAW,red_bull,8,93.31,92.78,92.316,92.316,Q3
2026,14,2026-09-13,Spanish Grand Prix,madring,colapinto,COL,alpine,9,93.963,93.038,92.90299999999999,92.90299999999999,Q3
2026,14,2026-09-13,Spanish Grand Prix,madring,arvid_lindblad,LIN,rb,10,94.34,93.20400000000001,93.041,93.041,Q3
2026,14,2026-09-13,Spanish Grand Prix,madring,hulkenberg,HUL,audi,11,94.417,93.223,,93.223,Q2
2026,14,2026-09-13,Spanish Grand Prix,madring,bortoleto,BOR,audi,12,93.98599999999999,93.388,,93.388,Q2
2026,14,2026-09-13,Spanish Grand Prix,madring,ocon,OCO,haas,13,94.667,93.667,,93.667,Q2
2026,14,2026-09-13,Spanish Grand Prix,madring,gasly,GAS,alpine,14,94.24600000000001,93.753,,93.753,Q2
2026,14,2026-09-13,Spanish Grand Prix,madring,tsunoda,TSU,rb,15,94.311,94.084,,94.084,Q2
2026,14,2026-09-13,Spanish Grand Prix,madring,albon,ALB,williams,16,95.307,95.532,,95.307,Q2
2026,14,2026-09-13,Spanish Grand Prix,madring,sainz,SAI,williams,17,95.312,,,95.312,Q1
2026,14,2026-09-13,Spanish Grand Prix,madring,alonso,ALO,aston_martin,18,95.388,,,95.388,Q1
2026,14,2026-09-13,Spanish Grand Prix,madring,perez,PER,cadillac,19,95.913,,,95.913,Q1
2026,14,2026-09-13,Spanish Grand Prix,madring,bottas,BOT,cadillac,20,98.011,,,98.011,Q1
