season,round,race_date,race_name,circuit_id,driver_id,driver_code,constructor_id,grid_position,position_text,finish_position,points,laps,status,dnf,won
2018,1,2018-03-25,Australian Grand Prix,albert_park,alonso,ALO,mclaren,10,5,5.0,10.0,58,Finished,0,0
2018,1,2018-03-25,Australian Grand Prix,albert_park,bottas,BOT,mercedes,15,8,8.0,4.0,58,Finished,0,0
2018,1,2018-03-25,Australian Grand Prix,albert_park,brendon_hartley,HAR,toro_rosso,16,15,15.0,0.0,57,+1 Lap,0,0
2018,1,2018-03-25,Australian Grand Prix,albert_park,ericsson,ERI,sauber,17,R,,0.0,5,Steering,1,0
2018,1,2018-03-25,Australian Grand Prix,albert_park,gasly,GAS,toro_rosso,20,R,,0.0,13,Engine,1,0
2018,1,2018-03-25,Australian Grand Prix,albert_park,grosjean,GRO,haas,6,R,,0.0,24,Wheel,1,0
2018,1,2018-03-25,Australian Grand Prix,albert_park,hamilton,HAM,mercedes,1,2,2.0,18.0,58,Finished,0,0
2018,1,2018-03-25,Australian Grand Prix,albert_park,hulkenberg,HUL,renault,7,7,7.0,6.0,58,Finished,0,0
2018,1,2018-03-25,Australian Grand Prix,albert_park,kevin_magnussen,MAG,haas,5,R,,0.0,22,Wheel,1,0
2018,1,2018-03-25,Australian Grand Prix,albert_park,leclerc,LEC,sauber,18,13,13.0,0.0,58,Finished,0,0
2018,1,2018-03-25,Australian Grand Prix,albert_park,max_verstappen,VER,red_bull,4,6,6.0,8.0,58,Finished,0,0
2018,1,2018-03-25,Australian Grand Prix,albert_park,ocon,OCO,force_india,14,12,12.0,0.0,58,Finished,0,0
2018,1,2018-03-25,Australian Grand Prix,albert_park,perez,PER,force_india,12,11,11.0,0.0,58,Finished,0,0
2018,1,2018-03-25,Australian Grand Prix,albert_park,raikkonen,RAI,ferrari,2,3,3.0,15.0,58,Finished,0,0
2018,1,2018-03-25,Australian Grand Prix,albert_park,ricciardo,RIC,red_bull,8,4,4.0,12.0,58,Finished,0,0
2018,1,2018-03-25,Australian Grand Prix,albert_park,sainz,SAI,renault,9,10,10.0,1.0,58,Finished,0,0
2018,1,2018-03-25,Australian Grand Prix,albert_park,sirotkin,SIR,williams,19,R,,0.0,4,Brakes,1,0
2018,1,2018-03-25,Australian Grand Prix,albert_park,stroll,STR,williams,13,14,14.0,0.0,58,Finished,0,0
2018,1,2018-03-25,Australian Grand Prix,albert_park,vandoorne,VAN,mclaren,11,9,9.0,2.0,58,Finished,0,0
2018,1,2018-03-25,Australian Grand Prix,albert_park,vettel,VET,ferrari,3,1,1.0,25.0,58,Finished,0,1
2018,2,2018-04-08,Bahrain Grand Prix,bahrain,alonso,ALO,mclaren,13,7,7.0,6.0,56,+1 Lap,0,0
2018,2,2018-04-08,Bahrain Grand Prix,bahrain,bottas,BOT,mercedes,3,2,2.0,18.0,57,Finished,0,0
2018,2,2018-04-08,Bahrain Grand Prix,bahrain,brendon_hartley,HAR,toro_rosso,11,17,17.0,0.0,56,+1 Lap,0,0
2018,2,2018-04-08,Bahrain Grand Prix,bahrain,ericsson,ERI,sauber,17,9,9.0,2.0,56,+1 Lap,0,0
2018,2,2018-04-08,Bahrain Grand Prix,bahrain,gasly,GAS,toro_rosso,5,4,4.0,12.0,57,Finished,0,0
2018,2,2018-04-08,Bahrain Grand Prix,bahrain,grosjean,GRO,haas,16,13,13.0,0.0,56,+1 Lap,0,0
2018,2,2018-04-08,Bahrain Grand Prix,bahrain,hamilton,HAM,mercedes,9,3,3.0,15.0,57,Finished,0,0
2018,2,2018-04-08,Bahrain Grand Prix,bahrain,hulkenberg,HUL,renault,7,6,6.0,8.0,57,Finished,0,0
2018,2,2018-04-08,Bahrain Grand Prix,bahrain,kevin_magnussen,MAG,haas,6,5,5.0,10.0,57,Finished,0,0
2018,2,2018-04-08,Bahrain Grand Prix,bahrain,leclerc,LEC,sauber,19,12,12.0,0.0,56,+1 Lap,0,0
2018,2,2018-04-08,Bahrain Grand Prix,bahrain,max_verstappen,VER,red_bull,15,R,,0.0,3,Puncture,1,0
2018,2,2018-04-08,Bahrain Grand Prix,bahrain,ocon,OCO,force_india,8,10,10.0,1.0,56,+1 Lap,0,0
2018,2,2018-04-08,Bahrain Grand Prix,bahrain,perez,PER,force_india,12,16,16.0,0.0,56,+1 Lap,0,0
2018,2,2018-04-08,Bahrain Grand Prix,bahrain,raikkonen,RAI,ferrari,2,R,,0.0,35,Wheel,1,0
2018,2,2018-04-08,Bahrain Grand Prix,bahrain,ricciardo,RIC,red_bull,4,R,,0.0,1,Electrical,1,0
2018,2,2018-04-08,Bahrain Grand Prix,bahrain,sainz,SAI,renault,10,11,11.0,0.0,56,+1 Lap,0,0
2018,2,2018-04-08,Bahrain Grand Prix,bahrain,sirotkin,SIR,williams,18,15,15.0,0.0,56,+1 Lap,0,0
2018,2,2018-04-08,Bahrain Grand Prix,bahrain,stroll,STR,williams,20,14,14.0,0.0,56,+1 Lap,0,0
2018,2,2018-04-08,Bahrain Grand Prix,bahrain,vandoorne,VAN,mclaren,14,8,8.0,4.0,56,+1 Lap,0,0
2018,2,2018-04-08,Bahrain Grand Prix,bahrain,vettel,VET,ferrari,1,1,1.0,25.0,57,Finished,0,1
2018,3,2018-04-15,Chinese Grand Prix,shanghai,alonso,ALO,mclaren,13,7,7.0,6.0,56,Finished,0,0
2018,3,2018-04-15,Chinese Grand Prix,shanghai,bottas,BOT,mercedes,3,2,2.0,18.0,56,Finished,0,0
2018,3,2018-04-15,Chinese Grand Prix,shanghai,brendon_hartley,HAR,toro_rosso,15,20,20.0,0.0,51,Collision damage,0,0
2018,3,2018-04-15,Chinese Grand Prix,shanghai,ericsson,ERI,sauber,20,16,16.0,0.0,56,Finished,0,0
2018,3,2018-04-15,Chinese Grand Prix,shanghai,gasly,GAS,toro_rosso,17,18,18.0,0.0,56,Finished,0,0
2018,3,2018-04-15,Chinese Grand Prix,shanghai,grosjean,GRO,haas,10,17,17.0,0.0,56,Finished,0,0
2018,3,2018-04-15,Chinese Grand Prix,shanghai,hamilton,HAM,mercedes,4,4,4.0,12.0,56,Finished,0,0
2018,3,2018-04-15,Chinese Grand Prix,shanghai,hulkenberg,HUL,renault,7,6,6.0,8.0,56,Finished,0,0
2018,3,2018-04-15,Chinese Grand Prix,shanghai,kevin_magnussen,MAG,haas,11,10,10.0,1.0,56,Finished,0,0
2018,3,2018-04-15,Chinese Grand Prix,shanghai,leclerc,LEC,sauber,19,19,19.0,0.0,56,Finished,0,0
2018,3,2018-04-15,Chinese Grand Prix,shanghai,max_verstappen,VER,red_bull,5,5,5.0,10.0,56,Finished,0,0
2018,3,2018-04-15,Chinese Grand Prix,shanghai,ocon,OCO,force_india,12,11,11.0,0.0,56,Finished,0,0
2018,3,2018-04-15,Chinese Grand Prix,shanghai,perez,PER,force_india,8,12,12.0,0.0,56,Finished,0,0
2018,3,2018-04-15,Chinese Grand Prix,shanghai,raikkonen,RAI,ferrari,2,3,3.0,15.0,56,Finished,0,0
2018,3,2018-04-15,Chinese Grand Prix,shanghai,ricciardo,RIC,red_bull,6,1,1.0,25.0,56,Finished,0,1
2018,3,2018-04-15,Chinese Grand Prix,shanghai,sainz,SAI,renault,9,9,9.0,2.0,56,Finished,0,0
2018,3,2018-04-15,Chinese Grand Prix,shanghai,sirotkin,SIR,williams,16,15,15.0,0.0,56,Finished,0,0
2018,3,2018-04-15,Chinese Grand Prix,shanghai,stroll,STR,williams,18,14,14.0,0.0,56,Finished,0,0
2018,3,2018-04-15,Chinese Grand Prix,shanghai,vandoorne,VAN,mclaren,14,13,13.0,0.0,56,Finished,0,0
2018,3,2018-04-15,Chinese Grand Prix,shanghai,vettel,VET,ferrari,1,8,8.0,4.0,56,Finished,0,0
2018,4,2018-04-29,Azerbaijan Grand Prix,baku,alonso,ALO,mclaren,12,7,7.0,6.0,51,Finished,0,0
2018,4,2018-04-29,Azerbaijan Grand Prix,baku,bottas,BOT,mercedes,3,R,,0.0,48,Puncture,1,0
2018,4,2018-04-29,Azerbaijan Grand Prix,baku,brendon_hartley,HAR,toro_rosso,19,10,10.0,1.0,51,Finished,0,0
2018,4,2018-04-29,Azerbaijan Grand Prix,baku,ericsson,ERI,sauber,18,11,11.0,0.0,51,Finished,0,0
2018,4,2018-04-29,Azerbaijan Grand Prix,baku,gasly,GAS,toro_rosso,17,12,12.0,0.0,51,Finished,0,0
2018,4,2018-04-29,Azerbaijan Grand Prix,baku,grosjean,GRO,haas,20,R,,0.0,42,Accident,1,0
2018,4,2018-04-29,Azerbaijan Grand Prix,baku,hamilton,HAM,mercedes,2,1,1.0,25.0,51,Finished,0,1
2018,4,2018-04-29,Azerbaijan Grand Prix,baku,hulkenberg,HUL,renault,14,R,,0.0,10,Accident,1,0
2018,4,2018-04-29,Azerbaijan Grand Prix,baku,kevin_magnussen,MAG,haas,15,13,13.0,0.0,51,Finished,0,0
2018,4,2018-04-29,Azerbaijan Grand Prix,baku,leclerc,LEC,sauber,13,6,6.0,8.0,51,Finished,0,0
2018,4,2018-04-29,Azerbaijan Grand Prix,baku,max_verstappen,VER,red_bull,5,R,,0.0,39,Collision,1,0
2018,4,2018-04-29,Azerbaijan Grand Prix,baku,ocon,OCO,force_india,7,R,,0.0,0,Collision,1,0
2018,4,2018-04-29,Azerbaijan Grand Prix,baku,perez,PER,force_india,8,3,3.0,15.0,51,Finished,0,0
2018,4,2018-04-29,Azerbaijan Grand Prix,baku,raikkonen,RAI,ferrari,6,2,2.0,18.0,51,Finished,0,0
2018,4,2018-04-29,Azerbaijan Grand Prix,baku,ricciardo,RIC,red_bull,4,R,,0.0,39,Collision,1,0
2018,4,2018-04-29,Azerbaijan Grand Prix,baku,sainz,SAI,renault,9,5,5.0,10.0,51,Finished,0,0
2018,4,2018-04-29,Azerbaijan Grand Prix,baku,sirotkin,SIR,williams,11,R,,0.0,0,Collision,1,0
2018,4,2018-04-29,Azerbaijan Grand Prix,baku,stroll,STR,williams,10,8,8.0,4.0,51,Finished,0,0
2018,4,2018-04-29,Azerbaijan Grand Prix,baku,vandoorne,VAN,mclaren,16,9,9.0,2.0,51,Finished,0,0
2018,4,2018-04-29,Azerbaijan Grand Prix,baku,vettel,VET,ferrari,1,4,4.0,12.0,51,Finished,0,0
2018,5,2018-05-13,Spanish Grand Prix,catalunya,alonso,ALO,mclaren,8,8,8.0,4.0,65,+1 Lap,0,0
2018,5,2018-05-13,Spanish Grand Prix,catalunya,bottas,BOT,mercedes,2,2,2.0,18.0,66,Finished,0,0
2018,5,2018-05-13,Spanish Grand Prix,catalunya,brendon_hartley,HAR,toro_rosso,20,12,12.0,0.0,64,+2 Laps,0,0
2018,5,2018-05-13,Spanish Grand Prix,catalunya,ericsson,ERI,sauber,17,13,13.0,0.0,64,+2 Laps,0,0
2018,5,2018-05-13,Spanish Grand Prix,catalunya,gasly,GAS,toro_rosso,12,R,,0.0,0,Collision,1,0
2018,5,2018-05-13,Spanish Grand Prix,catalunya,grosjean,GRO,haas,10,R,,0.0,0,Collision,1,0
2018,5,2018-05-13,Spanish Grand Prix,catalunya,hamilton,HAM,mercedes,1,1,1.0,25.0,66,Finished,0,1
2018,5,2018-05-13,Spanish Grand Prix,catalunya,hulkenberg,HUL,renault,16,R,,0.0,0,Collision,1,0
2018,5,2018-05-13,Spanish Grand Prix,catalunya,kevin_magnussen,MAG,haas,7,6,6.0,8.0,65,+1 Lap,0,0
2018,5,2018-05-13,Spanish Grand Prix,catalunya,leclerc,LEC,sauber,14,10,10.0,1.0,64,+2 Laps,0,0
2018,5,2018-05-13,Spanish Grand Prix,catalunya,max_verstappen,VER,red_bull,5,3,3.0,15.0,66,Finished,0,0
2018,5,2018-05-13,Spanish Grand Prix,catalunya,ocon,OCO,force_india,13,R,,0.0,38,Oil leak,1,0
2018,5,2018-05-13,Spanish Grand Prix,catalunya,perez,PER,force_india,15,9,9.0,2.0,64,+2 Laps,0,0
2018,5,2018-05-13,Spanish Grand Prix,catalunya,raikkonen,RAI,ferrari,4,R,,0.0,25,Turbo,1,0
2018,5,2018-05-13,Spanish Grand Prix,catalunya,ricciardo,RIC,red_bull,6,5,5.0,10.0,66,Finished,0,0
2018,5,2018-05-13,Spanish Grand Prix,catalunya,sainz,SAI,renault,9,7,7.0,6.0,65,+1 Lap,0,0
2018,5,2018-05-13,Spanish Grand Prix,catalunya,sirotkin,SIR,williams,19,14,14.0,0.0,63,+3 Laps,0,0
2018,5,2018-05-13,Spanish Grand Prix,catalunya,stroll,STR,williams,18,11,11.0,0.0,64,+2 Laps,0,0
2018,5,2018-05-13,Spanish Grand Prix,catalunya,vandoorne,VAN,mclaren,11,R,,0.0,45,Gearbox,1,0
2018,5,2018-05-13,Spanish Grand Prix,catalunya,vettel,VET,ferrari,3,4,4.0,12.0,66,Finished,0,0
2018,6,2018-05-27,Monaco Grand Prix,monaco,alonso,ALO,mclaren,7,R,,0.0,52,Gearbox,1,0
2018,6,2018-05-27,Monaco Grand Prix,monaco,bottas,BOT,mercedes,5,5,5.0,10.0,78,Finished,0,0
2018,6,2018-05-27,Monaco Grand Prix,monaco,brendon_hartley,HAR,toro_rosso,15,R,,0.0,70,Collision,1,0
2018,6,2018-05-27,Monaco Grand Prix,monaco,ericsson,ERI,sauber,16,11,11.0,0.0,78,Finished,0,0
2018,6,2018-05-27,Monaco Grand Prix,monaco,gasly,GAS,toro_rosso,10,7,7.0,6.0,78,Finished,0,0
2018,6,2018-05-27,Monaco Grand Prix,monaco,grosjean,GRO,haas,18,15,15.0,0.0,77,+1 Lap,0,0
2018,6,2018-05-27,Monaco Grand Prix,monaco,hamilton,HAM,mercedes,3,3,3.0,15.0,78,Finished,0,0
2018,6,2018-05-27,Monaco Grand Prix,monaco,hulkenberg,HUL,renault,11,8,8.0,4.0,78,Finished,0,0
2018,6,2018-05-27,Monaco Grand Prix,monaco,kevin_magnussen,MAG,haas,19,13,13.0,0.0,78,Finished,0,0
2018,6,2018-05-27,Monaco Grand Prix,monaco,leclerc,LEC,sauber,14,R,,0.0,70,Collision,1,0
2018,6,2018-05-27,Monaco Grand Prix,monaco,max_verstappen,VER,red_bull,20,9,9.0,2.0,78,Finished,0,0
2018,6,2018-05-27,Monaco Grand Prix,monaco,ocon,OCO,force_india,6,6,6.0,8.0,78,Finished,0,0
2018,6,2018-05-27,Monaco Grand Prix,monaco,perez,PER,force_india,9,12,12.0,0.0,78,Finished,0,0
2018,6,2018-05-27,Monaco Grand Prix,monaco,raikkonen,RAI,ferrari,4,4,4.0,12.0,78,Finished,0,0
2018,6,2018-05-27,Monaco Grand Prix,monaco,ricciardo,RIC,red_bull,1,1,1.0,25.0,78,Finished,0,1
2018,6,2018-05-27,Monaco Grand Prix,monaco,sainz,SAI,renault,8,10,10.0,1.0,78,Finished,0,0
2018,6,2018-05-27,Monaco Grand Prix,monaco,sirotkin,SIR,williams,13,16,16.0,0.0,77,+1 Lap,0,0
2018,6,2018-05-27,Monaco Grand Prix,monaco,stroll,STR,williams,17,17,17.0,0.0,76,+2 Laps,0,0
2018,6,2018-05-27,Monaco Grand Prix,monaco,vandoorne,VAN,mclaren,12,14,14.0,0.0,77,+1 Lap,0,0
2018,6,2018-05-27,Monaco Grand Prix,monaco,vettel,VET,ferrari,2,2,2.0,18.0,78,Finished,0,0
2018,7,2018-06-10,Canadian Grand Prix,villeneuve,alonso,ALO,mclaren,14,R,,0.0,40,Exhaust,1,0
2018,7,2018-06-10,Canadian Grand Prix,villeneuve,bottas,BOT,mercedes,2,2,2.0,18.0,68,Finished,0,0
2018,7,2018-06-10,Canadian Grand Prix,villeneuve,brendon_hartley,HAR,toro_rosso,12,R,,0.0,0,Collision,1,0
2018,7,2018-06-10,Canadian Grand Prix,villeneuve,ericsson,ERI,sauber,19,15,15.0,0.0,66,+2 Laps,0,0
2018,7,2018-06-10,Canadian Grand Prix,villeneuve,gasly,GAS,toro_rosso,16,11,11.0,0.0,67,+1 Lap,0,0
2018,7,2018-06-10,Canadian Grand Prix,villeneuve,grosjean,GRO,haas,20,12,12.0,0.0,67,+1 Lap,0,0
2018,7,2018-06-10,Canadian Grand Prix,villeneuve,hamilton,HAM,mercedes,4,5,5.0,10.0,68,Finished,0,0
2018,7,2018-06-10,Canadian Grand Prix,villeneuve,hulkenberg,HUL,renault,7,7,7.0,6.0,67,+1 Lap,0,0
2018,7,2018-06-10,Canadian Grand Prix,villeneuve,kevin_magnussen,MAG,haas,11,13,13.0,0.0,67,+1 Lap,0,0
2018,7,2018-06-10,Canadian Grand Prix,villeneuve,leclerc,LEC,sauber,13,10,10.0,1.0,67,+1 Lap,0,0
2018,7,2018-06-10,Canadian Grand Prix,villeneuve,max_verstappen,VER,red_bull,3,3,3.0,15.0,68,Finished,0,0
2018,7,2018-06-10,Canadian Grand Prix,villeneuve,ocon,OCO,force_india,8,9,9.0,2.0,67,+1 Lap,0,0
2018,7,2018-06-10,Canadian Grand Prix,villeneuve,perez,PER,force_india,10,14,14.0,0.0,67,+1 Lap,0,0
2018,7,2018-06-10,Canadian Grand Prix,villeneuve,raikkonen,RAI,ferrari,5,6,6.0,8.0,68,Finished,0,0
2018,7,2018-06-10,Canadian Grand Prix,villeneuve,ricciardo,RIC,red_bull,6,4,4.0,12.0,68,Finished,0,0
2018,7,2018-06-10,Canadian Grand Prix,villeneuve,sainz,SAI,renault,9,8,8.0,4.0,67,+1 Lap,0,0
2018,7,2018-06-10,Canadian Grand Prix,villeneuve,sirotkin,SIR,williams,18,17,17.0,0.0,66,+2 Laps,0,0
2018,7,2018-06-10,Canadian Grand Prix,villeneuve,stroll,STR,williams,17,R,,0.0,0,Collision,1,0
2018,7,2018-06-10,Canadian Grand Prix,villeneuve,vandoorne,VAN,mclaren,15,16,16.0,0.0,66,+2 Laps,0,0
2018,7,2018-06-10,Canadian Grand Prix,villeneuve,vettel,VET,ferrari,1,1,1.0,25.0,68,Finished,0,1
2018,8,2018-06-24,French Grand Prix,ricard,alonso,ALO,mclaren,16,16,16.0,0.0,50,Wheel,0,0
2018,8,2018-06-24,French Grand Prix,ricard,bottas,BOT,mercedes,2,7,7.0,6.0,53,Finished,0,0
2018,8,2018-06-24,French Grand Prix,ricard,brendon_hartley,HAR,toro_rosso,20,14,14.0,0.0,52,+1 Lap,0,0
2018,8,2018-06-24,French Grand Prix,ricard,ericsson,ERI,sauber,15,13,13.0,0.0,52,+1 Lap,0,0
2018,8,2018-06-24,French Grand Prix,ricard,gasly,GAS,toro_rosso,14,R,,0.0,0,Collision,1,0
2018,8,2018-06-24,French Grand Prix,ricard,grosjean,GRO,haas,10,11,11.0,0.0,52,+1 Lap,0,0
2018,8,2018-06-24,French Grand Prix,ricard,hamilton,HAM,mercedes,1,1,1.0,25.0,53,Finished,0,1
2018,8,2018-06-24,French Grand Prix,ricard,hulkenberg,HUL,renault,12,9,9.0,2.0,53,Finished,0,0
2018,8,2018-06-24,French Grand Prix,ricard,kevin_magnussen,MAG,haas,9,6,6.0,8.0,53,Finished,0,0
2018,8,2018-06-24,French Grand Prix,ricard,leclerc,LEC,sauber,8,10,10.0,1.0,53,Finished,0,0
2018,8,2018-06-24,French Grand Prix,ricard,max_verstappen,VER,red_bull,4,2,2.0,18.0,53,Finished,0,0
2018,8,2018-06-24,French Grand Prix,ricard,ocon,OCO,force_india,11,R,,0.0,0,Collision,1,0
2018,8,2018-06-24,French Grand Prix,ricard,perez,PER,force_india,13,R,,0.0,27,Engine,1,0
2018,8,2018-06-24,French Grand Prix,ricard,raikkonen,RAI,ferrari,6,3,3.0,15.0,53,Finished,0,0
2018,8,2018-06-24,French Grand Prix,ricard,ricciardo,RIC,red_bull,5,4,4.0,12.0,53,Finished,0,0
2018,8,2018-06-24,French Grand Prix,ricard,sainz,SAI,renault,7,8,8.0,4.0,53,Finished,0,0
2018,8,2018-06-24,French Grand Prix,ricard,sirotkin,SIR,williams,18,15,15.0,0.0,52,+1 Lap,0,0
2018,8,2018-06-24,French Grand Prix,ricard,stroll,STR,williams,19,17,17.0,0.0,48,Puncture,0,0
2018,8,2018-06-24,French Grand Prix,ricard,vandoorne,VAN,mclaren,17,12,12.0,0.0,52,+1 Lap,0,0
2018,8,2018-06-24,French Grand Prix,ricard,vettel,VET,ferrari,3,5,5.0,10.0,53,Finished,0,0
2018,9,2018-07-01,Austrian Grand Prix,red_bull_ring,alonso,ALO,mclaren,13,8,8.0,4.0,70,+1 Lap,0,0
2018,9,2018-07-01,Austrian Grand Prix,red_bull_ring,bottas,BOT,mercedes,1,R,,0.0,13,Hydraulics,1,0
2018,9,2018-07-01,Austrian Grand Prix,red_bull_ring,brendon_hartley,HAR,toro_rosso,19,R,,0.0,54,Hydraulics,1,0
2018,9,2018-07-01,Austrian Grand Prix,red_bull_ring,ericsson,ERI,sauber,20,10,10.0,1.0,70,+1 Lap,0,0
2018,9,2018-07-01,Austrian Grand Prix,red_bull_ring,gasly,GAS,toro_rosso,12,11,11.0,0.0,70,+1 Lap,0,0
2018,9,2018-07-01,Austrian Grand Prix,red_bull_ring,grosjean,GRO,haas,5,4,4.0,12.0,70,+1 Lap,0,0
2018,9,2018-07-01,Austrian Grand Prix,red_bull_ring,hamilton,HAM,mercedes,2,R,,0.0,62,Fuel pressure,1,0
2018,9,2018-07-01,Austrian Grand Prix,red_bull_ring,hulkenberg,HUL,renault,10,R,,0.0,11,Engine,1,0
2018,9,2018-07-01,Austrian Grand Prix,red_bull_ring,kevin_magnussen,MAG,haas,8,5,5.0,10.0,70,+1 Lap,0,0
2018,9,2018-07-01,Austrian Grand Prix,red_bull_ring,leclerc,LEC,sauber,18,9,9.0,2.0,70,+1 Lap,0,0
2018,9,2018-07-01,Austrian Grand Prix,red_bull_ring,max_verstappen,VER,red_bull,4,1,1.0,25.0,71,Finished,0,1
2018,9,2018-07-01,Austrian Grand Prix,red_bull_ring,ocon,OCO,force_india,11,6,6.0,8.0,70,+1 Lap,0,0
2018,9,2018-07-01,Austrian Grand Prix,red_bull_ring,perez,PER,force_india,16,7,7.0,6.0,70,+1 Lap,0,0
2018,9,2018-07-01,Austrian Grand Prix,red_bull_ring,raikkonen,RAI,ferrari,3,2,2.0,18.0,71,Finished,0,0
2018,9,2018-07-01,Austrian Grand Prix,red_bull_ring,ricciardo,RIC,red_bull,7,R,,0.0,53,Exhaust,1,0
2018,9,2018-07-01,Austrian Grand Prix,red_bull_ring,sainz,SAI,renault,9,12,12.0,0.0,70,+1 Lap,0,0
2018,9,2018-07-01,Austrian Grand Prix,red_bull_ring,sirotkin,SIR,williams,17,13,13.0,0.0,69,+2 Laps,0,0
2018,9,2018-07-01,Austrian Grand Prix,red_bull_ring,stroll,STR,williams,14,14,14.0,0.0,69,+2 Laps,0,0
2018,9,2018-07-01,Austrian Grand Prix,red_bull_ring,vandoorne,VAN,mclaren,15,15,15.0,0.0,65,Collision damage,0,0
2018,9,2018-07-01,Austrian Grand Prix,red_bull_ring,vettel,VET,ferrari,6,3,3.0,15.0,71,Finished,0,0
2018,10,2018-07-08,British Grand Prix,silverstone,alonso,ALO,mclaren,13,8,8.0,4.0,52,Finished,0,0
2018,10,2018-07-08,British Grand Prix,silverstone,bottas,BOT,mercedes,4,4,4.0,12.0,52,Finished,0,0
2018,10,2018-07-08,British Grand Prix,silverstone,brendon_hartley,HAR,toro_rosso,0,R,,0.0,1,Power Unit,1,0
2018,10,2018-07-08,British Grand Prix,silverstone,ericsson,ERI,sauber,15,R,,0.0,31,Accident,1,0
2018,10,2018-07-08,British Grand Prix,silverstone,gasly,GAS,toro_rosso,14,13,13.0,0.0,52,Finished,0,0
2018,10,2018-07-08,British Grand Prix,silverstone,grosjean,GRO,haas,8,R,,0.0,37,Collision,1,0
2018,10,2018-07-08,British Grand Prix,silverstone,hamilton,HAM,mercedes,1,2,2.0,18.0,52,Finished,0,0
2018,10,2018-07-08,British Grand Prix,silverstone,hulkenberg,HUL,renault,11,6,6.0,8.0,52,Finished,0,0
2018,10,2018-07-08,British Grand Prix,silverstone,kevin_magnussen,MAG,haas,7,9,9.0,2.0,52,Finished,0,0
2018,10,2018-07-08,British Grand Prix,silverstone,leclerc,LEC,sauber,9,R,,0.0,18,Tyre,1,0
2018,10,2018-07-08,British Grand Prix,silverstone,max_verstappen,VER,red_bull,5,R,,0.0,46,Brakes,1,0
2018,10,2018-07-08,British Grand Prix,silverstone,ocon,OCO,force_india,10,7,7.0,6.0,52,Finished,0,0
2018,10,2018-07-08,British Grand Prix,silverstone,perez,PER,force_india,12,10,10.0,1.0,52,Finished,0,0
2018,10,2018-07-08,British Grand Prix,silverstone,raikkonen,RAI,ferrari,3,3,3.0,15.0,52,Finished,0,0
2018,10,2018-07-08,British Grand Prix,silverstone,ricciardo,RIC,red_bull,6,5,5.0,10.0,52,Finished,0,0
2018,10,2018-07-08,British Grand Prix,silverstone,sainz,SAI,renault,16,R,,0.0,37,Collision,1,0
2018,10,2018-07-08,British Grand Prix,silverstone,sirotkin,SIR,williams,18,14,14.0,0.0,52,Finished,0,0
2018,10,2018-07-08,British Grand Prix,silverstone,stroll,STR,williams,19,12,12.0,0.0,52,Finished,0,0
2018,10,2018-07-08,British Grand Prix,silverstone,vandoorne,VAN,mclaren,17,11,11.0,0.0,52,Finished,0,0
2018,10,2018-07-08,British Grand Prix,silverstone,vettel,VET,ferrari,2,1,1.0,25.0,52,Finished,0,1
2018,11,2018-07-22,German Grand Prix,hockenheimring,alonso,ALO,mclaren,11,16,16.0,0.0,65,Retired,0,0
2018,11,2018-07-22,German Grand Prix,hockenheimring,bottas,BOT,mercedes,2,2,2.0,18.0,67,Finished,0,0
2018,11,2018-07-22,German Grand Prix,hockenheimring,brendon_hartley,HAR,toro_rosso,17,10,10.0,1.0,67,Finished,0,0
2018,11,2018-07-22,German Grand Prix,hockenheimring,ericsson,ERI,sauber,13,9,9.0,2.0,67,Finished,0,0
2018,11,2018-07-22,German Grand Prix,hockenheimring,gasly,GAS,toro_rosso,16,14,14.0,0.0,66,+1 Lap,0,0
2018,11,2018-07-22,German Grand Prix,hockenheimring,grosjean,GRO,haas,6,6,6.0,8.0,67,Finished,0,0
2018,11,2018-07-22,German Grand Prix,hockenheimring,hamilton,HAM,mercedes,14,1,1.0,25.0,67,Finished,0,1
2018,11,2018-07-22,German Grand Prix,hockenheimring,hulkenberg,HUL,renault,7,5,5.0,10.0,67,Finished,0,0
2018,11,2018-07-22,German Grand Prix,hockenheimring,kevin_magnussen,MAG,haas,5,11,11.0,0.0,67,Finished,0,0
2018,11,2018-07-22,German Grand Prix,hockenheimring,leclerc,LEC,sauber,9,15,15.0,0.0,66,+1 Lap,0,0
2018,11,2018-07-22,German Grand Prix,hockenheimring,max_verstappen,VER,red_bull,4,4,4.0,12.0,67,Finished,0,0
2018,11,2018-07-22,German Grand Prix,hockenheimring,ocon,OCO,force_india,15,8,8.0,4.0,67,Finished,0,0
2018,11,2018-07-22,German Grand Prix,hockenheimring,perez,PER,force_india,10,7,7.0,6.0,67,Finished,0,0
2018,11,2018-07-22,German Grand Prix,hockenheimring,raikkonen,RAI,ferrari,3,3,3.0,15.0,67,Finished,0,0
2018,11,2018-07-22,German Grand Prix,hockenheimring,ricciardo,RIC,red_bull,20,R,,0.0,27,Engine,1,0
2018,11,2018-07-22,German Grand Prix,hockenheimring,sainz,SAI,renault,8,12,12.0,0.0,67,Finished,0,0
2018,11,2018-07-22,German Grand Prix,hockenheimring,sirotkin,SIR,williams,12,R,,0.0,51,Engine,1,0
2018,11,2018-07-22,German Grand Prix,hockenheimring,stroll,STR,williams,18,R,,0.0,53,Engine,1,0
2018,11,2018-07-22,German Grand Prix,hockenheimring,vandoorne,VAN,mclaren,19,13,13.0,0.0,67,Finished,0,0
2018,11,2018-07-22,German Grand Prix,hockenheimring,vettel,VET,ferrari,1,R,,0.0,51,Accident,1,0
2018,12,2018-07-29,Hungarian Grand Prix,hungaroring,alonso,ALO,mclaren,11,8,8.0,4.0,69,+1 Lap,0,0
2018,12,2018-07-29,Hungarian Grand Prix,hungaroring,bottas,BOT,mercedes,2,5,5.0,10.0,70,Finished,0,0
2018,12,2018-07-29,Hungarian Grand Prix,hungaroring,brendon_hartley,HAR,toro_rosso,8,11,11.0,0.0,69,+1 Lap,0,0
2018,12,2018-07-29,Hungarian Grand Prix,hungaroring,ericsson,ERI,sauber,14,15,15.0,0.0,68,+2 Laps,0,0
2018,12,2018-07-29,Hungarian Grand Prix,hungaroring,gasly,GAS,toro_rosso,6,6,6.0,8.0,70,Finished,0,0
2018,12,2018-07-29,Hungarian Grand Prix,hungaroring,grosjean,GRO,haas,10,10,10.0,1.0,69,+1 Lap,0,0
2018,12,2018-07-29,Hungarian Grand Prix,hungaroring,hamilton,HAM,mercedes,1,1,1.0,25.0,70,Finished,0,1
2018,12,2018-07-29,Hungarian Grand Prix,hungaroring,hulkenberg,HUL,renault,13,12,12.0,0.0,69,+1 Lap,0,0
2018,12,2018-07-29,Hungarian Grand Prix,hungaroring,kevin_magnussen,MAG,haas,9,7,7.0,6.0,69,+1 Lap,0,0
2018,12,2018-07-29,Hungarian Grand Prix,hungaroring,leclerc,LEC,sauber,17,R,,0.0,0,Suspension,1,0
2018,12,2018-07-29,Hungarian Grand Prix,hungaroring,max_verstappen,VER,red_bull,7,R,,0.0,5,Power loss,1,0
2018,12,2018-07-29,Hungarian Grand Prix,hungaroring,ocon,OCO,force_india,18,13,13.0,0.0,69,+1 Lap,0,0
2018,12,2018-07-29,Hungarian Grand Prix,hungaroring,perez,PER,force_india,19,14,14.0,0.0,69,+1 Lap,0,0
2018,12,2018-07-29,Hungarian Grand Prix,hungaroring,raikkonen,RAI,ferrari,3,3,3.0,15.0,70,Finished,0,0
2018,12,2018-07-29,Hungarian Grand Prix,hungaroring,ricciardo,RIC,red_bull,12,4,4.0,12.0,70,Finished,0,0
2018,12,2018-07-29,Hungarian Grand Prix,hungaroring,sainz,SAI,renault,5,9,9.0,2.0,69,+1 Lap,0,0
2018,12,2018-07-29,Hungarian Grand Prix,hungaroring,sirotkin,SIR,williams,20,16,16.0,0.0,68,+2 Laps,0,0
2018,12,2018-07-29,Hungarian Grand Prix,hungaroring,stroll,STR,williams,15,17,17.0,0.0,68,+2 Laps,0,0
2018,12,2018-07-29,Hungarian Grand Prix,hungaroring,vandoorne,VAN,mclaren,16,R,,0.0,49,Gearbox,1,0
2018,12,2018-07-29,Hungarian Grand Prix,hungaroring,vettel,VET,ferrari,4,2,2.0,18.0,70,Finished,0,0
2018,13,2018-08-26,Belgian Grand Prix,spa,alonso,ALO,mclaren,15,R,,0.0,0,Accident,1,0
2018,13,2018-08-26,Belgian Grand Prix,spa,bottas,BOT,mercedes,19,4,4.0,12.0,44,Finished,0,0
2018,13,2018-08-26,Belgian Grand Prix,spa,brendon_hartley,HAR,toro_rosso,11,14,14.0,0.0,43,+1 Lap,0,0
2018,13,2018-08-26,Belgian Grand Prix,spa,ericsson,ERI,sauber,13,10,10.0,1.0,43,+1 Lap,0,0
2018,13,2018-08-26,Belgian Grand Prix,spa,gasly,GAS,toro_rosso,10,9,9.0,2.0,44,Finished,0,0
2018,13,2018-08-26,Belgian Grand Prix,spa,grosjean,GRO,haas,5,7,7.0,6.0,44,Finished,0,0
2018,13,2018-08-26,Belgian Grand Prix,spa,hamilton,HAM,mercedes,1,2,2.0,18.0,44,Finished,0,0
2018,13,2018-08-26,Belgian Grand Prix,spa,hulkenberg,HUL,renault,20,R,,0.0,0,Accident,1,0
2018,13,2018-08-26,Belgian Grand Prix,spa,kevin_magnussen,MAG,haas,9,8,8.0,4.0,44,Finished,0,0
2018,13,2018-08-26,Belgian Grand Prix,spa,leclerc,LEC,sauber,12,R,,0.0,0,Accident,1,0
2018,13,2018-08-26,Belgian Grand Prix,spa,max_verstappen,VER,red_bull,7,3,3.0,15.0,44,Finished,0,0
2018,13,2018-08-26,Belgian Grand Prix,spa,ocon,OCO,force_india,3,6,6.0,8.0,44,Finished,0,0
2018,13,2018-08-26,Belgian Grand Prix,spa,perez,PER,force_india,4,5,5.0,10.0,44,Finished,0,0
2018,13,2018-08-26,Belgian Grand Prix,spa,raikkonen,RAI,ferrari,6,R,,0.0,8,Brakes,1,0
2018,13,2018-08-26,Belgian Grand Prix,spa,ricciardo,RIC,red_bull,8,R,,0.0,28,Retired,1,0
2018,13,2018-08-26,Belgian Grand Prix,spa,sainz,SAI,renault,14,11,11.0,0.0,43,+1 Lap,0,0
2018,13,2018-08-26,Belgian Grand Prix,spa,sirotkin,SIR,williams,16,12,12.0,0.0,43,+1 Lap,0,0
2018,13,2018-08-26,Belgian Grand Prix,spa,stroll,STR,williams,17,13,13.0,0.0,43,+1 Lap,0,0
2018,13,2018-08-26,Belgian Grand Prix,spa,vandoorne,VAN,mclaren,18,15,15.0,0.0,43,+1 Lap,0,0
2018,13,2018-08-26,Belgian Grand Prix,spa,vettel,VET,ferrari,2,1,1.0,25.0,44,Finished,0,1
2018,14,2018-09-02,Italian Grand Prix,monza,alonso,ALO,mclaren,13,R,,0.0,9,Engine,1,0
2018,14,2018-09-02,Italian Grand Prix,monza,bottas,BOT,mercedes,4,3,3.0,15.0,53,Finished,0,0
2018,14,2018-09-02,Italian Grand Prix,monza,brendon_hartley,HAR,toro_rosso,16,R,,0.0,0,Brakes,1,0
2018,14,2018-09-02,Italian Grand Prix,monza,ericsson,ERI,sauber,18,15,15.0,0.0,52,+1 Lap,0,0
2018,14,2018-09-02,Italian Grand Prix,monza,gasly,GAS,toro_rosso,9,14,14.0,0.0,52,+1 Lap,0,0
2018,14,2018-09-02,Italian Grand Prix,monza,grosjean,GRO,haas,6,D,,0.0,53,Disqualified,1,0
2018,14,2018-09-02,Italian Grand Prix,monza,hamilton,HAM,mercedes,3,1,1.0,25.0,53,Finished,0,1
2018,14,2018-09-02,Italian Grand Prix,monza,hulkenberg,HUL,renault,20,13,13.0,0.0,52,+1 Lap,0,0
2018,14,2018-09-02,Italian Grand Prix,monza,kevin_magnussen,MAG,haas,11,16,16.0,0.0,52,+1 Lap,0,0
2018,14,2018-09-02,Italian Grand Prix,monza,leclerc,LEC,sauber,15,11,11.0,0.0,52,+1 Lap,0,0
2018,14,2018-09-02,Italian Grand Prix,monza,max_verstappen,VER,red_bull,5,5,5.0,10.0,53,Finished,0,0
2018,14,2018-09-02,Italian Grand Prix,monza,ocon,OCO,force_india,8,6,6.0,8.0,53,Finished,0,0
2018,14,2018-09-02,Italian Grand Prix,monza,perez,PER,force_india,14,7,7.0,6.0,53,Finished,0,0
2018,14,2018-09-02,Italian Grand Prix,monza,raikkonen,RAI,ferrari,1,2,2.0,18.0,53,Finished,0,0
2018,14,2018-09-02,Italian Grand Prix,monza,ricciardo,RIC,red_bull,19,R,,0.0,23,Engine,1,0
2018,14,2018-09-02,Italian Grand Prix,monza,sainz,SAI,renault,7,8,8.0,4.0,53,Finished,0,0
2018,14,2018-09-02,Italian Grand Prix,monza,sirotkin,SIR,williams,12,10,10.0,1.0,52,+1 Lap,0,0
2018,14,2018-09-02,Italian Grand Prix,monza,stroll,STR,williams,10,9,9.0,2.0,52,+1 Lap,0,0
2018,14,2018-09-02,Italian Grand Prix,monza,vandoorne,VAN,mclaren,17,12,12.0,0.0,52,+1 Lap,0,0
2018,14,2018-09-02,Italian Grand Prix,monza,vettel,VET,ferrari,2,4,4.0,12.0,53,Finished,0,0
2018,15,2018-09-16,Singapore Grand Prix,marina_bay,alonso,ALO,mclaren,11,7,7.0,6.0,61,Finished,0,0
2018,15,2018-09-16,Singapore Grand Prix,marina_bay,bottas,BOT,mercedes,4,4,4.0,12.0,61,Finished,0,0
2018,15,2018-09-16,Singapore Grand Prix,marina_bay,brendon_hartley,HAR,toro_rosso,17,17,17.0,0.0,60,+1 Lap,0,0
2018,15,2018-09-16,Singapore Grand Prix,marina_bay,ericsson,ERI,sauber,14,11,11.0,0.0,60,+1 Lap,0,0
2018,15,2018-09-16,Singapore Grand Prix,marina_bay,gasly,GAS,toro_rosso,15,13,13.0,0.0,60,+1 Lap,0,0
2018,15,2018-09-16,Singapore Grand Prix,marina_bay,grosjean,GRO,haas,8,15,15.0,0.0,60,+1 Lap,0,0
2018,15,2018-09-16,Singapore Grand Prix,marina_bay,hamilton,HAM,mercedes,1,1,1.0,25.0,61,Finished,0,1
2018,15,2018-09-16,Singapore Grand Prix,marina_bay,hulkenberg,HUL,renault,10,10,10.0,1.0,60,+1 Lap,0,0
2018,15,2018-09-16,Singapore Grand Prix,marina_bay,kevin_magnussen,MAG,haas,16,18,18.0,0.0,59,+2 Laps,0,0
2018,15,2018-09-16,Singapore Grand Prix,marina_bay,leclerc,LEC,sauber,13,9,9.0,2.0,60,+1 Lap,0,0
2018,15,2018-09-16,Singapore Grand Prix,marina_bay,max_verstappen,VER,red_bull,2,2,2.0,18.0,61,Finished,0,0
2018,15,2018-09-16,Singapore Grand Prix,marina_bay,ocon,OCO,force_india,9,R,,0.0,0,Collision,1,0
2018,15,2018-09-16,Singapore Grand Prix,marina_bay,perez,PER,force_india,7,16,16.0,0.0,60,+1 Lap,0,0
2018,15,2018-09-16,Singapore Grand Prix,marina_bay,raikkonen,RAI,ferrari,5,5,5.0,10.0,61,Finished,0,0
2018,15,2018-09-16,Singapore Grand Prix,marina_bay,ricciardo,RIC,red_bull,6,6,6.0,8.0,61,Finished,0,0
2018,15,2018-09-16,Singapore Grand Prix,marina_bay,sainz,SAI,renault,12,8,8.0,4.0,60,+1 Lap,0,0
2018,15,2018-09-16,Singapore Grand Prix,marina_bay,sirotkin,SIR,williams,19,19,19.0,0.0,59,+2 Laps,0,0
2018,15,2018-09-16,Singapore Grand Prix,marina_bay,stroll,STR,williams,20,14,14.0,0.0,60,+1 Lap,0,0
2018,15,2018-09-16,Singapore Grand Prix,marina_bay,vandoorne,VAN,mclaren,18,12,12.0,0.0,60,+1 Lap,0,0
2018,15,2018-09-16,Singapore Grand Prix,marina_bay,vettel,VET,ferrari,3,3,3.0,15.0,61,Finished,0,0
2018,16,2018-09-30,Russian Grand Prix,sochi,alonso,ALO,mclaren,16,14,14.0,0.0,52,+1 Lap,0,0
2018,16,2018-09-30,Russian Grand Prix,sochi,bottas,BOT,mercedes,1,2,2.0,18.0,53,Finished,0,0
2018,16,2018-09-30,Russian Grand Prix,sochi,brendon_hartley,HAR,toro_rosso,20,R,,0.0,4,Brakes,1,0
2018,16,2018-09-30,Russian Grand Prix,sochi,ericsson,ERI,sauber,10,13,13.0,0.0,52,+1 Lap,0,0
2018,16,2018-09-30,Russian Grand Prix,sochi,gasly,GAS,toro_rosso,17,R,,0.0,4,Brakes,1,0
2018,16,2018-09-30,Russian Grand Prix,sochi,grosjean,GRO,haas,9,11,11.0,0.0,52,+1 Lap,0,0
2018,16,2018-09-30,Russian Grand Prix,sochi,hamilton,HAM,mercedes,2,1,1.0,25.0,53,Finished,0,1
2018,16,2018-09-30,Russian Grand Prix,sochi,hulkenberg,HUL,renault,12,12,12.0,0.0,52,+1 Lap,0,0
2018,16,2018-09-30,Russian Grand Prix,sochi,kevin_magnussen,MAG,haas,5,8,8.0,4.0,52,+1 Lap,0,0
2018,16,2018-09-30,Russian Grand Prix,sochi,leclerc,LEC,sauber,7,7,7.0,6.0,53,Finished,0,0
2018,16,2018-09-30,Russian Grand Prix,sochi,max_verstappen,VER,red_bull,19,5,5.0,10.0,53,Finished,0,0
2018,16,2018-09-30,Russian Grand Prix,sochi,ocon,OCO,force_india,6,9,9.0,2.0,52,+1 Lap,0,0
2018,16,2018-09-30,Russian Grand Prix,sochi,perez,PER,force_india,8,10,10.0,1.0,52,+1 Lap,0,0
2018,16,2018-09-30,Russian Grand Prix,sochi,raikkonen,RAI,ferrari,4,4,4.0,12.0,53,Finished,0,0
2018,16,2018-09-30,Russian Grand Prix,sochi,ricciardo,RIC,red_bull,18,6,6.0,8.0,53,Finished,0,0
2018,16,2018-09-30,Russian Grand Prix,sochi,sainz,SAI,renault,11,17,17.0,0.0,51,+2 Laps,0,0
2018,16,2018-09-30,Russian Grand Prix,sochi,sirotkin,SIR,williams,13,18,18.0,0.0,51,+2 Laps,0,0
2018,16,2018-09-30,Russian Grand Prix,sochi,stroll,STR,williams,14,15,15.0,0.0,52,+1 Lap,0,0
2018,16,2018-09-30,Russian Grand Prix,sochi,vandoorne,VAN,mclaren,15,16,16.0,0.0,51,+2 Laps,0,0
2018,16,2018-09-30,Russian Grand Prix,sochi,vettel,VET,ferrari,3,3,3.0,15.0,53,Finished,0,0
2018,17,2018-10-07,Japanese Grand Prix,suzuka,alonso,ALO,mclaren,18,14,14.0,0.0,52,+1 Lap,0,0
2018,17,2018-10-07,Japanese Grand Prix,suzuka,bottas,BOT,mercedes,2,2,2.0,18.0,53,Finished,0,0
2018,17,2018-10-07,Japanese Grand Prix,suzuka,brendon_hartley,HAR,toro_rosso,6,13,13.0,0.0,52,+1 Lap,0,0
2018,17,2018-10-07,Japanese Grand Prix,suzuka,ericsson,ERI,sauber,20,12,12.0,0.0,52,+1 Lap,0,0
2018,17,2018-10-07,Japanese Grand Prix,suzuka,gasly,GAS,toro_rosso,7,11,11.0,0.0,52,+1 Lap,0,0
2018,17,2018-10-07,Japanese Grand Prix,suzuka,grosjean,GRO,haas,5,8,8.0,4.0,53,Finished,0,0
2018,17,2018-10-07,Japanese Grand Prix,suzuka,hamilton,HAM,mercedes,1,1,1.0,25.0,53,Finished,0,1
2018,17,2018-10-07,Japanese Grand Prix,suzuka,hulkenberg,HUL,renault,16,R,,0.0,37,Engine,1,0
2018,17,2018-10-07,Japanese Grand Prix,suzuka,kevin_magnussen,MAG,haas,12,R,,0.0,8,Collision damage,1,0
2018,17,2018-10-07,Japanese Grand Prix,suzuka,leclerc,LEC,sauber,10,R,,0.0,38,Mechanical,1,0
2018,17,2018-10-07,Japanese Grand Prix,suzuka,max_verstappen,VER,red_bull,3,3,3.0,15.0,53,Finished,0,0
2018,17,2018-10-07,Japanese Grand Prix,suzuka,ocon,OCO,force_india,11,9,9.0,2.0,53,Finished,0,0
2018,17,2018-10-07,Japanese Grand Prix,suzuka,perez,PER,force_india,9,7,7.0,6.0,53,Finished,0,0
2018,17,2018-10-07,Japanese Grand Prix,suzuka,raikkonen,RAI,ferrari,4,5,5.0,10.0,53,Finished,0,0
2018,17,2018-10-07,Japanese Grand Prix,suzuka,ricciardo,RIC,red_bull,15,4,4.0,12.0,53,Finished,0,0
2018,17,2018-10-07,Japanese Grand Prix,suzuka,sainz,SAI,renault,13,10,10.0,1.0,52,+1 Lap,0,0
2018,17,2018-10-07,Japanese Grand Prix,suzuka,sirotkin,SIR,williams,17,16,16.0,0.0,52,+1 Lap,0,0
2018,17,2018-10-07,Japanese Grand Prix,suzuka,stroll,STR,williams,14,17,17.0,0.0,52,+1 Lap,0,0
2018,17,2018-10-07,Japanese Grand Prix,suzuka,vandoorne,VAN,mclaren,19,15,15.0,0.0,52,+1 Lap,0,0
2018,17,2018-10-07,Japanese Grand Prix,suzuka,vettel,VET,ferrari,8,6,6.0,8.0,53,Finished,0,0
2018,18,2018-10-21,United States Grand Prix,americas,alonso,ALO,mclaren,13,R,,0.0,1,Collision,1,0
2018,18,2018-10-21,United States Grand Prix,americas,bottas,BOT,mercedes,3,5,5.0,10.0,56,Finished,0,0
2018,18,2018-10-21,United States Grand Prix,americas,brendon_hartley,HAR,toro_rosso,20,9,9.0,2.0,55,+1 Lap,0,0
2018,18,2018-10-21,United States Grand Prix,americas,ericsson,ERI,sauber,16,10,10.0,1.0,55,+1 Lap,0,0
2018,18,2018-10-21,United States Grand Prix,americas,gasly,GAS,toro_rosso,19,12,12.0,0.0,55,+1 Lap,0,0
2018,18,2018-10-21,United States Grand Prix,americas,grosjean,GRO,haas,8,R,,0.0,2,Collision damage,1,0
2018,18,2018-10-21,United States Grand Prix,americas,hamilton,HAM,mercedes,1,3,3.0,15.0,56,Finished,0,0
2018,18,2018-10-21,United States Grand Prix,americas,hulkenberg,HUL,renault,7,6,6.0,8.0,56,Finished,0,0
2018,18,2018-10-21,United States Grand Prix,americas,kevin_magnussen,MAG,haas,12,D,,0.0,56,Disqualified,1,0
2018,18,2018-10-21,United States Grand Prix,americas,leclerc,LEC,sauber,9,R,,0.0,31,Collision damage,1,0
2018,18,2018-10-21,United States Grand Prix,americas,max_verstappen,VER,red_bull,18,2,2.0,18.0,56,Finished,0,0
2018,18,2018-10-21,United States Grand Prix,americas,ocon,OCO,force_india,6,D,,0.0,56,Disqualified,1,0
2018,18,2018-10-21,United States Grand Prix,americas,perez,PER,force_india,10,8,8.0,4.0,56,Finished,0,0
2018,18,2018-10-21,United States Grand Prix,americas,raikkonen,RAI,ferrari,2,1,1.0,25.0,56,Finished,0,1
2018,18,2018-10-21,United States Grand Prix,americas,ricciardo,RIC,red_bull,4,R,,0.0,8,Battery,1,0
2018,18,2018-10-21,United States Grand Prix,americas,sainz,SAI,renault,11,7,7.0,6.0,56,Finished,0,0
2018,18,2018-10-21,United States Grand Prix,americas,sirotkin,SIR,williams,14,13,13.0,0.0,55,+1 Lap,0,0
2018,18,2018-10-21,United States Grand Prix,americas,stroll,STR,williams,15,14,14.0,0.0,54,+2 Laps,0,0
2018,18,2018-10-21,United States Grand Prix,americas,vandoorne,VAN,mclaren,17,11,11.0,0.0,55,+1 Lap,0,0
2018,18,2018-10-21,United States Grand Prix,americas,vettel,VET,ferrari,5,4,4.0,12.0,56,Finished,0,0
2018,19,2018-10-28,Mexican Grand Prix,rodriguez,alonso,ALO,mclaren,12,R,,0.0,3,Engine,1,0
2018,19,2018-10-28,Mexican Grand Prix,rodriguez,bottas,BOT,mercedes,5,5,5.0,10.0,70,+1 Lap,0,0
2018,19,2018-10-28,Mexican Grand Prix,rodriguez,brendon_hartley,HAR,toro_rosso,14,14,14.0,0.0,69,+2 Laps,0,0
2018,19,2018-10-28,Mexican Grand Prix,rodriguez,ericsson,ERI,sauber,10,9,9.0,2.0,69,+2 Laps,0,0
2018,19,2018-10-28,Mexican Grand Prix,rodriguez,gasly,GAS,toro_rosso,20,10,10.0,1.0,69,+2 Laps,0,0
2018,19,2018-10-28,Mexican Grand Prix,rodriguez,grosjean,GRO,haas,18,16,16.0,0.0,68,+3 Laps,0,0
2018,19,2018-10-28,Mexican Grand Prix,rodriguez,hamilton,HAM,mercedes,3,4,4.0,12.0,71,Finished,0,0
2018,19,2018-10-28,Mexican Grand Prix,rodriguez,hulkenberg,HUL,renault,7,6,6.0,8.0,69,+2 Laps,0,0
2018,19,2018-10-28,Mexican Grand Prix,rodriguez,kevin_magnussen,MAG,haas,16,15,15.0,0.0,69,+2 Laps,0,0
2018,19,2018-10-28,Mexican Grand Prix,rodriguez,leclerc,LEC,sauber,9,7,7.0,6.0,69,+2 Laps,0,0
2018,19,2018-10-28,Mexican Grand Prix,rodriguez,max_verstappen,VER,red_bull,2,1,1.0,25.0,71,Finished,0,1
2018,19,2018-10-28,Mexican Grand Prix,rodriguez,ocon,OCO,force_india,11,11,11.0,0.0,69,+2 Laps,0,0
2018,19,2018-10-28,Mexican Grand Prix,rodriguez,perez,PER,force_india,13,R,,0.0,38,Brakes,1,0
2018,19,2018-10-28,Mexican Grand Prix,rodriguez,raikkonen,RAI,ferrari,6,3,3.0,15.0,71,Finished,0,0
2018,19,2018-10-28,Mexican Grand Prix,rodriguez,ricciardo,RIC,red_bull,1,R,,0.0,61,Engine,1,0
2018,19,2018-10-28,Mexican Grand Prix,rodriguez,sainz,SAI,renault,8,R,,0.0,28,Suspension,1,0
2018,19,2018-10-28,Mexican Grand Prix,rodriguez,sirotkin,SIR,williams,19,13,13.0,0.0,69,+2 Laps,0,0
2018,19,2018-10-28,Mexican Grand Prix,rodriguez,stroll,STR,williams,17,12,12.0,0.0,69,+2 Laps,0,0
2018,19,2018-10-28,Mexican Grand Prix,rodriguez,vandoorne,VAN,mclaren,15,8,8.0,4.0,69,+2 Laps,0,0
2018,19,2018-10-28,Mexican Grand Prix,rodriguez,vettel,VET,ferrari,4,2,2.0,18.0,71,Finished,0,0
2018,20,2018-11-11,Brazilian Grand Prix,interlagos,alonso,ALO,mclaren,17,17,17.0,0.0,69,+2 Laps,0,0
2018,20,2018-11-11,Brazilian Grand Prix,interlagos,bottas,BOT,mercedes,3,5,5.0,10.0,71,Finished,0,0
2018,20,2018-11-11,Brazilian Grand Prix,interlagos,brendon_hartley,HAR,toro_rosso,16,11,11.0,0.0,70,+1 Lap,0,0
2018,20,2018-11-11,Brazilian Grand Prix,interlagos,ericsson,ERI,sauber,6,R,,0.0,20,Collision,1,0
2018,20,2018-11-11,Brazilian Grand Prix,interlagos,gasly,GAS,toro_rosso,9,13,13.0,0.0,70,+1 Lap,0,0
2018,20,2018-11-11,Brazilian Grand Prix,interlagos,grosjean,GRO,haas,8,8,8.0,4.0,71,Finished,0,0
2018,20,2018-11-11,Brazilian Grand Prix,interlagos,hamilton,HAM,mercedes,1,1,1.0,25.0,71,Finished,0,1
2018,20,2018-11-11,Brazilian Grand Prix,interlagos,hulkenberg,HUL,renault,13,R,,0.0,32,Overheating,1,0
2018,20,2018-11-11,Brazilian Grand Prix,interlagos,kevin_magnussen,MAG,haas,10,9,9.0,2.0,71,Finished,0,0
2018,20,2018-11-11,Brazilian Grand Prix,interlagos,leclerc,LEC,sauber,7,7,7.0,6.0,71,Finished,0,0
2018,20,2018-11-11,Brazilian Grand Prix,interlagos,max_verstappen,VER,red_bull,5,2,2.0,18.0,71,Finished,0,0
2018,20,2018-11-11,Brazilian Grand Prix,interlagos,ocon,OCO,force_india,18,15,15.0,0.0,70,+1 Lap,0,0
2018,20,2018-11-11,Brazilian Grand Prix,interlagos,perez,PER,force_india,12,10,10.0,1.0,70,+1 Lap,0,0
2018,20,2018-11-11,Brazilian Grand Prix,interlagos,raikkonen,RAI,ferrari,4,3,3.0,15.0,71,Finished,0,0
2018,20,2018-11-11,Brazilian Grand Prix,interlagos,ricciardo,RIC,red_bull,11,4,4.0,12.0,71,Finished,0,0
2018,20,2018-11-11,Brazilian Grand Prix,interlagos,sainz,SAI,renault,15,12,12.0,0.0,70,+1 Lap,0,0
2018,20,2018-11-11,Brazilian Grand Prix,interlagos,sirotkin,SIR,williams,14,16,16.0,0.0,69,+2 Laps,0,0
2018,20,2018-11-11,Brazilian Grand Prix,interlagos,stroll,STR,williams,19,18,18.0,0.0,69,+2 Laps,0,0
2018,20,2018-11-11,Brazilian Grand Prix,interlagos,vandoorne,VAN,mclaren,20,14,14.0,0.0,70,+1 Lap,0,0
2018,20,2018-11-11,Brazilian Grand Prix,interlagos,vettel,VET,ferrari,2,6,6.0,8.0,71,Finished,0,0
2018,21,2018-11-25,Abu Dhabi Grand Prix,yas_marina,alonso,ALO,mclaren,15,11,11.0,0.0,54,+1 Lap,0,0
2018,21,2018-11-25,Abu Dhabi Grand Prix,yas_marina,bottas,BOT,mercedes,2,5,5.0,10.0,55,Finished,0,0
2018,21,2018-11-25,Abu Dhabi Grand Prix,yas_marina,brendon_hartley,HAR,toro_rosso,16,12,12.0,0.0,54,+1 Lap,0,0
2018,21,2018-11-25,Abu Dhabi Grand Prix,yas_marina,ericsson,ERI,sauber,12,R,,0.0,24,Power loss,1,0
2018,21,2018-11-25,Abu Dhabi Grand Prix,yas_marina,gasly,GAS,toro_rosso,17,R,,0.0,46,Engine,1,0
2018,21,2018-11-25,Abu Dhabi Grand Prix,yas_marina,grosjean,GRO,haas,7,9,9.0,2.0,54,+1 Lap,0,0
2018,21,2018-11-25,Abu Dhabi Grand Prix,yas_marina,hamilton,HAM,mercedes,1,1,1.0,25.0,55,Finished,0,1
2018,21,2018-11-25,Abu Dhabi Grand Prix,yas_marina,hulkenberg,HUL,renault,10,R,,0.0,0,Collision,1,0
2018,21,2018-11-25,Abu Dhabi Grand Prix,yas_marina,kevin_magnussen,MAG,haas,13,10,10.0,1.0,54,+1 Lap,0,0
2018,21,2018-11-25,Abu Dhabi Grand Prix,yas_marina,leclerc,LEC,sauber,8,7,7.0,6.0,55,Finished,0,0
2018,21,2018-11-25,Abu Dhabi Grand Prix,yas_marina,max_verstappen,VER,red_bull,6,3,3.0,15.0,55,Finished,0,0
2018,21,2018-11-25,Abu Dhabi Grand Prix,yas_marina,ocon,OCO,force_india,9,R,,0.0,44,Engine,1,0
2018,21,2018-11-25,Abu Dhabi Grand Prix,yas_marina,perez,PER,force_india,14,8,8.0,4.0,55,Finished,0,0
2018,21,2018-11-25,Abu Dhabi Grand Prix,yas_marina,raikkonen,RAI,ferrari,4,R,,0.0,6,Power loss,1,0
2018,21,2018-11-25,Abu Dhabi Grand Prix,yas_marina,ricciardo,RIC,red_bull,5,4,4.0,12.0,55,Finished,0,0
2018,21,2018-11-25,Abu Dhabi Grand Prix,yas_marina,sainz,SAI,renault,11,6,6.0,8.0,55,Finished,0,0
2018,21,2018-11-25,Abu Dhabi Grand Prix,yas_marina,sirotkin,SIR,williams,19,15,15.0,0.0,54,+1 Lap,0,0
2018,21,2018-11-25,Abu Dhabi Grand Prix,yas_marina,stroll,STR,williams,20,13,13.0,0.0,54,+1 Lap,0,0
2018,21,2018-11-25,Abu Dhabi Grand Prix,yas_marina,vandoorne,VAN,mclaren,18,14,14.0,0.0,54,+1 Lap,0,0
2018,21,2018-11-25,Abu Dhabi Grand Prix,yas_marina,vettel,VET,ferrari,3,2,2.0,18.0,55,Finished,0,0
2019,1,2019-03-17,Australian Grand Prix,albert_park,albon,ALB,toro_rosso,13,14,14.0,0.0,57,+1 Lap,0,0
2019,1,2019-03-17,Australian Grand Prix,albert_park,bottas,BOT,mercedes,2,1,1.0,26.0,58,Finished,0,1
2019,1,2019-03-17,Australian Grand Prix,albert_park,gasly,GAS,red_bull,17,11,11.0,0.0,57,+1 Lap,0,0
2019,1,2019-03-17,Australian Grand Prix,albert_park,giovinazzi,GIO,alfa,14,15,15.0,0.0,57,+1 Lap,0,0
2019,1,2019-03-17,Australian Grand Prix,albert_park,grosjean,GRO,haas,6,R,,0.0,29,Wheel,1,0
2019,1,2019-03-17,Australian Grand Prix,albert_park,hamilton,HAM,mercedes,1,2,2.0,18.0,58,Finished,0,0
2019,1,2019-03-17,Australian Grand Prix,albert_park,hulkenberg,HUL,renault,11,7,7.0,6.0,57,+1 Lap,0,0
2019,1,2019-03-17,Australian Grand Prix,albert_park,kevin_magnussen,MAG,haas,7,6,6.0,8.0,58,Finished,0,0
2019,1,2019-03-17,Australian Grand Prix,albert_park,kubica,KUB,williams,20,17,17.0,0.0,55,+3 Laps,0,0
2019,1,2019-03-17,Australian Grand Prix,albert_park,kvyat,KVY,toro_rosso,15,10,10.0,1.0,57,+1 Lap,0,0
2019,1,2019-03-17,Australian Grand Prix,albert_park,leclerc,LEC,ferrari,5,5,5.0,10.0,58,Finished,0,0
2019,1,2019-03-17,Australian Grand Prix,albert_park,max_verstappen,VER,red_bull,4,3,3.0,15.0,58,Finished,0,0
2019,1,2019-03-17,Australian Grand Prix,albert_park,norris,NOR,mclaren,8,12,12.0,0.0,57,+1 Lap,0,0
2019,1,2019-03-17,Australian Grand Prix,albert_park,perez,PER,racing_point,10,13,13.0,0.0,57,+1 Lap,0,0
2019,1,2019-03-17,Australian Grand Prix,albert_park,raikkonen,RAI,alfa,9,8,8.0,4.0,57,+1 Lap,0,0
2019,1,2019-03-17,Australian Grand Prix,albert_park,ricciardo,RIC,renault,12,R,,0.0,28,Damage,1,0
2019,1,2019-03-17,Australian Grand Prix,albert_park,russell,RUS,williams,19,16,16.0,0.0,56,+2 Laps,0,0
2019,1,2019-03-17,Australian Grand Prix,albert_park,sainz,SAI,mclaren,18,R,,0.0,9,Engine,1,0
2019,1,2019-03-17,Australian Grand Prix,albert_park,stroll,STR,racing_point,16,9,9.0,2.0,57,+1 Lap,0,0
2019,1,2019-03-17,Australian Grand Prix,albert_park,vettel,VET,ferrari,3,4,4.0,12.0,58,Finished,0,0
2019,2,2019-03-31,Bahrain Grand Prix,bahrain,albon,ALB,toro_rosso,12,9,9.0,2.0,57,Finished,0,0
2019,2,2019-03-31,Bahrain Grand Prix,bahrain,bottas,BOT,mercedes,4,2,2.0,18.0,57,Finished,0,0
2019,2,2019-03-31,Bahrain Grand Prix,bahrain,gasly,GAS,red_bull,13,8,8.0,4.0,57,Finished,0,0
2019,2,2019-03-31,Bahrain Grand Prix,bahrain,giovinazzi,GIO,alfa,16,11,11.0,0.0,57,Finished,0,0
2019,2,2019-03-31,Bahrain Grand Prix,bahrain,grosjean,GRO,haas,11,R,,0.0,16,Retired,1,0
2019,2,2019-03-31,Bahrain Grand Prix,bahrain,hamilton,HAM,mercedes,3,1,1.0,25.0,57,Finished,0,1
2019,2,2019-03-31,Bahrain Grand Prix,bahrain,hulkenberg,HUL,renault,17,R,,0.0,53,Engine,1,0
2019,2,2019-03-31,Bahrain Grand Prix,bahrain,kevin_magnussen,MAG,haas,6,13,13.0,0.0,56,+1 Lap,0,0
2019,2,2019-03-31,Bahrain Grand Prix,bahrain,kubica,KUB,williams,20,16,16.0,0.0,55,+2 Laps,0,0
2019,2,2019-03-31,Bahrain Grand Prix,bahrain,kvyat,KVY,toro_rosso,15,12,12.0,0.0,56,+1 Lap,0,0
2019,2,2019-03-31,Bahrain Grand Prix,bahrain,leclerc,LEC,ferrari,1,3,3.0,16.0,57,Finished,0,0
2019,2,2019-03-31,Bahrain Grand Prix,bahrain,max_verstappen,VER,red_bull,5,4,4.0,12.0,57,Finished,0,0
2019,2,2019-03-31,Bahrain Grand Prix,bahrain,norris,NOR,mclaren,9,6,6.0,8.0,57,Finished,0,0
2019,2,2019-03-31,Bahrain Grand Prix,bahrain,perez,PER,racing_point,14,10,10.0,1.0,57,Finished,0,0
2019,2,2019-03-31,Bahrain Grand Prix,bahrain,raikkonen,RAI,alfa,8,7,7.0,6.0,57,Finished,0,0
2019,2,2019-03-31,Bahrain Grand Prix,bahrain,ricciardo,RIC,renault,10,R,,0.0,53,Out of fuel,1,0
2019,2,2019-03-31,Bahrain Grand Prix,bahrain,russell,RUS,williams,19,15,15.0,0.0,56,+1 Lap,0,0
2019,2,2019-03-31,Bahrain Grand Prix,bahrain,sainz,SAI,mclaren,7,R,,0.0,53,Collision damage,1,0
2019,2,2019-03-31,Bahrain Grand Prix,bahrain,stroll,STR,racing_point,18,14,14.0,0.0,56,+1 Lap,0,0
2019,2,2019-03-31,Bahrain Grand Prix,bahrain,vettel,VET,ferrari,2,5,5.0,10.0,57,Finished,0,0
2019,3,2019-04-14,Chinese Grand Prix,shanghai,albon,ALB,toro_rosso,0,10,10.0,1.0,55,+1 Lap,0,0
2019,3,2019-04-14,Chinese Grand Prix,shanghai,bottas,BOT,mercedes,1,2,2.0,18.0,56,Finished,0,0
2019,3,2019-04-14,Chinese Grand Prix,shanghai,gasly,GAS,red_bull,6,6,6.0,9.0,56,Finished,0,0
2019,3,2019-04-14,Chinese Grand Prix,shanghai,giovinazzi,GIO,alfa,19,15,15.0,0.0,55,+1 Lap,0,0
2019,3,2019-04-14,Chinese Grand Prix,shanghai,grosjean,GRO,haas,10,11,11.0,0.0,55,+1 Lap,0,0
2019,3,2019-04-14,Chinese Grand Prix,shanghai,hamilton,HAM,mercedes,2,1,1.0,25.0,56,Finished,0,1
2019,3,2019-04-14,Chinese Grand Prix,shanghai,hulkenberg,HUL,renault,8,R,,0.0,16,Power Unit,1,0
2019,3,2019-04-14,Chinese Grand Prix,shanghai,kevin_magnussen,MAG,haas,9,13,13.0,0.0,55,+1 Lap,0,0
2019,3,2019-04-14,Chinese Grand Prix,shanghai,kubica,KUB,williams,18,17,17.0,0.0,54,+2 Laps,0,0
2019,3,2019-04-14,Chinese Grand Prix,shanghai,kvyat,KVY,toro_rosso,11,R,,0.0,41,Collision,1,0
2019,3,2019-04-14,Chinese Grand Prix,shanghai,leclerc,LEC,ferrari,4,5,5.0,10.0,56,Finished,0,0
2019,3,2019-04-14,Chinese Grand Prix,shanghai,max_verstappen,VER,red_bull,5,4,4.0,12.0,56,Finished,0,0
2019,3,2019-04-14,Chinese Grand Prix,shanghai,norris,NOR,mclaren,15,18,18.0,0.0,50,Collision,0,0
2019,3,2019-04-14,Chinese Grand Prix,shanghai,perez,PER,racing_point,12,8,8.0,4.0,55,+1 Lap,0,0
2019,3,2019-04-14,Chinese Grand Prix,shanghai,raikkonen,RAI,alfa,13,9,9.0,2.0,55,+1 Lap,0,0
2019,3,2019-04-14,Chinese Grand Prix,shanghai,ricciardo,RIC,renault,7,7,7.0,6.0,55,+1 Lap,0,0
2019,3,2019-04-14,Chinese Grand Prix,shanghai,russell,RUS,williams,17,16,16.0,0.0,54,+2 Laps,0,0
2019,3,2019-04-14,Chinese Grand Prix,shanghai,sainz,SAI,mclaren,14,14,14.0,0.0,55,+1 Lap,0,0
2019,3,2019-04-14,Chinese Grand Prix,shanghai,stroll,STR,racing_point,16,12,12.0,0.0,55,+1 Lap,0,0
2019,3,2019-04-14,Chinese Grand Prix,shanghai,vettel,VET,ferrari,3,3,3.0,15.0,56,Finished,0,0
2019,4,2019-04-28,Azerbaijan Grand Prix,baku,albon,ALB,toro_rosso,11,11,11.0,0.0,50,+1 Lap,0,0
2019,4,2019-04-28,Azerbaijan Grand Prix,baku,bottas,BOT,mercedes,1,1,1.0,25.0,51,Finished,0,1
2019,4,2019-04-28,Azerbaijan Grand Prix,baku,gasly,GAS,red_bull,0,R,,0.0,38,Transmission,1,0
2019,4,2019-04-28,Azerbaijan Grand Prix,baku,giovinazzi,GIO,alfa,17,12,12.0,0.0,50,+1 Lap,0,0
2019,4,2019-04-28,Azerbaijan Grand Prix,baku,grosjean,GRO,haas,14,R,,0.0,38,Brakes,1,0
2019,4,2019-04-28,Azerbaijan Grand Prix,baku,hamilton,HAM,mercedes,2,2,2.0,18.0,51,Finished,0,0
2019,4,2019-04-28,Azerbaijan Grand Prix,baku,hulkenberg,HUL,renault,15,14,14.0,0.0,50,+1 Lap,0,0
2019,4,2019-04-28,Azerbaijan Grand Prix,baku,kevin_magnussen,MAG,haas,12,13,13.0,0.0,50,+1 Lap,0,0
2019,4,2019-04-28,Azerbaijan Grand Prix,baku,kubica,KUB,williams,0,16,16.0,0.0,49,+2 Laps,0,0
2019,4,2019-04-28,Azerbaijan Grand Prix,baku,kvyat,KVY,toro_rosso,6,R,,0.0,33,Collision,1,0
2019,4,2019-04-28,Azerbaijan Grand Prix,baku,leclerc,LEC,ferrari,8,5,5.0,11.0,51,Finished,0,0
2019,4,2019-04-28,Azerbaijan Grand Prix,baku,max_verstappen,VER,red_bull,4,4,4.0,12.0,51,Finished,0,0
2019,4,2019-04-28,Azerbaijan Grand Prix,baku,norris,NOR,mclaren,7,8,8.0,4.0,51,Finished,0,0
2019,4,2019-04-28,Azerbaijan Grand Prix,baku,perez,PER,racing_point,5,6,6.0,8.0,51,Finished,0,0
2019,4,2019-04-28,Azerbaijan Grand Prix,baku,raikkonen,RAI,alfa,0,10,10.0,1.0,50,+1 Lap,0,0
2019,4,2019-04-28,Azerbaijan Grand Prix,baku,ricciardo,RIC,renault,10,R,,0.0,31,Collision,1,0
2019,4,2019-04-28,Azerbaijan Grand Prix,baku,russell,RUS,williams,16,15,15.0,0.0,49,+2 Laps,0,0
2019,4,2019-04-28,Azerbaijan Grand Prix,baku,sainz,SAI,mclaren,9,7,7.0,6.0,51,Finished,0,0
2019,4,2019-04-28,Azerbaijan Grand Prix,baku,stroll,STR,racing_point,13,9,9.0,2.0,51,Finished,0,0
2019,4,2019-04-28,Azerbaijan Grand Prix,baku,vettel,VET,ferrari,3,3,3.0,15.0,51,Finished,0,0
2019,5,2019-05-12,Spanish Grand Prix,catalunya,albon,ALB,toro_rosso,11,11,11.0,0.0,66,Finished,0,0
2019,5,2019-05-12,Spanish Grand Prix,catalunya,bottas,BOT,mercedes,1,2,2.0,18.0,66,Finished,0,0
2019,5,2019-05-12,Spanish Grand Prix,catalunya,gasly,GAS,red_bull,6,6,6.0,8.0,66,Finished,0,0
2019,5,2019-05-12,Spanish Grand Prix,catalunya,giovinazzi,GIO,alfa,18,16,16.0,0.0,66,Finished,0,0
2019,5,2019-05-12,Spanish Grand Prix,catalunya,grosjean,GRO,haas,7,10,10.0,1.0,66,Finished,0,0
2019,5,2019-05-12,Spanish Grand Prix,catalunya,hamilton,HAM,mercedes,2,1,1.0,26.0,66,Finished,0,1
2019,5,2019-05-12,Spanish Grand Prix,catalunya,hulkenberg,HUL,renault,0,13,13.0,0.0,66,Finished,0,0
2019,5,2019-05-12,Spanish Grand Prix,catalunya,kevin_magnussen,MAG,haas,8,7,7.0,6.0,66,Finished,0,0
2019,5,2019-05-12,Spanish Grand Prix,catalunya,kubica,KUB,williams,17,18,18.0,0.0,65,+1 Lap,0,0
2019,5,2019-05-12,Spanish Grand Prix,catalunya,kvyat,KVY,toro_rosso,9,9,9.0,2.0,66,Finished,0,0
2019,5,2019-05-12,Spanish Grand Prix,catalunya,leclerc,LEC,ferrari,5,5,5.0,10.0,66,Finished,0,0
2019,5,2019-05-12,Spanish Grand Prix,catalunya,max_verstappen,VER,red_bull,4,3,3.0,15.0,66,Finished,0,0
2019,5,2019-05-12,Spanish Grand Prix,catalunya,norris,NOR,mclaren,10,R,,0.0,44,Collision,1,0
2019,5,2019-05-12,Spanish Grand Prix,catalunya,perez,PER,racing_point,15,15,15.0,0.0,66,Finished,0,0
2019,5,2019-05-12,Spanish Grand Prix,catalunya,raikkonen,RAI,alfa,14,14,14.0,0.0,66,Finished,0,0
2019,5,2019-05-12,Spanish Grand Prix,catalunya,ricciardo,RIC,renault,13,12,12.0,0.0,66,Finished,0,0
2019,5,2019-05-12,Spanish Grand Prix,catalunya,russell,RUS,williams,19,17,17.0,0.0,65,+1 Lap,0,0
2019,5,2019-05-12,Spanish Grand Prix,catalunya,sainz,SAI,mclaren,12,8,8.0,4.0,66,Finished,0,0
2019,5,2019-05-12,Spanish Grand Prix,catalunya,stroll,STR,racing_point,16,R,,0.0,44,Collision,1,0
2019,5,2019-05-12,Spanish Grand Prix,catalunya,vettel,VET,ferrari,3,4,4.0,12.0,66,Finished,0,0
2019,6,2019-05-26,Monaco Grand Prix,monaco,albon,ALB,toro_rosso,10,8,8.0,4.0,78,Finished,0,0
2019,6,2019-05-26,Monaco Grand Prix,monaco,bottas,BOT,mercedes,2,3,3.0,15.0,78,Finished,0,0
2019,6,2019-05-26,Monaco Grand Prix,monaco,gasly,GAS,red_bull,8,5,5.0,11.0,78,Finished,0,0
2019,6,2019-05-26,Monaco Grand Prix,monaco,giovinazzi,GIO,alfa,18,19,19.0,0.0,76,+2 Laps,0,0
2019,6,2019-05-26,Monaco Grand Prix,monaco,grosjean,GRO,haas,13,10,10.0,1.0,78,Finished,0,0
2019,6,2019-05-26,Monaco Grand Prix,monaco,hamilton,HAM,mercedes,1,1,1.0,25.0,78,Finished,0,1
2019,6,2019-05-26,Monaco Grand Prix,monaco,hulkenberg,HUL,renault,11,13,13.0,0.0,77,+1 Lap,0,0
2019,6,2019-05-26,Monaco Grand Prix,monaco,kevin_magnussen,MAG,haas,5,14,14.0,0.0,77,+1 Lap,0,0
2019,6,2019-05-26,Monaco Grand Prix,monaco,kubica,KUB,williams,20,18,18.0,0.0,77,+1 Lap,0,0
2019,6,2019-05-26,Monaco Grand Prix,monaco,kvyat,KVY,toro_rosso,7,7,7.0,6.0,78,Finished,0,0
2019,6,2019-05-26,Monaco Grand Prix,monaco,leclerc,LEC,ferrari,15,R,,0.0,16,Collision,1,0
2019,6,2019-05-26,Monaco Grand Prix,monaco,max_verstappen,VER,red_bull,3,4,4.0,12.0,78,Finished,0,0
2019,6,2019-05-26,Monaco Grand Prix,monaco,norris,NOR,mclaren,12,11,11.0,0.0,78,Finished,0,0
2019,6,2019-05-26,Monaco Grand Prix,monaco,perez,PER,racing_point,16,12,12.0,0.0,77,+1 Lap,0,0
2019,6,2019-05-26,Monaco Grand Prix,monaco,raikkonen,RAI,alfa,14,17,17.0,0.0,77,+1 Lap,0,0
2019,6,2019-05-26,Monaco Grand Prix,monaco,ricciardo,RIC,renault,6,9,9.0,2.0,78,Finished,0,0
2019,6,2019-05-26,Monaco Grand Prix,monaco,russell,RUS,williams,19,15,15.0,0.0,77,+1 Lap,0,0
2019,6,2019-05-26,Monaco Grand Prix,monaco,sainz,SAI,mclaren,9,6,6.0,8.0,78,Finished,0,0
2019,6,2019-05-26,Monaco Grand Prix,monaco,stroll,STR,racing_point,17,16,16.0,0.0,77,+1 Lap,0,0
2019,6,2019-05-26,Monaco Grand Prix,monaco,vettel,VET,ferrari,4,2,2.0,18.0,78,Finished,0,0
2019,7,2019-06-09,Canadian Grand Prix,villeneuve,albon,ALB,toro_rosso,13,R,,0.0,59,Collision damage,1,0
2019,7,2019-06-09,Canadian Grand Prix,villeneuve,bottas,BOT,mercedes,6,4,4.0,13.0,70,Finished,0,0
2019,7,2019-06-09,Canadian Grand Prix,villeneuve,gasly,GAS,red_bull,5,8,8.0,4.0,69,+1 Lap,0,0
2019,7,2019-06-09,Canadian Grand Prix,villeneuve,giovinazzi,GIO,alfa,12,13,13.0,0.0,69,+1 Lap,0,0
2019,7,2019-06-09,Canadian Grand Prix,villeneuve,grosjean,GRO,haas,14,14,14.0,0.0,69,+1 Lap,0,0
2019,7,2019-06-09,Canadian Grand Prix,villeneuve,hamilton,HAM,mercedes,2,1,1.0,25.0,70,Finished,0,1
2019,7,2019-06-09,Canadian Grand Prix,villeneuve,hulkenberg,HUL,renault,7,7,7.0,6.0,69,+1 Lap,0,0
2019,7,2019-06-09,Canadian Grand Prix,villeneuve,kevin_magnussen,MAG,haas,0,17,17.0,0.0,68,+2 Laps,0,0
2019,7,2019-06-09,Canadian Grand Prix,villeneuve,kubica,KUB,williams,19,18,18.0,0.0,67,+3 Laps,0,0
2019,7,2019-06-09,Canadian Grand Prix,villeneuve,kvyat,KVY,toro_rosso,10,10,10.0,1.0,69,+1 Lap,0,0
2019,7,2019-06-09,Canadian Grand Prix,villeneuve,leclerc,LEC,ferrari,3,3,3.0,15.0,70,Finished,0,0
2019,7,2019-06-09,Canadian Grand Prix,villeneuve,max_verstappen,VER,red_bull,9,5,5.0,10.0,70,Finished,0,0
2019,7,2019-06-09,Canadian Grand Prix,villeneuve,norris,NOR,mclaren,8,R,,0.0,8,Suspension,1,0
2019,7,2019-06-09,Canadian Grand Prix,villeneuve,perez,PER,racing_point,15,12,12.0,0.0,69,+1 Lap,0,0
2019,7,2019-06-09,Canadian Grand Prix,villeneuve,raikkonen,RAI,alfa,16,15,15.0,0.0,69,+1 Lap,0,0
2019,7,2019-06-09,Canadian Grand Prix,villeneuve,ricciardo,RIC,renault,4,6,6.0,8.0,69,+1 Lap,0,0
2019,7,2019-06-09,Canadian Grand Prix,villeneuve,russell,RUS,williams,18,16,16.0,0.0,68,+2 Laps,0,0
2019,7,2019-06-09,Canadian Grand Prix,villeneuve,sainz,SAI,mclaren,11,11,11.0,0.0,69,+1 Lap,0,0
2019,7,2019-06-09,Canadian Grand Prix,villeneuve,stroll,STR,racing_point,17,9,9.0,2.0,69,+1 Lap,0,0
2019,7,2019-06-09,Canadian Grand Prix,villeneuve,vettel,VET,ferrari,1,2,2.0,18.0,70,Finished,0,0
2019,8,2019-06-23,French Grand Prix,ricard,albon,ALB,toro_rosso,11,15,15.0,0.0,52,+1 Lap,0,0
2019,8,2019-06-23,French Grand Prix,ricard,bottas,BOT,mercedes,2,2,2.0,18.0,53,Finished,0,0
2019,8,2019-06-23,French Grand Prix,ricard,gasly,GAS,red_bull,9,10,10.0,1.0,52,+1 Lap,0,0
2019,8,2019-06-23,French Grand Prix,ricard,giovinazzi,GIO,alfa,10,16,16.0,0.0,52,+1 Lap,0,0
2019,8,2019-06-23,French Grand Prix,ricard,grosjean,GRO,haas,16,20,20.0,0.0,44,Retired,0,0
2019,8,2019-06-23,French Grand Prix,ricard,hamilton,HAM,mercedes,1,1,1.0,25.0,53,Finished,0,1
2019,8,2019-06-23,French Grand Prix,ricard,hulkenberg,HUL,renault,13,8,8.0,4.0,52,+1 Lap,0,0
2019,8,2019-06-23,French Grand Prix,ricard,kevin_magnussen,MAG,haas,15,17,17.0,0.0,52,+1 Lap,0,0
2019,8,2019-06-23,French Grand Prix,ricard,kubica,KUB,williams,18,18,18.0,0.0,51,+2 Laps,0,0
2019,8,2019-06-23,French Grand Prix,ricard,kvyat,KVY,toro_rosso,19,14,14.0,0.0,52,+1 Lap,0,0
2019,8,2019-06-23,French Grand Prix,ricard,leclerc,LEC,ferrari,3,3,3.0,15.0,53,Finished,0,0
2019,8,2019-06-23,French Grand Prix,ricard,max_verstappen,VER,red_bull,4,4,4.0,12.0,53,Finished,0,0
2019,8,2019-06-23,French Grand Prix,ricard,norris,NOR,mclaren,5,9,9.0,2.0,52,+1 Lap,0,0
2019,8,2019-06-23,French Grand Prix,ricard,perez,PER,racing_point,14,12,12.0,0.0,52,+1 Lap,0,0
2019,8,2019-06-23,French Grand Prix,ricard,raikkonen,RAI,alfa,12,7,7.0,6.0,52,+1 Lap,0,0
2019,8,2019-06-23,French Grand Prix,ricard,ricciardo,RIC,renault,8,11,11.0,0.0,52,+1 Lap,0,0
2019,8,2019-06-23,French Grand Prix,ricard,russell,RUS,williams,20,19,19.0,0.0,51,+2 Laps,0,0
2019,8,2019-06-23,French Grand Prix,ricard,sainz,SAI,mclaren,6,6,6.0,8.0,53,Finished,0,0
2019,8,2019-06-23,French Grand Prix,ricard,stroll,STR,racing_point,17,13,13.0,0.0,52,+1 Lap,0,0
2019,8,2019-06-23,French Grand Prix,ricard,vettel,VET,ferrari,7,5,5.0,11.0,53,Finished,0,0
2019,9,2019-06-30,Austrian Grand Prix,red_bull_ring,albon,ALB,toro_rosso,18,15,15.0,0.0,70,+1 Lap,0,0
2019,9,2019-06-30,Austrian Grand Prix,red_bull_ring,bottas,BOT,mercedes,3,3,3.0,15.0,71,Finished,0,0
2019,9,2019-06-30,Austrian Grand Prix,red_bull_ring,gasly,GAS,red_bull,8,7,7.0,6.0,70,+1 Lap,0,0
2019,9,2019-06-30,Austrian Grand Prix,red_bull_ring,giovinazzi,GIO,alfa,7,10,10.0,1.0,70,+1 Lap,0,0
2019,9,2019-06-30,Austrian Grand Prix,red_bull_ring,grosjean,GRO,haas,11,16,16.0,0.0,70,+1 Lap,0,0
2019,9,2019-06-30,Austrian Grand Prix,red_bull_ring,hamilton,HAM,mercedes,4,5,5.0,10.0,71,Finished,0,0
2019,9,2019-06-30,Austrian Grand Prix,red_bull_ring,hulkenberg,HUL,renault,15,13,13.0,0.0,70,+1 Lap,0,0
2019,9,2019-06-30,Austrian Grand Prix,red_bull_ring,kevin_magnussen,MAG,haas,10,19,19.0,0.0,69,+2 Laps,0,0
2019,9,2019-06-30,Austrian Grand Prix,red_bull_ring,kubica,KUB,williams,17,20,20.0,0.0,68,+3 Laps,0,0
2019,9,2019-06-30,Austrian Grand Prix,red_bull_ring,kvyat,KVY,toro_rosso,16,17,17.0,0.0,70,+1 Lap,0,0
2019,9,2019-06-30,Austrian Grand Prix,red_bull_ring,leclerc,LEC,ferrari,1,2,2.0,18.0,71,Finished,0,0
2019,9,2019-06-30,Austrian Grand Prix,red_bull_ring,max_verstappen,VER,red_bull,2,1,1.0,26.0,71,Finished,0,1
2019,9,2019-06-30,Austrian Grand Prix,red_bull_ring,norris,NOR,mclaren,5,6,6.0,8.0,70,+1 Lap,0,0
2019,9,2019-06-30,Austrian Grand Prix,red_bull_ring,perez,PER,racing_point,13,11,11.0,0.0,70,+1 Lap,0,0
2019,9,2019-06-30,Austrian Grand Prix,red_bull_ring,raikkonen,RAI,alfa,6,9,9.0,2.0,70,+1 Lap,0,0
2019,9,2019-06-30,Austrian Grand Prix,red_bull_ring,ricciardo,RIC,renault,12,12,12.0,0.0,70,+1 Lap,0,0
2019,9,2019-06-30,Austrian Grand Prix,red_bull_ring,russell,RUS,williams,0,18,18.0,0.0,69,+2 Laps,0,0
2019,9,2019-06-30,Austrian Grand Prix,red_bull_ring,sainz,SAI,mclaren,19,8,8.0,4.0,70,+1 Lap,0,0
2019,9,2019-06-30,Austrian Grand Prix,red_bull_ring,stroll,STR,racing_point,14,14,14.0,0.0,70,+1 Lap,0,0
2019,9,2019-06-30,Austrian Grand Prix,red_bull_ring,vettel,VET,ferrari,9,4,4.0,12.0,71,Finished,0,0
2019,10,2019-07-14,British Grand Prix,silverstone,albon,ALB,toro_rosso,9,12,12.0,0.0,52,Finished,0,0
2019,10,2019-07-14,British Grand Prix,silverstone,bottas,BOT,mercedes,1,2,2.0,18.0,52,Finished,0,0
2019,10,2019-07-14,British Grand Prix,silverstone,gasly,GAS,red_bull,5,4,4.0,12.0,52,Finished,0,0
2019,10,2019-07-14,British Grand Prix,silverstone,giovinazzi,GIO,alfa,11,R,,0.0,18,Spun off,1,0
2019,10,2019-07-14,British Grand Prix,silverstone,grosjean,GRO,haas,14,R,,0.0,9,Collision,1,0
2019,10,2019-07-14,British Grand Prix,silverstone,hamilton,HAM,mercedes,2,1,1.0,26.0,52,Finished,0,1
2019,10,2019-07-14,British Grand Prix,silverstone,hulkenberg,HUL,renault,10,10,10.0,1.0,52,Finished,0,0
2019,10,2019-07-14,British Grand Prix,silverstone,kevin_magnussen,MAG,haas,16,R,,0.0,6,Collision,1,0
2019,10,2019-07-14,British Grand Prix,silverstone,kubica,KUB,williams,20,15,15.0,0.0,51,+1 Lap,0,0
2019,10,2019-07-14,British Grand Prix,silverstone,kvyat,KVY,toro_rosso,17,9,9.0,2.0,52,Finished,0,0
2019,10,2019-07-14,British Grand Prix,silverstone,leclerc,LEC,ferrari,3,3,3.0,15.0,52,Finished,0,0
2019,10,2019-07-14,British Grand Prix,silverstone,max_verstappen,VER,red_bull,4,5,5.0,10.0,52,Finished,0,0
2019,10,2019-07-14,British Grand Prix,silverstone,norris,NOR,mclaren,8,11,11.0,0.0,52,Finished,0,0
2019,10,2019-07-14,British Grand Prix,silverstone,perez,PER,racing_point,15,17,17.0,0.0,51,+1 Lap,0,0
2019,10,2019-07-14,British Grand Prix,silverstone,raikkonen,RAI,alfa,12,8,8.0,4.0,52,Finished,0,0
2019,10,2019-07-14,British Grand Prix,silverstone,ricciardo,RIC,renault,7,7,7.0,6.0,52,Finished,0,0
2019,10,2019-07-14,British Grand Prix,silverstone,russell,RUS,williams,19,14,14.0,0.0,51,+1 Lap,0,0
2019,10,2019-07-14,British Grand Prix,silverstone,sainz,SAI,mclaren,13,6,6.0,8.0,52,Finished,0,0
2019,10,2019-07-14,British Grand Prix,silverstone,stroll,STR,racing_point,18,13,13.0,0.0,52,Finished,0,0
2019,10,2019-07-14,British Grand Prix,silverstone,vettel,VET,ferrari,6,16,16.0,0.0,51,+1 Lap,0,0
2019,11,2019-07-28,German Grand Prix,hockenheimring,albon,ALB,toro_rosso,16,6,6.0,8.0,64,Finished,0,0
2019,11,2019-07-28,German Grand Prix,hockenheimring,bottas,BOT,mercedes,3,R,,0.0,56,Accident,1,0
2019,11,2019-07-28,German Grand Prix,hockenheimring,gasly,GAS,red_bull,4,14,14.0,0.0,61,Collision,0,0
2019,11,2019-07-28,German Grand Prix,hockenheimring,giovinazzi,GIO,alfa,11,13,13.0,0.0,64,Finished,0,0
2019,11,2019-07-28,German Grand Prix,hockenheimring,grosjean,GRO,haas,6,7,7.0,6.0,64,Finished,0,0
2019,11,2019-07-28,German Grand Prix,hockenheimring,hamilton,HAM,mercedes,1,9,9.0,2.0,64,Finished,0,0
2019,11,2019-07-28,German Grand Prix,hockenheimring,hulkenberg,HUL,renault,9,R,,0.0,39,Accident,1,0
2019,11,2019-07-28,German Grand Prix,hockenheimring,kevin_magnussen,MAG,haas,12,8,8.0,4.0,64,Finished,0,0
2019,11,2019-07-28,German Grand Prix,hockenheimring,kubica,KUB,williams,18,10,10.0,1.0,64,Finished,0,0
2019,11,2019-07-28,German Grand Prix,hockenheimring,kvyat,KVY,toro_rosso,14,3,3.0,15.0,64,Finished,0,0
2019,11,2019-07-28,German Grand Prix,hockenheimring,leclerc,LEC,ferrari,10,R,,0.0,27,Accident,1,0
2019,11,2019-07-28,German Grand Prix,hockenheimring,max_verstappen,VER,red_bull,2,1,1.0,26.0,64,Finished,0,1
2019,11,2019-07-28,German Grand Prix,hockenheimring,norris,NOR,mclaren,19,R,,0.0,25,Power loss,1,0
2019,11,2019-07-28,German Grand Prix,hockenheimring,perez,PER,racing_point,8,R,,0.0,1,Spun off,1,0
2019,11,2019-07-28,German Grand Prix,hockenheimring,raikkonen,RAI,alfa,5,12,12.0,0.0,64,Finished,0,0
2019,11,2019-07-28,German Grand Prix,hockenheimring,ricciardo,RIC,renault,13,R,,0.0,13,Exhaust,1,0
2019,11,2019-07-28,German Grand Prix,hockenheimring,russell,RUS,williams,17,11,11.0,0.0,64,Finished,0,0
2019,11,2019-07-28,German Grand Prix,hockenheimring,sainz,SAI,mclaren,7,5,5.0,10.0,64,Finished,0,0
2019,11,2019-07-28,German Grand Prix,hockenheimring,stroll,STR,racing_point,15,4,4.0,12.0,64,Finished,0,0
2019,11,2019-07-28,German Grand Prix,hockenheimring,vettel,VET,ferrari,20,2,2.0,18.0,64,Finished,0,0
2019,12,2019-08-04,Hungarian Grand Prix,hungaroring,albon,ALB,toro_rosso,12,10,10.0,1.0,69,+1 Lap,0,0
2019,12,2019-08-04,Hungarian Grand Prix,hungaroring,bottas,BOT,mercedes,2,8,8.0,4.0,69,+1 Lap,0,0
2019,12,2019-08-04,Hungarian Grand Prix,hungaroring,gasly,GAS,red_bull,6,6,6.0,8.0,69,+1 Lap,0,0
2019,12,2019-08-04,Hungarian Grand Prix,hungaroring,giovinazzi,GIO,alfa,17,18,18.0,0.0,68,+2 Laps,0,0
2019,12,2019-08-04,Hungarian Grand Prix,hungaroring,grosjean,GRO,haas,9,R,,0.0,49,Water pressure,1,0
2019,12,2019-08-04,Hungarian Grand Prix,hungaroring,hamilton,HAM,mercedes,3,1,1.0,25.0,70,Finished,0,1
2019,12,2019-08-04,Hungarian Grand Prix,hungaroring,hulkenberg,HUL,renault,11,12,12.0,0.0,69,+1 Lap,0,0
2019,12,2019-08-04,Hungarian Grand Prix,hungaroring,kevin_magnussen,MAG,haas,14,13,13.0,0.0,69,+1 Lap,0,0
2019,12,2019-08-04,Hungarian Grand Prix,hungaroring,kubica,KUB,williams,19,19,19.0,0.0,67,+3 Laps,0,0
2019,12,2019-08-04,Hungarian Grand Prix,hungaroring,kvyat,KVY,toro_rosso,13,15,15.0,0.0,68,+2 Laps,0,0
2019,12,2019-08-04,Hungarian Grand Prix,hungaroring,leclerc,LEC,ferrari,4,4,4.0,12.0,70,Finished,0,0
2019,12,2019-08-04,Hungarian Grand Prix,hungaroring,max_verstappen,VER,red_bull,1,2,2.0,19.0,70,Finished,0,0
2019,12,2019-08-04,Hungarian Grand Prix,hungaroring,norris,NOR,mclaren,7,9,9.0,2.0,69,+1 Lap,0,0
2019,12,2019-08-04,Hungarian Grand Prix,hungaroring,perez,PER,racing_point,16,11,11.0,0.0,69,+1 Lap,0,0
2019,12,2019-08-04,Hungarian Grand Prix,hungaroring,raikkonen,RAI,alfa,10,7,7.0,6.0,69,+1 Lap,0,0
2019,12,2019-08-04,Hungarian Grand Prix,hungaroring,ricciardo,RIC,renault,20,14,14.0,0.0,69,+1 Lap,0,0
2019,12,2019-08-04,Hungarian Grand Prix,hungaroring,russell,RUS,williams,15,16,16.0,0.0,68,+2 Laps,0,0
2019,12,2019-08-04,Hungarian Grand Prix,hungaroring,sainz,SAI,mclaren,8,5,5.0,10.0,69,+1 Lap,0,0
2019,12,2019-08-04,Hungarian Grand Prix,hungaroring,stroll,STR,racing_point,18,17,17.0,0.0,68,+2 Laps,0,0
2019,12,2019-08-04,Hungarian Grand Prix,hungaroring,vettel,VET,ferrari,5,3,3.0,15.0,70,Finished,0,0
2019,13,2019-09-01,Belgian Grand Prix,spa,albon,ALB,red_bull,17,5,5.0,10.0,44,Finished,0,0
2019,13,2019-09-01,Belgian Grand Prix,spa,bottas,BOT,mercedes,4,3,3.0,15.0,44,Finished,0,0
2019,13,2019-09-01,Belgian Grand Prix,spa,gasly,GAS,toro_rosso,13,9,9.0,2.0,44,Finished,0,0
2019,13,2019-09-01,Belgian Grand Prix,spa,giovinazzi,GIO,alfa,18,18,18.0,0.0,42,Accident,0,0
2019,13,2019-09-01,Belgian Grand Prix,spa,grosjean,GRO,haas,9,13,13.0,0.0,43,+1 Lap,0,0
2019,13,2019-09-01,Belgian Grand Prix,spa,hamilton,HAM,mercedes,3,2,2.0,18.0,44,Finished,0,0
2019,13,2019-09-01,Belgian Grand Prix,spa,hulkenberg,HUL,renault,12,8,8.0,4.0,44,Finished,0,0
2019,13,2019-09-01,Belgian Grand Prix,spa,kevin_magnussen,MAG,haas,8,12,12.0,0.0,43,+1 Lap,0,0
2019,13,2019-09-01,Belgian Grand Prix,spa,kubica,KUB,williams,0,17,17.0,0.0,43,+1 Lap,0,0
2019,13,2019-09-01,Belgian Grand Prix,spa,kvyat,KVY,toro_rosso,19,7,7.0,6.0,44,Finished,0,0
2019,13,2019-09-01,Belgian Grand Prix,spa,leclerc,LEC,ferrari,1,1,1.0,25.0,44,Finished,0,1
2019,13,2019-09-01,Belgian Grand Prix,spa,max_verstappen,VER,red_bull,5,R,,0.0,0,Accident,1,0
2019,13,2019-09-01,Belgian Grand Prix,spa,norris,NOR,mclaren,11,11,11.0,0.0,43,Engine,0,0
2019,13,2019-09-01,Belgian Grand Prix,spa,perez,PER,racing_point,7,6,6.0,8.0,44,Finished,0,0
2019,13,2019-09-01,Belgian Grand Prix,spa,raikkonen,RAI,alfa,6,16,16.0,0.0,43,+1 Lap,0,0
2019,13,2019-09-01,Belgian Grand Prix,spa,ricciardo,RIC,renault,10,14,14.0,0.0,43,+1 Lap,0,0
2019,13,2019-09-01,Belgian Grand Prix,spa,russell,RUS,williams,14,15,15.0,0.0,43,+1 Lap,0,0
2019,13,2019-09-01,Belgian Grand Prix,spa,sainz,SAI,mclaren,15,R,,0.0,1,Power loss,1,0
2019,13,2019-09-01,Belgian Grand Prix,spa,stroll,STR,racing_point,16,10,10.0,1.0,44,Finished,0,0
2019,13,2019-09-01,Belgian Grand Prix,spa,vettel,VET,ferrari,2,4,4.0,13.0,44,Finished,0,0
2019,14,2019-09-08,Italian Grand Prix,monza,albon,ALB,red_bull,8,6,6.0,8.0,53,Finished,0,0
2019,14,2019-09-08,Italian Grand Prix,monza,bottas,BOT,mercedes,3,2,2.0,18.0,53,Finished,0,0
2019,14,2019-09-08,Italian Grand Prix,monza,gasly,GAS,toro_rosso,17,11,11.0,0.0,52,+1 Lap,0,0
2019,14,2019-09-08,Italian Grand Prix,monza,giovinazzi,GIO,alfa,10,9,9.0,2.0,52,+1 Lap,0,0
2019,14,2019-09-08,Italian Grand Prix,monza,grosjean,GRO,haas,13,16,16.0,0.0,52,+1 Lap,0,0
2019,14,2019-09-08,Italian Grand Prix,monza,hamilton,HAM,mercedes,2,3,3.0,16.0,53,Finished,0,0
2019,14,2019-09-08,Italian Grand Prix,monza,hulkenberg,HUL,renault,6,5,5.0,10.0,53,Finished,0,0
2019,14,2019-09-08,Italian Grand Prix,monza,kevin_magnussen,MAG,haas,11,R,,0.0,43,Hydraulics,1,0
2019,14,2019-09-08,Italian Grand Prix,monza,kubica,KUB,williams,15,17,17.0,0.0,51,+2 Laps,0,0
2019,14,2019-09-08,Italian Grand Prix,monza,kvyat,KVY,toro_rosso,12,R,,0.0,29,Engine,1,0
2019,14,2019-09-08,Italian Grand Prix,monza,leclerc,LEC,ferrari,1,1,1.0,25.0,53,Finished,0,1
2019,14,2019-09-08,Italian Grand Prix,monza,max_verstappen,VER,red_bull,19,8,8.0,4.0,53,Finished,0,0
2019,14,2019-09-08,Italian Grand Prix,monza,norris,NOR,mclaren,16,10,10.0,1.0,52,+1 Lap,0,0
2019,14,2019-09-08,Italian Grand Prix,monza,perez,PER,racing_point,18,7,7.0,6.0,53,Finished,0,0
2019,14,2019-09-08,Italian Grand Prix,monza,raikkonen,RAI,alfa,0,15,15.0,0.0,52,+1 Lap,0,0
2019,14,2019-09-08,Italian Grand Prix,monza,ricciardo,RIC,renault,5,4,4.0,12.0,53,Finished,0,0
2019,14,2019-09-08,Italian Grand Prix,monza,russell,RUS,williams,14,14,14.0,0.0,52,+1 Lap,0,0
2019,14,2019-09-08,Italian Grand Prix,monza,sainz,SAI,mclaren,7,R,,0.0,27,Wheel,1,0
2019,14,2019-09-08,Italian Grand Prix,monza,stroll,STR,racing_point,9,12,12.0,0.0,52,+1 Lap,0,0
2019,14,2019-09-08,Italian Grand Prix,monza,vettel,VET,ferrari,4,13,13.0,0.0,52,+1 Lap,0,0
2019,15,2019-09-22,Singapore Grand Prix,marina_bay,albon,ALB,red_bull,6,6,6.0,8.0,61,Finished,0,0
2019,15,2019-09-22,Singapore Grand Prix,marina_bay,bottas,BOT,mercedes,5,5,5.0,10.0,61,Finished,0,0
2019,15,2019-09-22,Singapore Grand Prix,marina_bay,gasly,GAS,toro_rosso,11,8,8.0,4.0,61,Finished,0,0
2019,15,2019-09-22,Singapore Grand Prix,marina_bay,giovinazzi,GIO,alfa,10,10,10.0,1.0,61,Finished,0,0
2019,15,2019-09-22,Singapore Grand Prix,marina_bay,grosjean,GRO,haas,17,11,11.0,0.0,61,Finished,0,0
2019,15,2019-09-22,Singapore Grand Prix,marina_bay,hamilton,HAM,mercedes,2,4,4.0,12.0,61,Finished,0,0
2019,15,2019-09-22,Singapore Grand Prix,marina_bay,hulkenberg,HUL,renault,8,9,9.0,2.0,61,Finished,0,0
2019,15,2019-09-22,Singapore Grand Prix,marina_bay,kevin_magnussen,MAG,haas,13,17,17.0,0.0,61,Finished,0,0
2019,15,2019-09-22,Singapore Grand Prix,marina_bay,kubica,KUB,williams,19,16,16.0,0.0,61,Finished,0,0
2019,15,2019-09-22,Singapore Grand Prix,marina_bay,kvyat,KVY,toro_rosso,14,15,15.0,0.0,61,Finished,0,0
2019,15,2019-09-22,Singapore Grand Prix,marina_bay,leclerc,LEC,ferrari,1,2,2.0,18.0,61,Finished,0,0
2019,15,2019-09-22,Singapore Grand Prix,marina_bay,max_verstappen,VER,red_bull,4,3,3.0,15.0,61,Finished,0,0
2019,15,2019-09-22,Singapore Grand Prix,marina_bay,norris,NOR,mclaren,9,7,7.0,6.0,61,Finished,0,0
2019,15,2019-09-22,Singapore Grand Prix,marina_bay,perez,PER,racing_point,15,R,,0.0,42,Engine,1,0
2019,15,2019-09-22,Singapore Grand Prix,marina_bay,raikkonen,RAI,alfa,12,R,,0.0,49,Collision,1,0
2019,15,2019-09-22,Singapore Grand Prix,marina_bay,ricciardo,RIC,renault,20,14,14.0,0.0,61,Finished,0,0
2019,15,2019-09-22,Singapore Grand Prix,marina_bay,russell,RUS,williams,18,R,,0.0,34,Collision,1,0
2019,15,2019-09-22,Singapore Grand Prix,marina_bay,sainz,SAI,mclaren,7,12,12.0,0.0,61,Finished,0,0
2019,15,2019-09-22,Singapore Grand Prix,marina_bay,stroll,STR,racing_point,16,13,13.0,0.0,61,Finished,0,0
2019,15,2019-09-22,Singapore Grand Prix,marina_bay,vettel,VET,ferrari,3,1,1.0,25.0,61,Finished,0,1
2019,16,2019-09-29,Russian Grand Prix,sochi,albon,ALB,red_bull,0,5,5.0,10.0,53,Finished,0,0
2019,16,2019-09-29,Russian Grand Prix,sochi,bottas,BOT,mercedes,4,2,2.0,18.0,53,Finished,0,0
2019,16,2019-09-29,Russian Grand Prix,sochi,gasly,GAS,toro_rosso,16,14,14.0,0.0,53,Finished,0,0
2019,16,2019-09-29,Russian Grand Prix,sochi,giovinazzi,GIO,alfa,12,15,15.0,0.0,53,Finished,0,0
2019,16,2019-09-29,Russian Grand Prix,sochi,grosjean,GRO,haas,8,R,,0.0,0,Collision,1,0
2019,16,2019-09-29,Russian Grand Prix,sochi,hamilton,HAM,mercedes,2,1,1.0,26.0,53,Finished,0,1
2019,16,2019-09-29,Russian Grand Prix,sochi,hulkenberg,HUL,renault,6,10,10.0,1.0,53,Finished,0,0
2019,16,2019-09-29,Russian Grand Prix,sochi,kevin_magnussen,MAG,haas,13,9,9.0,2.0,53,Finished,0,0
2019,16,2019-09-29,Russian Grand Prix,sochi,kubica,KUB,williams,18,R,,0.0,28,Brakes,1,0
2019,16,2019-09-29,Russian Grand Prix,sochi,kvyat,KVY,toro_rosso,19,12,12.0,0.0,53,Finished,0,0
2019,16,2019-09-29,Russian Grand Prix,sochi,leclerc,LEC,ferrari,1,3,3.0,15.0,53,Finished,0,0
2019,16,2019-09-29,Russian Grand Prix,sochi,max_verstappen,VER,red_bull,9,4,4.0,12.0,53,Finished,0,0
2019,16,2019-09-29,Russian Grand Prix,sochi,norris,NOR,mclaren,7,8,8.0,4.0,53,Finished,0,0
2019,16,2019-09-29,Russian Grand Prix,sochi,perez,PER,racing_point,11,7,7.0,6.0,53,Finished,0,0
2019,16,2019-09-29,Russian Grand Prix,sochi,raikkonen,RAI,alfa,15,13,13.0,0.0,53,Finished,0,0
2019,16,2019-09-29,Russian Grand Prix,sochi,ricciardo,RIC,renault,10,R,,0.0,24,Collision,1,0
2019,16,2019-09-29,Russian Grand Prix,sochi,russell,RUS,williams,17,R,,0.0,27,Brakes,1,0
2019,16,2019-09-29,Russian Grand Prix,sochi,sainz,SAI,mclaren,5,6,6.0,8.0,53,Finished,0,0
2019,16,2019-09-29,Russian Grand Prix,sochi,stroll,STR,racing_point,14,11,11.0,0.0,53,Finished,0,0
2019,16,2019-09-29,Russian Grand Prix,sochi,vettel,VET,ferrari,3,R,,0.0,26,Power loss,1,0
2019,17,2019-10-13,Japanese Grand Prix,suzuka,albon,ALB,red_bull,6,4,4.0,12.0,52,Finished,0,0
2019,17,2019-10-13,Japanese Grand Prix,suzuka,bottas,BOT,mercedes,3,1,1.0,25.0,52,Finished,0,1
2019,17,2019-10-13,Japanese Grand Prix,suzuka,gasly,GAS,toro_rosso,9,7,7.0,6.0,51,+1 Lap,0,0
2019,17,2019-10-13,Japanese Grand Prix,suzuka,giovinazzi,GIO,alfa,11,14,14.0,0.0,51,+1 Lap,0,0
2019,17,2019-10-13,Japanese Grand Prix,suzuka,grosjean,GRO,haas,10,13,13.0,0.0,51,+1 Lap,0,0
2019,17,2019-10-13,Japanese Grand Prix,suzuka,hamilton,HAM,mercedes,4,3,3.0,16.0,52,Finished,0,0
2019,17,2019-10-13,Japanese Grand Prix,suzuka,hulkenberg,HUL,renault,15,D,,0.0,51,Disqualified,1,0
2019,17,2019-10-13,Japanese Grand Prix,suzuka,kevin_magnussen,MAG,haas,19,15,15.0,0.0,51,+1 Lap,0,0
2019,17,2019-10-13,Japanese Grand Prix,suzuka,kubica,KUB,williams,0,17,17.0,0.0,50,+2 Laps,0,0
2019,17,2019-10-13,Japanese Grand Prix,suzuka,kvyat,KVY,toro_rosso,14,10,10.0,1.0,51,+1 Lap,0,0
2019,17,2019-10-13,Japanese Grand Prix,suzuka,leclerc,LEC,ferrari,2,6,6.0,8.0,51,+1 Lap,0,0
2019,17,2019-10-13,Japanese Grand Prix,suzuka,max_verstappen,VER,red_bull,5,R,,0.0,14,Brakes,1,0
2019,17,2019-10-13,Japanese Grand Prix,suzuka,norris,NOR,mclaren,8,11,11.0,0.0,51,+1 Lap,0,0
2019,17,2019-10-13,Japanese Grand Prix,suzuka,perez,PER,racing_point,17,8,8.0,4.0,51,+1 Lap,0,0
2019,17,2019-10-13,Japanese Grand Prix,suzuka,raikkonen,RAI,alfa,13,12,12.0,0.0,51,+1 Lap,0,0
2019,17,2019-10-13,Japanese Grand Prix,suzuka,ricciardo,RIC,renault,16,D,,0.0,51,Disqualified,1,0
2019,17,2019-10-13,Japanese Grand Prix,suzuka,russell,RUS,williams,18,16,16.0,0.0,50,+2 Laps,0,0
2019,17,2019-10-13,Japanese Grand Prix,suzuka,sainz,SAI,mclaren,7,5,5.0,10.0,52,Finished,0,0
2019,17,2019-10-13,Japanese Grand Prix,suzuka,stroll,STR,racing_point,12,9,9.0,2.0,51,+1 Lap,0,0
2019,17,2019-10-13,Japanese Grand Prix,suzuka,vettel,VET,ferrari,1,2,2.0,18.0,52,Finished,0,0
2019,18,2019-10-27,Mexican Grand Prix,rodriguez,albon,ALB,red_bull,5,5,5.0,10.0,71,Finished,0,0
2019,18,2019-10-27,Mexican Grand Prix,rodriguez,bottas,BOT,mercedes,6,3,3.0,15.0,71,Finished,0,0
2019,18,2019-10-27,Mexican Grand Prix,rodriguez,gasly,GAS,toro_rosso,10,9,9.0,2.0,70,+1 Lap,0,0
2019,18,2019-10-27,Mexican Grand Prix,rodriguez,giovinazzi,GIO,alfa,15,14,14.0,0.0,70,+1 Lap,0,0
2019,18,2019-10-27,Mexican Grand Prix,rodriguez,grosjean,GRO,haas,18,17,17.0,0.0,69,+2 Laps,0,0
2019,18,2019-10-27,Mexican Grand Prix,rodriguez,hamilton,HAM,mercedes,3,1,1.0,25.0,71,Finished,0,1
2019,18,2019-10-27,Mexican Grand Prix,rodriguez,hulkenberg,HUL,renault,12,10,10.0,1.0,70,+1 Lap,0,0
2019,18,2019-10-27,Mexican Grand Prix,rodriguez,kevin_magnussen,MAG,haas,17,15,15.0,0.0,69,+2 Laps,0,0
2019,18,2019-10-27,Mexican Grand Prix,rodriguez,kubica,KUB,williams,20,18,18.0,0.0,69,+2 Laps,0,0
2019,18,2019-10-27,Mexican Grand Prix,rodriguez,kvyat,KVY,toro_rosso,9,11,11.0,0.0,70,+1 Lap,0,0
2019,18,2019-10-27,Mexican Grand Prix,rodriguez,leclerc,LEC,ferrari,1,4,4.0,13.0,71,Finished,0,0
2019,18,2019-10-27,Mexican Grand Prix,rodriguez,max_verstappen,VER,red_bull,4,6,6.0,8.0,71,Finished,0,0
2019,18,2019-10-27,Mexican Grand Prix,rodriguez,norris,NOR,mclaren,8,W,,0.0,48,Withdrew,1,0
2019,18,2019-10-27,Mexican Grand Prix,rodriguez,perez,PER,racing_point,11,7,7.0,6.0,71,Finished,0,0
2019,18,2019-10-27,Mexican Grand Prix,rodriguez,raikkonen,RAI,alfa,14,R,,0.0,58,Overheating,1,0
2019,18,2019-10-27,Mexican Grand Prix,rodriguez,ricciardo,RIC,renault,13,8,8.0,4.0,71,Finished,0,0
2019,18,2019-10-27,Mexican Grand Prix,rodriguez,russell,RUS,williams,19,16,16.0,0.0,69,+2 Laps,0,0
2019,18,2019-10-27,Mexican Grand Prix,rodriguez,sainz,SAI,mclaren,7,13,13.0,0.0,70,+1 Lap,0,0
2019,18,2019-10-27,Mexican Grand Prix,rodriguez,stroll,STR,racing_point,16,12,12.0,0.0,70,+1 Lap,0,0
2019,18,2019-10-27,Mexican Grand Prix,rodriguez,vettel,VET,ferrari,2,2,2.0,18.0,71,Finished,0,0
2019,19,2019-11-03,United States Grand Prix,americas,albon,ALB,red_bull,6,5,5.0,10.0,56,Finished,0,0
2019,19,2019-11-03,United States Grand Prix,americas,bottas,BOT,mercedes,1,1,1.0,25.0,56,Finished,0,1
2019,19,2019-11-03,United States Grand Prix,americas,gasly,GAS,toro_rosso,10,16,16.0,0.0,54,Suspension,0,0
2019,19,2019-11-03,United States Grand Prix,americas,giovinazzi,GIO,alfa,16,14,14.0,0.0,55,+1 Lap,0,0
2019,19,2019-11-03,United States Grand Prix,americas,grosjean,GRO,haas,15,15,15.0,0.0,55,+1 Lap,0,0
2019,19,2019-11-03,United States Grand Prix,americas,hamilton,HAM,mercedes,5,2,2.0,18.0,56,Finished,0,0
2019,19,2019-11-03,United States Grand Prix,americas,hulkenberg,HUL,renault,11,9,9.0,2.0,55,+1 Lap,0,0
2019,19,2019-11-03,United States Grand Prix,americas,kevin_magnussen,MAG,haas,12,18,18.0,0.0,52,Brakes,0,0
2019,19,2019-11-03,United States Grand Prix,americas,kubica,KUB,williams,19,R,,0.0,31,Oil leak,1,0
2019,19,2019-11-03,United States Grand Prix,americas,kvyat,KVY,toro_rosso,13,12,12.0,0.0,55,+1 Lap,0,0
2019,19,2019-11-03,United States Grand Prix,americas,leclerc,LEC,ferrari,4,4,4.0,13.0,56,Finished,0,0
2019,19,2019-11-03,United States Grand Prix,americas,max_verstappen,VER,red_bull,3,3,3.0,15.0,56,Finished,0,0
2019,19,2019-11-03,United States Grand Prix,americas,norris,NOR,mclaren,8,7,7.0,6.0,56,Finished,0,0
2019,19,2019-11-03,United States Grand Prix,americas,perez,PER,racing_point,0,10,10.0,1.0,55,+1 Lap,0,0
2019,19,2019-11-03,United States Grand Prix,americas,raikkonen,RAI,alfa,17,11,11.0,0.0,55,+1 Lap,0,0
2019,19,2019-11-03,United States Grand Prix,americas,ricciardo,RIC,renault,9,6,6.0,8.0,56,Finished,0,0
2019,19,2019-11-03,United States Grand Prix,americas,russell,RUS,williams,18,17,17.0,0.0,54,+2 Laps,0,0
2019,19,2019-11-03,United States Grand Prix,americas,sainz,SAI,mclaren,7,8,8.0,4.0,55,+1 Lap,0,0
2019,19,2019-11-03,United States Grand Prix,americas,stroll,STR,racing_point,14,13,13.0,0.0,55,+1 Lap,0,0
2019,19,2019-11-03,United States Grand Prix,americas,vettel,VET,ferrari,2,R,,0.0,7,Suspension,1,0
2019,20,2019-11-17,Brazilian Grand Prix,interlagos,albon,ALB,red_bull,5,14,14.0,0.0,71,Finished,0,0
2019,20,2019-11-17,Brazilian Grand Prix,interlagos,bottas,BOT,mercedes,4,R,,0.0,51,Power Unit,1,0
2019,20,2019-11-17,Brazilian Grand Prix,interlagos,gasly,GAS,toro_rosso,6,2,2.0,18.0,71,Finished,0,0
2019,20,2019-11-17,Brazilian Grand Prix,interlagos,giovinazzi,GIO,alfa,12,5,5.0,10.0,71,Finished,0,0
2019,20,2019-11-17,Brazilian Grand Prix,interlagos,grosjean,GRO,haas,7,13,13.0,0.0,71,Finished,0,0
2019,20,2019-11-17,Brazilian Grand Prix,interlagos,hamilton,HAM,mercedes,3,7,7.0,6.0,71,Finished,0,0
2019,20,2019-11-17,Brazilian Grand Prix,interlagos,hulkenberg,HUL,renault,13,15,15.0,0.0,71,Finished,0,0
2019,20,2019-11-17,Brazilian Grand Prix,interlagos,kevin_magnussen,MAG,haas,9,11,11.0,0.0,71,Finished,0,0
2019,20,2019-11-17,Brazilian Grand Prix,interlagos,kubica,KUB,williams,19,16,16.0,0.0,70,+1 Lap,0,0
2019,20,2019-11-17,Brazilian Grand Prix,interlagos,kvyat,KVY,toro_rosso,16,10,10.0,1.0,71,Finished,0,0
2019,20,2019-11-17,Brazilian Grand Prix,interlagos,leclerc,LEC,ferrari,14,18,18.0,0.0,65,Collision,0,0
2019,20,2019-11-17,Brazilian Grand Prix,interlagos,max_verstappen,VER,red_bull,1,1,1.0,25.0,71,Finished,0,1
2019,20,2019-11-17,Brazilian Grand Prix,interlagos,norris,NOR,mclaren,10,8,8.0,4.0,71,Finished,0,0
2019,20,2019-11-17,Brazilian Grand Prix,interlagos,perez,PER,racing_point,15,9,9.0,2.0,71,Finished,0,0
2019,20,2019-11-17,Brazilian Grand Prix,interlagos,raikkonen,RAI,alfa,8,4,4.0,12.0,71,Finished,0,0
2019,20,2019-11-17,Brazilian Grand Prix,interlagos,ricciardo,RIC,renault,11,6,6.0,8.0,71,Finished,0,0
2019,20,2019-11-17,Brazilian Grand Prix,interlagos,russell,RUS,williams,18,12,12.0,0.0,71,Finished,0,0
2019,20,2019-11-17,Brazilian Grand Prix,interlagos,sainz,SAI,mclaren,20,3,3.0,15.0,71,Finished,0,0
2019,20,2019-11-17,Brazilian Grand Prix,interlagos,stroll,STR,racing_point,17,19,19.0,0.0,65,Suspension,0,0
2019,20,2019-11-17,Brazilian Grand Prix,interlagos,vettel,VET,ferrari,2,17,17.0,0.0,65,Collision,0,0
2019,21,2019-12-01,Abu Dhabi Grand Prix,yas_marina,albon,ALB,red_bull,5,6,6.0,8.0,55,Finished,0,0
2019,21,2019-12-01,Abu Dhabi Grand Prix,yas_marina,bottas,BOT,mercedes,20,4,4.0,12.0,55,Finished,0,0
2019,21,2019-12-01,Abu Dhabi Grand Prix,yas_marina,gasly,GAS,toro_rosso,11,18,18.0,0.0,53,+2 Laps,0,0
2019,21,2019-12-01,Abu Dhabi Grand Prix,yas_marina,giovinazzi,GIO,alfa,16,16,16.0,0.0,54,+1 Lap,0,0
2019,21,2019-12-01,Abu Dhabi Grand Prix,yas_marina,grosjean,GRO,haas,15,15,15.0,0.0,54,+1 Lap,0,0
2019,21,2019-12-01,Abu Dhabi Grand Prix,yas_marina,hamilton,HAM,mercedes,1,1,1.0,26.0,55,Finished,0,1
2019,21,2019-12-01,Abu Dhabi Grand Prix,yas_marina,hulkenberg,HUL,renault,9,12,12.0,0.0,54,+1 Lap,0,0
2019,21,2019-12-01,Abu Dhabi Grand Prix,yas_marina,kevin_magnussen,MAG,haas,14,14,14.0,0.0,54,+1 Lap,0,0
2019,21,2019-12-01,Abu Dhabi Grand Prix,yas_marina,kubica,KUB,williams,19,19,19.0,0.0,53,+2 Laps,0,0
2019,21,2019-12-01,Abu Dhabi Grand Prix,yas_marina,kvyat,KVY,toro_rosso,13,9,9.0,2.0,54,+1 Lap,0,0
2019,21,2019-12-01,Abu Dhabi Grand Prix,yas_marina,leclerc,LEC,ferrari,3,3,3.0,15.0,55,Finished,0,0
2019,21,2019-12-01,Abu Dhabi Grand Prix,yas_marina,max_verstappen,VER,red_bull,2,2,2.0,18.0,55,Finished,0,0
2019,21,2019-12-01,Abu Dhabi Grand Prix,yas_marina,norris,NOR,mclaren,6,8,8.0,4.0,54,+1 Lap,0,0
2019,21,2019-12-01,Abu Dhabi Grand Prix,yas_marina,perez,PER,racing_point,10,7,7.0,6.0,54,+1 Lap,0,0
2019,21,2019-12-01,Abu Dhabi Grand Prix,yas_marina,raikkonen,RAI,alfa,17,13,13.0,0.0,54,+1 Lap,0,0
2019,21,2019-12-01,Abu Dhabi Grand Prix,yas_marina,ricciardo,RIC,renault,7,11,11.0,0.0,54,+1 Lap,0,0
2019,21,2019-12-01,Abu Dhabi Grand Prix,yas_marina,russell,RUS,williams,18,17,17.0,0.0,54,+1 Lap,0,0
2019,21,2019-12-01,Abu Dhabi Grand Prix,yas_marina,sainz,SAI,mclaren,8,10,10.0,1.0,54,+1 Lap,0,0
2019,21,2019-12-01,Abu Dhabi Grand Prix,yas_marina,stroll,STR,racing_point,12,R,,0.0,45,Brakes,1,0
2019,21,2019-12-01,Abu Dhabi Grand Prix,yas_marina,vettel,VET,ferrari,4,5,5.0,10.0,55,Finished,0,0
2020,1,2020-07-05,Austrian Grand Prix,red_bull_ring,albon,ALB,red_bull,4,13,13.0,0.0,67,Electronics,0,0
2020,1,2020-07-05,Austrian Grand Prix,red_bull_ring,bottas,BOT,mercedes,1,1,1.0,25.0,71,Finished,0,1
2020,1,2020-07-05,Austrian Grand Prix,red_bull_ring,gasly,GAS,alphatauri,12,7,7.0,6.0,71,Finished,0,0
2020,1,2020-07-05,Austrian Grand Prix,red_bull_ring,giovinazzi,GIO,alfa,18,9,9.0,2.0,71,Finished,0,0
2020,1,2020-07-05,Austrian Grand Prix,red_bull_ring,grosjean,GRO,haas,15,R,,0.0,49,Brakes,1,0
2020,1,2020-07-05,Austrian Grand Prix,red_bull_ring,hamilton,HAM,mercedes,5,4,4.0,12.0,71,Finished,0,0
2020,1,2020-07-05,Austrian Grand Prix,red_bull_ring,kevin_magnussen,MAG,haas,16,R,,0.0,24,Brakes,1,0
2020,1,2020-07-05,Austrian Grand Prix,red_bull_ring,kvyat,KVY,alphatauri,13,12,12.0,0.0,69,Suspension,0,0
2020,1,2020-07-05,Austrian Grand Prix,red_bull_ring,latifi,LAT,williams,20,11,11.0,0.0,71,Finished,0,0
2020,1,2020-07-05,Austrian Grand Prix,red_bull_ring,leclerc,LEC,ferrari,7,2,2.0,18.0,71,Finished,0,0
2020,1,2020-07-05,Austrian Grand Prix,red_bull_ring,max_verstappen,VER,red_bull,2,R,,0.0,11,Electronics,1,0
2020,1,2020-07-05,Austrian Grand Prix,red_bull_ring,norris,NOR,mclaren,3,3,3.0,16.0,71,Finished,0,0
2020,1,2020-07-05,Austrian Grand Prix,red_bull_ring,ocon,OCO,renault,14,8,8.0,4.0,71,Finished,0,0
2020,1,2020-07-05,Austrian Grand Prix,red_bull_ring,perez,PER,racing_point,6,6,6.0,8.0,71,Finished,0,0
2020,1,2020-07-05,Austrian Grand Prix,red_bull_ring,raikkonen,RAI,alfa,19,R,,0.0,53,Wheel,1,0
2020,1,2020-07-05,Austrian Grand Prix,red_bull_ring,ricciardo,RIC,renault,10,R,,0.0,17,Overheating,1,0
2020,1,2020-07-05,Austrian Grand Prix,red_bull_ring,russell,RUS,williams,17,R,,0.0,49,Fuel pressure,1,0
2020,1,2020-07-05,Austrian Grand Prix,red_bull_ring,sainz,SAI,mclaren,8,5,5.0,10.0,71,Finished,0,0
2020,1,2020-07-05,Austrian Grand Prix,red_bull_ring,stroll,STR,racing_point,9,R,,0.0,20,Engine,1,0
2020,1,2020-07-05,Austrian Grand Prix,red_bull_ring,vettel,VET,ferrari,11,10,10.0,1.0,71,Finished,0,0
2020,2,2020-07-12,Styrian Grand Prix,red_bull_ring,albon,ALB,red_bull,6,4,4.0,12.0,71,Finished,0,0
2020,2,2020-07-12,Styrian Grand Prix,red_bull_ring,bottas,BOT,mercedes,4,2,2.0,18.0,71,Finished,0,0
2020,2,2020-07-12,Styrian Grand Prix,red_bull_ring,gasly,GAS,alphatauri,7,15,15.0,0.0,70,+1 Lap,0,0
2020,2,2020-07-12,Styrian Grand Prix,red_bull_ring,giovinazzi,GIO,alfa,19,14,14.0,0.0,70,+1 Lap,0,0
2020,2,2020-07-12,Styrian Grand Prix,red_bull_ring,grosjean,GRO,haas,0,13,13.0,0.0,70,+1 Lap,0,0
2020,2,2020-07-12,Styrian Grand Prix,red_bull_ring,hamilton,HAM,mercedes,1,1,1.0,25.0,71,Finished,0,1
2020,2,2020-07-12,Styrian Grand Prix,red_bull_ring,kevin_magnussen,MAG,haas,15,12,12.0,0.0,70,+1 Lap,0,0
2020,2,2020-07-12,Styrian Grand Prix,red_bull_ring,kvyat,KVY,alphatauri,13,10,10.0,1.0,70,+1 Lap,0,0
2020,2,2020-07-12,Styrian Grand Prix,red_bull_ring,latifi,LAT,williams,18,17,17.0,0.0,69,+2 Laps,0,0
2020,2,2020-07-12,Styrian Grand Prix,red_bull_ring,leclerc,LEC,ferrari,14,R,,0.0,4,Collision damage,1,0
2020,2,2020-07-12,Styrian Grand Prix,red_bull_ring,max_verstappen,VER,red_bull,2,3,3.0,15.0,71,Finished,0,0
2020,2,2020-07-12,Styrian Grand Prix,red_bull_ring,norris,NOR,mclaren,9,5,5.0,10.0,71,Finished,0,0
2020,2,2020-07-12,Styrian Grand Prix,red_bull_ring,ocon,OCO,renault,5,R,,0.0,25,Overheating,1,0
2020,2,2020-07-12,Styrian Grand Prix,red_bull_ring,perez,PER,racing_point,17,6,6.0,8.0,71,Finished,0,0
2020,2,2020-07-12,Styrian Grand Prix,red_bull_ring,raikkonen,RAI,alfa,16,11,11.0,0.0,70,+1 Lap,0,0
2020,2,2020-07-12,Styrian Grand Prix,red_bull_ring,ricciardo,RIC,renault,8,8,8.0,4.0,71,Finished,0,0
2020,2,2020-07-12,Styrian Grand Prix,red_bull_ring,russell,RUS,williams,11,16,16.0,0.0,69,+2 Laps,0,0
2020,2,2020-07-12,Styrian Grand Prix,red_bull_ring,sainz,SAI,mclaren,3,9,9.0,3.0,70,+1 Lap,0,0
2020,2,2020-07-12,Styrian Grand Prix,red_bull_ring,stroll,STR,racing_point,12,7,7.0,6.0,71,Finished,0,0
2020,2,2020-07-12,Styrian Grand Prix,red_bull_ring,vettel,VET,ferrari,10,R,,0.0,1,Collision damage,1,0
2020,3,2020-07-19,Hungarian Grand Prix,hungaroring,albon,ALB,red_bull,13,5,5.0,10.0,70,Finished,0,0
2020,3,2020-07-19,Hungarian Grand Prix,hungaroring,bottas,BOT,mercedes,2,3,3.0,15.0,70,Finished,0,0
2020,3,2020-07-19,Hungarian Grand Prix,hungaroring,gasly,GAS,alphatauri,10,R,,0.0,15,Engine,1,0
2020,3,2020-07-19,Hungarian Grand Prix,hungaroring,giovinazzi,GIO,alfa,19,17,17.0,0.0,69,+1 Lap,0,0
2020,3,2020-07-19,Hungarian Grand Prix,hungaroring,grosjean,GRO,haas,0,16,16.0,0.0,69,+1 Lap,0,0
2020,3,2020-07-19,Hungarian Grand Prix,hungaroring,hamilton,HAM,mercedes,1,1,1.0,26.0,70,Finished,0,1
2020,3,2020-07-19,Hungarian Grand Prix,hungaroring,kevin_magnussen,MAG,haas,0,10,10.0,1.0,69,+1 Lap,0,0
2020,3,2020-07-19,Hungarian Grand Prix,hungaroring,kvyat,KVY,alphatauri,17,12,12.0,0.0,69,+1 Lap,0,0
2020,3,2020-07-19,Hungarian Grand Prix,hungaroring,latifi,LAT,williams,15,19,19.0,0.0,65,+5 Laps,0,0
2020,3,2020-07-19,Hungarian Grand Prix,hungaroring,leclerc,LEC,ferrari,6,11,11.0,0.0,69,+1 Lap,0,0
2020,3,2020-07-19,Hungarian Grand Prix,hungaroring,max_verstappen,VER,red_bull,7,2,2.0,18.0,70,Finished,0,0
2020,3,2020-07-19,Hungarian Grand Prix,hungaroring,norris,NOR,mclaren,8,13,13.0,0.0,69,+1 Lap,0,0
2020,3,2020-07-19,Hungarian Grand Prix,hungaroring,ocon,OCO,renault,14,14,14.0,0.0,69,+1 Lap,0,0
2020,3,2020-07-19,Hungarian Grand Prix,hungaroring,perez,PER,racing_point,4,7,7.0,6.0,69,+1 Lap,0,0
2020,3,2020-07-19,Hungarian Grand Prix,hungaroring,raikkonen,RAI,alfa,20,15,15.0,0.0,69,+1 Lap,0,0
2020,3,2020-07-19,Hungarian Grand Prix,hungaroring,ricciardo,RIC,renault,11,8,8.0,4.0,69,+1 Lap,0,0
2020,3,2020-07-19,Hungarian Grand Prix,hungaroring,russell,RUS,williams,12,18,18.0,0.0,69,+1 Lap,0,0
2020,3,2020-07-19,Hungarian Grand Prix,hungaroring,sainz,SAI,mclaren,9,9,9.0,2.0,69,+1 Lap,0,0
2020,3,2020-07-19,Hungarian Grand Prix,hungaroring,stroll,STR,racing_point,3,4,4.0,12.0,70,Finished,0,0
2020,3,2020-07-19,Hungarian Grand Prix,hungaroring,vettel,VET,ferrari,5,6,6.0,8.0,69,+1 Lap,0,0
2020,4,2020-08-02,British Grand Prix,silverstone,albon,ALB,red_bull,12,8,8.0,4.0,52,Finished,0,0
2020,4,2020-08-02,British Grand Prix,silverstone,bottas,BOT,mercedes,2,11,11.0,0.0,52,Finished,0,0
2020,4,2020-08-02,British Grand Prix,silverstone,gasly,GAS,alphatauri,11,7,7.0,6.0,52,Finished,0,0
2020,4,2020-08-02,British Grand Prix,silverstone,giovinazzi,GIO,alfa,15,14,14.0,0.0,52,Finished,0,0
2020,4,2020-08-02,British Grand Prix,silverstone,grosjean,GRO,haas,17,16,16.0,0.0,52,Finished,0,0
2020,4,2020-08-02,British Grand Prix,silverstone,hamilton,HAM,mercedes,1,1,1.0,25.0,52,Finished,0,1
2020,4,2020-08-02,British Grand Prix,silverstone,hulkenberg,HUL,racing_point,13,W,,0.0,0,Power Unit,1,0
2020,4,2020-08-02,British Grand Prix,silverstone,kevin_magnussen,MAG,haas,14,R,,0.0,1,Collision,1,0
2020,4,2020-08-02,British Grand Prix,silverstone,kvyat,KVY,alphatauri,19,R,,0.0,11,Accident,1,0
2020,4,2020-08-02,British Grand Prix,silverstone,latifi,LAT,williams,18,15,15.0,0.0,52,Finished,0,0
2020,4,2020-08-02,British Grand Prix,silverstone,leclerc,LEC,ferrari,4,3,3.0,15.0,52,Finished,0,0
2020,4,2020-08-02,British Grand Prix,silverstone,max_verstappen,VER,red_bull,3,2,2.0,19.0,52,Finished,0,0
2020,4,2020-08-02,British Grand Prix,silverstone,norris,NOR,mclaren,5,5,5.0,10.0,52,Finished,0,0
2020,4,2020-08-02,British Grand Prix,silverstone,ocon,OCO,renault,9,6,6.0,8.0,52,Finished,0,0
2020,4,2020-08-02,British Grand Prix,silverstone,raikkonen,RAI,alfa,16,17,17.0,0.0,51,+1 Lap,0,0
2020,4,2020-08-02,British Grand Prix,silverstone,ricciardo,RIC,renault,8,4,4.0,12.0,52,Finished,0,0
2020,4,2020-08-02,British Grand Prix,silverstone,russell,RUS,williams,20,12,12.0,0.0,52,Finished,0,0
2020,4,2020-08-02,British Grand Prix,silverstone,sainz,SAI,mclaren,7,13,13.0,0.0,52,Finished,0,0
2020,4,2020-08-02,British Grand Prix,silverstone,stroll,STR,racing_point,6,9,9.0,2.0,52,Finished,0,0
2020,4,2020-08-02,British Grand Prix,silverstone,vettel,VET,ferrari,10,10,10.0,1.0,52,Finished,0,0
2020,5,2020-08-09,70th Anniversary Grand Prix,silverstone,albon,ALB,red_bull,9,5,5.0,10.0,52,Finished,0,0
2020,5,2020-08-09,70th Anniversary Grand Prix,silverstone,bottas,BOT,mercedes,1,3,3.0,15.0,52,Finished,0,0
2020,5,2020-08-09,70th Anniversary Grand Prix,silverstone,gasly,GAS,alphatauri,7,11,11.0,0.0,52,Finished,0,0
2020,5,2020-08-09,70th Anniversary Grand Prix,silverstone,giovinazzi,GIO,alfa,19,17,17.0,0.0,51,+1 Lap,0,0
2020,5,2020-08-09,70th Anniversary Grand Prix,silverstone,grosjean,GRO,haas,13,16,16.0,0.0,51,+1 Lap,0,0
2020,5,2020-08-09,70th Anniversary Grand Prix,silverstone,hamilton,HAM,mercedes,2,2,2.0,19.0,52,Finished,0,0
2020,5,2020-08-09,70th Anniversary Grand Prix,silverstone,hulkenberg,HUL,racing_point,3,7,7.0,6.0,52,Finished,0,0
2020,5,2020-08-09,70th Anniversary Grand Prix,silverstone,kevin_magnussen,MAG,haas,17,R,,0.0,43,Retired,1,0
2020,5,2020-08-09,70th Anniversary Grand Prix,silverstone,kvyat,KVY,alphatauri,16,10,10.0,1.0,52,Finished,0,0
2020,5,2020-08-09,70th Anniversary Grand Prix,silverstone,latifi,LAT,williams,18,19,19.0,0.0,51,+1 Lap,0,0
2020,5,2020-08-09,70th Anniversary Grand Prix,silverstone,leclerc,LEC,ferrari,8,4,4.0,12.0,52,Finished,0,0
2020,5,2020-08-09,70th Anniversary Grand Prix,silverstone,max_verstappen,VER,red_bull,4,1,1.0,25.0,52,Finished,0,1
2020,5,2020-08-09,70th Anniversary Grand Prix,silverstone,norris,NOR,mclaren,10,9,9.0,2.0,52,Finished,0,0
2020,5,2020-08-09,70th Anniversary Grand Prix,silverstone,ocon,OCO,renault,14,8,8.0,4.0,52,Finished,0,0
2020,5,2020-08-09,70th Anniversary Grand Prix,silverstone,raikkonen,RAI,alfa,20,15,15.0,0.0,51,+1 Lap,0,0
2020,5,2020-08-09,70th Anniversary Grand Prix,silverstone,ricciardo,RIC,renault,5,14,14.0,0.0,51,+1 Lap,0,0
2020,5,2020-08-09,70th Anniversary Grand Prix,silverstone,russell,RUS,williams,15,18,18.0,0.0,51,+1 Lap,0,0
2020,5,2020-08-09,70th Anniversary Grand Prix,silverstone,sainz,SAI,mclaren,12,13,13.0,0.0,52,Finished,0,0
2020,5,2020-08-09,70th Anniversary Grand Prix,silverstone,stroll,STR,racing_point,6,6,6.0,8.0,52,Finished,0,0
2020,5,2020-08-09,70th Anniversary Grand Prix,silverstone,vettel,VET,ferrari,11,12,12.0,0.0,52,Finished,0,0
2020,6,2020-08-16,Spanish Grand Prix,catalunya,albon,ALB,red_bull,6,8,8.0,4.0,65,+1 Lap,0,0
2020,6,2020-08-16,Spanish Grand Prix,catalunya,bottas,BOT,mercedes,2,3,3.0,16.0,66,Finished,0,0
2020,6,2020-08-16,Spanish Grand Prix,catalunya,gasly,GAS,alphatauri,10,9,9.0,2.0,65,+1 Lap,0,0
2020,6,2020-08-16,Spanish Grand Prix,catalunya,giovinazzi,GIO,alfa,20,16,16.0,0.0,65,+1 Lap,0,0
2020,6,2020-08-16,Spanish Grand Prix,catalunya,grosjean,GRO,haas,17,19,19.0,0.0,64,+2 Laps,0,0
2020,6,2020-08-16,Spanish Grand Prix,catalunya,hamilton,HAM,mercedes,1,1,1.0,25.0,66,Finished,0,1
2020,6,2020-08-16,Spanish Grand Prix,catalunya,kevin_magnussen,MAG,haas,16,15,15.0,0.0,65,+1 Lap,0,0
2020,6,2020-08-16,Spanish Grand Prix,catalunya,kvyat,KVY,alphatauri,12,12,12.0,0.0,65,+1 Lap,0,0
2020,6,2020-08-16,Spanish Grand Prix,catalunya,latifi,LAT,williams,19,18,18.0,0.0,64,+2 Laps,0,0
2020,6,2020-08-16,Spanish Grand Prix,catalunya,leclerc,LEC,ferrari,9,R,,0.0,38,Electronics,1,0
2020,6,2020-08-16,Spanish Grand Prix,catalunya,max_verstappen,VER,red_bull,3,2,2.0,18.0,66,Finished,0,0
2020,6,2020-08-16,Spanish Grand Prix,catalunya,norris,NOR,mclaren,8,10,10.0,1.0,65,+1 Lap,0,0
2020,6,2020-08-16,Spanish Grand Prix,catalunya,ocon,OCO,renault,15,13,13.0,0.0,65,+1 Lap,0,0
2020,6,2020-08-16,Spanish Grand Prix,catalunya,perez,PER,racing_point,4,5,5.0,10.0,65,+1 Lap,0,0
2020,6,2020-08-16,Spanish Grand Prix,catalunya,raikkonen,RAI,alfa,14,14,14.0,0.0,65,+1 Lap,0,0
2020,6,2020-08-16,Spanish Grand Prix,catalunya,ricciardo,RIC,renault,13,11,11.0,0.0,65,+1 Lap,0,0
2020,6,2020-08-16,Spanish Grand Prix,catalunya,russell,RUS,williams,18,17,17.0,0.0,65,+1 Lap,0,0
2020,6,2020-08-16,Spanish Grand Prix,catalunya,sainz,SAI,mclaren,7,6,6.0,8.0,65,+1 Lap,0,0
2020,6,2020-08-16,Spanish Grand Prix,catalunya,stroll,STR,racing_point,5,4,4.0,12.0,65,+1 Lap,0,0
2020,6,2020-08-16,Spanish Grand Prix,catalunya,vettel,VET,ferrari,11,7,7.0,6.0,65,+1 Lap,0,0
2020,7,2020-08-30,Belgian Grand Prix,spa,albon,ALB,red_bull,5,6,6.0,8.0,44,Finished,0,0
2020,7,2020-08-30,Belgian Grand Prix,spa,bottas,BOT,mercedes,2,2,2.0,18.0,44,Finished,0,0
2020,7,2020-08-30,Belgian Grand Prix,spa,gasly,GAS,alphatauri,12,8,8.0,4.0,44,Finished,0,0
2020,7,2020-08-30,Belgian Grand Prix,spa,giovinazzi,GIO,alfa,18,R,,0.0,9,Accident,1,0
2020,7,2020-08-30,Belgian Grand Prix,spa,grosjean,GRO,haas,17,15,15.0,0.0,44,Finished,0,0
2020,7,2020-08-30,Belgian Grand Prix,spa,hamilton,HAM,mercedes,1,1,1.0,25.0,44,Finished,0,1
2020,7,2020-08-30,Belgian Grand Prix,spa,kevin_magnussen,MAG,haas,20,17,17.0,0.0,44,Finished,0,0
2020,7,2020-08-30,Belgian Grand Prix,spa,kvyat,KVY,alphatauri,11,11,11.0,0.0,44,Finished,0,0
2020,7,2020-08-30,Belgian Grand Prix,spa,latifi,LAT,williams,19,16,16.0,0.0,44,Finished,0,0
2020,7,2020-08-30,Belgian Grand Prix,spa,leclerc,LEC,ferrari,13,14,14.0,0.0,44,Finished,0,0
2020,7,2020-08-30,Belgian Grand Prix,spa,max_verstappen,VER,red_bull,3,3,3.0,15.0,44,Finished,0,0
2020,7,2020-08-30,Belgian Grand Prix,spa,norris,NOR,mclaren,10,7,7.0,6.0,44,Finished,0,0
2020,7,2020-08-30,Belgian Grand Prix,spa,ocon,OCO,renault,6,5,5.0,10.0,44,Finished,0,0
2020,7,2020-08-30,Belgian Grand Prix,spa,perez,PER,racing_point,8,10,10.0,1.0,44,Finished,0,0
2020,7,2020-08-30,Belgian Grand Prix,spa,raikkonen,RAI,alfa,16,12,12.0,0.0,44,Finished,0,0
2020,7,2020-08-30,Belgian Grand Prix,spa,ricciardo,RIC,renault,4,4,4.0,13.0,44,Finished,0,0
2020,7,2020-08-30,Belgian Grand Prix,spa,russell,RUS,williams,15,R,,0.0,9,Debris,1,0
2020,7,2020-08-30,Belgian Grand Prix,spa,sainz,SAI,mclaren,7,W,,0.0,0,Exhaust,1,0
2020,7,2020-08-30,Belgian Grand Prix,spa,stroll,STR,racing_point,9,9,9.0,2.0,44,Finished,0,0
2020,7,2020-08-30,Belgian Grand Prix,spa,vettel,VET,ferrari,14,13,13.0,0.0,44,Finished,0,0
2020,8,2020-09-06,Italian Grand Prix,monza,albon,ALB,red_bull,9,15,15.0,0.0,53,Finished,0,0
2020,8,2020-09-06,Italian Grand Prix,monza,bottas,BOT,mercedes,2,5,5.0,10.0,53,Finished,0,0
2020,8,2020-09-06,Italian Grand Prix,monza,gasly,GAS,alphatauri,10,1,1.0,25.0,53,Finished,0,1
2020,8,2020-09-06,Italian Grand Prix,monza,giovinazzi,GIO,alfa,18,16,16.0,0.0,53,Finished,0,0
2020,8,2020-09-06,Italian Grand Prix,monza,grosjean,GRO,haas,16,12,12.0,0.0,53,Finished,0,0
2020,8,2020-09-06,Italian Grand Prix,monza,hamilton,HAM,mercedes,1,7,7.0,7.0,53,Finished,0,0
2020,8,2020-09-06,Italian Grand Prix,monza,kevin_magnussen,MAG,haas,15,R,,0.0,17,Power Unit,1,0
2020,8,2020-09-06,Italian Grand Prix,monza,kvyat,KVY,alphatauri,11,9,9.0,2.0,53,Finished,0,0
2020,8,2020-09-06,Italian Grand Prix,monza,latifi,LAT,williams,20,11,11.0,0.0,53,Finished,0,0
2020,8,2020-09-06,Italian Grand Prix,monza,leclerc,LEC,ferrari,13,R,,0.0,23,Accident,1,0
2020,8,2020-09-06,Italian Grand Prix,monza,max_verstappen,VER,red_bull,5,R,,0.0,30,Power Unit,1,0
2020,8,2020-09-06,Italian Grand Prix,monza,norris,NOR,mclaren,6,4,4.0,12.0,53,Finished,0,0
2020,8,2020-09-06,Italian Grand Prix,monza,ocon,OCO,renault,12,8,8.0,4.0,53,Finished,0,0
2020,8,2020-09-06,Italian Grand Prix,monza,perez,PER,racing_point,4,10,10.0,1.0,53,Finished,0,0
2020,8,2020-09-06,Italian Grand Prix,monza,raikkonen,RAI,alfa,14,13,13.0,0.0,53,Finished,0,0
2020,8,2020-09-06,Italian Grand Prix,monza,ricciardo,RIC,renault,7,6,6.0,8.0,53,Finished,0,0
2020,8,2020-09-06,Italian Grand Prix,monza,russell,RUS,williams,19,14,14.0,0.0,53,Finished,0,0
2020,8,2020-09-06,Italian Grand Prix,monza,sainz,SAI,mclaren,3,2,2.0,18.0,53,Finished,0,0
2020,8,2020-09-06,Italian Grand Prix,monza,stroll,STR,racing_point,8,3,3.0,15.0,53,Finished,0,0
2020,8,2020-09-06,Italian Grand Prix,monza,vettel,VET,ferrari,17,R,,0.0,6,Brakes,1,0
2020,9,2020-09-13,Tuscan Grand Prix,mugello,albon,ALB,red_bull,4,3,3.0,15.0,59,Finished,0,0
2020,9,2020-09-13,Tuscan Grand Prix,mugello,bottas,BOT,mercedes,2,2,2.0,18.0,59,Finished,0,0
2020,9,2020-09-13,Tuscan Grand Prix,mugello,gasly,GAS,alphatauri,16,R,,0.0,0,Collision,1,0
2020,9,2020-09-13,Tuscan Grand Prix,mugello,giovinazzi,GIO,alfa,17,R,,0.0,5,Collision,1,0
2020,9,2020-09-13,Tuscan Grand Prix,mugello,grosjean,GRO,haas,15,12,12.0,0.0,59,Finished,0,0
2020,9,2020-09-13,Tuscan Grand Prix,mugello,hamilton,HAM,mercedes,1,1,1.0,26.0,59,Finished,0,1
2020,9,2020-09-13,Tuscan Grand Prix,mugello,kevin_magnussen,MAG,haas,20,R,,0.0,5,Collision,1,0
2020,9,2020-09-13,Tuscan Grand Prix,mugello,kvyat,KVY,alphatauri,12,7,7.0,6.0,59,Finished,0,0
2020,9,2020-09-13,Tuscan Grand Prix,mugello,latifi,LAT,williams,19,R,,0.0,6,Collision,1,0
2020,9,2020-09-13,Tuscan Grand Prix,mugello,leclerc,LEC,ferrari,5,8,8.0,4.0,59,Finished,0,0
2020,9,2020-09-13,Tuscan Grand Prix,mugello,max_verstappen,VER,red_bull,3,R,,0.0,0,Collision,1,0
2020,9,2020-09-13,Tuscan Grand Prix,mugello,norris,NOR,mclaren,11,6,6.0,8.0,59,Finished,0,0
2020,9,2020-09-13,Tuscan Grand Prix,mugello,ocon,OCO,renault,10,R,,0.0,7,Brakes,1,0
2020,9,2020-09-13,Tuscan Grand Prix,mugello,perez,PER,racing_point,7,5,5.0,10.0,59,Finished,0,0
2020,9,2020-09-13,Tuscan Grand Prix,mugello,raikkonen,RAI,alfa,13,9,9.0,2.0,59,Finished,0,0
2020,9,2020-09-13,Tuscan Grand Prix,mugello,ricciardo,RIC,renault,8,4,4.0,12.0,59,Finished,0,0
2020,9,2020-09-13,Tuscan Grand Prix,mugello,russell,RUS,williams,18,11,11.0,0.0,59,Finished,0,0
2020,9,2020-09-13,Tuscan Grand Prix,mugello,sainz,SAI,mclaren,9,R,,0.0,5,Collision,1,0
2020,9,2020-09-13,Tuscan Grand Prix,mugello,stroll,STR,racing_point,6,R,,0.0,42,Puncture,1,0
2020,9,2020-09-13,Tuscan Grand Prix,mugello,vettel,VET,ferrari,14,10,10.0,1.0,59,Finished,0,0
2020,10,2020-09-27,Russian Grand Prix,sochi,albon,ALB,red_bull,15,10,10.0,1.0,53,Finished,0,0
2020,10,2020-09-27,Russian Grand Prix,sochi,bottas,BOT,mercedes,3,1,1.0,26.0,53,Finished,0,1
2020,10,2020-09-27,Russian Grand Prix,sochi,gasly,GAS,alphatauri,9,9,9.0,2.0,53,Finished,0,0
2020,10,2020-09-27,Russian Grand Prix,sochi,giovinazzi,GIO,alfa,17,11,11.0,0.0,52,+1 Lap,0,0
2020,10,2020-09-27,Russian Grand Prix,sochi,grosjean,GRO,haas,16,17,17.0,0.0,52,+1 Lap,0,0
2020,10,2020-09-27,Russian Grand Prix,sochi,hamilton,HAM,mercedes,1,3,3.0,15.0,53,Finished,0,0
2020,10,2020-09-27,Russian Grand Prix,sochi,kevin_magnussen,MAG,haas,18,12,12.0,0.0,52,+1 Lap,0,0
2020,10,2020-09-27,Russian Grand Prix,sochi,kvyat,KVY,alphatauri,11,8,8.0,4.0,53,Finished,0,0
2020,10,2020-09-27,Russian Grand Prix,sochi,latifi,LAT,williams,20,16,16.0,0.0,52,+1 Lap,0,0
2020,10,2020-09-27,Russian Grand Prix,sochi,leclerc,LEC,ferrari,10,6,6.0,8.0,53,Finished,0,0
2020,10,2020-09-27,Russian Grand Prix,sochi,max_verstappen,VER,red_bull,2,2,2.0,18.0,53,Finished,0,0
2020,10,2020-09-27,Russian Grand Prix,sochi,norris,NOR,mclaren,8,15,15.0,0.0,52,+1 Lap,0,0
2020,10,2020-09-27,Russian Grand Prix,sochi,ocon,OCO,renault,7,7,7.0,6.0,53,Finished,0,0
2020,10,2020-09-27,Russian Grand Prix,sochi,perez,PER,racing_point,4,4,4.0,12.0,53,Finished,0,0
2020,10,2020-09-27,Russian Grand Prix,sochi,raikkonen,RAI,alfa,19,14,14.0,0.0,52,+1 Lap,0,0
2020,10,2020-09-27,Russian Grand Prix,sochi,ricciardo,RIC,renault,5,5,5.0,10.0,53,Finished,0,0
2020,10,2020-09-27,Russian Grand Prix,sochi,russell,RUS,williams,13,18,18.0,0.0,52,+1 Lap,0,0
2020,10,2020-09-27,Russian Grand Prix,sochi,sainz,SAI,mclaren,6,R,,0.0,0,Accident,1,0
2020,10,2020-09-27,Russian Grand Prix,sochi,stroll,STR,racing_point,12,R,,0.0,0,Collision,1,0
2020,10,2020-09-27,Russian Grand Prix,sochi,vettel,VET,ferrari,14,13,13.0,0.0,52,+1 Lap,0,0
2020,11,2020-10-11,Eifel Grand Prix,nurburgring,albon,ALB,red_bull,5,R,,0.0,23,Radiator,1,0
2020,11,2020-10-11,Eifel Grand Prix,nurburgring,bottas,BOT,mercedes,1,R,,0.0,18,Power Unit,1,0
2020,11,2020-10-11,Eifel Grand Prix,nurburgring,gasly,GAS,alphatauri,12,6,6.0,8.0,60,Finished,0,0
2020,11,2020-10-11,Eifel Grand Prix,nurburgring,giovinazzi,GIO,alfa,14,10,10.0,1.0,60,Finished,0,0
2020,11,2020-10-11,Eifel Grand Prix,nurburgring,grosjean,GRO,haas,16,9,9.0,2.0,60,Finished,0,0
2020,11,2020-10-11,Eifel Grand Prix,nurburgring,hamilton,HAM,mercedes,2,1,1.0,25.0,60,Finished,0,1
2020,11,2020-10-11,Eifel Grand Prix,nurburgring,hulkenberg,HUL,racing_point,20,8,8.0,4.0,60,Finished,0,0
2020,11,2020-10-11,Eifel Grand Prix,nurburgring,kevin_magnussen,MAG,haas,15,13,13.0,0.0,60,Finished,0,0
2020,11,2020-10-11,Eifel Grand Prix,nurburgring,kvyat,KVY,alphatauri,13,15,15.0,0.0,60,Finished,0,0
2020,11,2020-10-11,Eifel Grand Prix,nurburgring,latifi,LAT,williams,18,14,14.0,0.0,60,Finished,0,0
2020,11,2020-10-11,Eifel Grand Prix,nurburgring,leclerc,LEC,ferrari,4,7,7.0,6.0,60,Finished,0,0
2020,11,2020-10-11,Eifel Grand Prix,nurburgring,max_verstappen,VER,red_bull,3,2,2.0,19.0,60,Finished,0,0
2020,11,2020-10-11,Eifel Grand Prix,nurburgring,norris,NOR,mclaren,8,R,,0.0,42,Power Unit,1,0
2020,11,2020-10-11,Eifel Grand Prix,nurburgring,ocon,OCO,renault,7,R,,0.0,22,Gearbox,1,0
2020,11,2020-10-11,Eifel Grand Prix,nurburgring,perez,PER,racing_point,9,4,4.0,12.0,60,Finished,0,0
2020,11,2020-10-11,Eifel Grand Prix,nurburgring,raikkonen,RAI,alfa,19,12,12.0,0.0,60,Finished,0,0
2020,11,2020-10-11,Eifel Grand Prix,nurburgring,ricciardo,RIC,renault,6,3,3.0,15.0,60,Finished,0,0
2020,11,2020-10-11,Eifel Grand Prix,nurburgring,russell,RUS,williams,17,R,,0.0,12,Collision,1,0
2020,11,2020-10-11,Eifel Grand Prix,nurburgring,sainz,SAI,mclaren,10,5,5.0,10.0,60,Finished,0,0
2020,11,2020-10-11,Eifel Grand Prix,nurburgring,vettel,VET,ferrari,11,11,11.0,0.0,60,Finished,0,0
2020,12,2020-10-25,Portuguese Grand Prix,portimao,albon,ALB,red_bull,6,12,12.0,0.0,65,+1 Lap,0,0
2020,12,2020-10-25,Portuguese Grand Prix,portimao,bottas,BOT,mercedes,2,2,2.0,18.0,66,Finished,0,0
2020,12,2020-10-25,Portuguese Grand Prix,portimao,gasly,GAS,alphatauri,9,5,5.0,10.0,65,+1 Lap,0,0
2020,12,2020-10-25,Portuguese Grand Prix,portimao,giovinazzi,GIO,alfa,17,15,15.0,0.0,65,+1 Lap,0,0
2020,12,2020-10-25,Portuguese Grand Prix,portimao,grosjean,GRO,haas,18,17,17.0,0.0,65,+1 Lap,0,0
2020,12,2020-10-25,Portuguese Grand Prix,portimao,hamilton,HAM,mercedes,1,1,1.0,26.0,66,Finished,0,1
2020,12,2020-10-25,Portuguese Grand Prix,portimao,kevin_magnussen,MAG,haas,19,16,16.0,0.0,65,+1 Lap,0,0
2020,12,2020-10-25,Portuguese Grand Prix,portimao,kvyat,KVY,alphatauri,13,19,19.0,0.0,64,+2 Laps,0,0
2020,12,2020-10-25,Portuguese Grand Prix,portimao,latifi,LAT,williams,20,18,18.0,0.0,64,+2 Laps,0,0
2020,12,2020-10-25,Portuguese Grand Prix,portimao,leclerc,LEC,ferrari,4,4,4.0,12.0,66,Finished,0,0
2020,12,2020-10-25,Portuguese Grand Prix,portimao,max_verstappen,VER,red_bull,3,3,3.0,15.0,66,Finished,0,0
2020,12,2020-10-25,Portuguese Grand Prix,portimao,norris,NOR,mclaren,8,13,13.0,0.0,65,+1 Lap,0,0
2020,12,2020-10-25,Portuguese Grand Prix,portimao,ocon,OCO,renault,11,8,8.0,4.0,65,+1 Lap,0,0
2020,12,2020-10-25,Portuguese Grand Prix,portimao,perez,PER,racing_point,5,7,7.0,6.0,65,+1 Lap,0,0
2020,12,2020-10-25,Portuguese Grand Prix,portimao,raikkonen,RAI,alfa,16,11,11.0,0.0,65,+1 Lap,0,0
2020,12,2020-10-25,Portuguese Grand Prix,portimao,ricciardo,RIC,renault,10,9,9.0,2.0,65,+1 Lap,0,0
2020,12,2020-10-25,Portuguese Grand Prix,portimao,russell,RUS,williams,14,14,14.0,0.0,65,+1 Lap,0,0
2020,12,2020-10-25,Portuguese Grand Prix,portimao,sainz,SAI,mclaren,7,6,6.0,8.0,65,+1 Lap,0,0
2020,12,2020-10-25,Portuguese Grand Prix,portimao,stroll,STR,racing_point,12,R,,0.0,51,Collision damage,1,0
2020,12,2020-10-25,Portuguese Grand Prix,portimao,vettel,VET,ferrari,15,10,10.0,1.0,65,+1 Lap,0,0
2020,13,2020-11-01,Emilia Romagna Grand Prix,imola,albon,ALB,red_bull,6,15,15.0,0.0,63,Finished,0,0
2020,13,2020-11-01,Emilia Romagna Grand Prix,imola,bottas,BOT,mercedes,1,2,2.0,18.0,63,Finished,0,0
2020,13,2020-11-01,Emilia Romagna Grand Prix,imola,gasly,GAS,alphatauri,4,R,,0.0,8,Water pressure,1,0
2020,13,2020-11-01,Emilia Romagna Grand Prix,imola,giovinazzi,GIO,alfa,20,10,10.0,1.0,63,Finished,0,0
2020,13,2020-11-01,Emilia Romagna Grand Prix,imola,grosjean,GRO,haas,16,14,14.0,0.0,63,Finished,0,0
2020,13,2020-11-01,Emilia Romagna Grand Prix,imola,hamilton,HAM,mercedes,2,1,1.0,26.0,63,Finished,0,1
2020,13,2020-11-01,Emilia Romagna Grand Prix,imola,kevin_magnussen,MAG,haas,17,R,,0.0,47,Illness,1,0
2020,13,2020-11-01,Emilia Romagna Grand Prix,imola,kvyat,KVY,alphatauri,8,4,4.0,12.0,63,Finished,0,0
2020,13,2020-11-01,Emilia Romagna Grand Prix,imola,latifi,LAT,williams,19,11,11.0,0.0,63,Finished,0,0
2020,13,2020-11-01,Emilia Romagna Grand Prix,imola,leclerc,LEC,ferrari,7,5,5.0,10.0,63,Finished,0,0
2020,13,2020-11-01,Emilia Romagna Grand Prix,imola,max_verstappen,VER,red_bull,3,R,,0.0,50,Puncture,1,0
2020,13,2020-11-01,Emilia Romagna Grand Prix,imola,norris,NOR,mclaren,9,8,8.0,4.0,63,Finished,0,0
2020,13,2020-11-01,Emilia Romagna Grand Prix,imola,ocon,OCO,renault,12,R,,0.0,27,Gearbox,1,0
2020,13,2020-11-01,Emilia Romagna Grand Prix,imola,perez,PER,racing_point,11,6,6.0,8.0,63,Finished,0,0
2020,13,2020-11-01,Emilia Romagna Grand Prix,imola,raikkonen,RAI,alfa,18,9,9.0,2.0,63,Finished,0,0
2020,13,2020-11-01,Emilia Romagna Grand Prix,imola,ricciardo,RIC,renault,5,3,3.0,15.0,63,Finished,0,0
2020,13,2020-11-01,Emilia Romagna Grand Prix,imola,russell,RUS,williams,13,R,,0.0,51,Accident,1,0
2020,13,2020-11-01,Emilia Romagna Grand Prix,imola,sainz,SAI,mclaren,10,7,7.0,6.0,63,Finished,0,0
2020,13,2020-11-01,Emilia Romagna Grand Prix,imola,stroll,STR,racing_point,15,13,13.0,0.0,63,Finished,0,0
2020,13,2020-11-01,Emilia Romagna Grand Prix,imola,vettel,VET,ferrari,14,12,12.0,0.0,63,Finished,0,0
2020,14,2020-11-15,Turkish Grand Prix,istanbul,albon,ALB,red_bull,4,7,7.0,6.0,58,Finished,0,0
2020,14,2020-11-15,Turkish Grand Prix,istanbul,bottas,BOT,mercedes,9,14,14.0,0.0,57,+1 Lap,0,0
2020,14,2020-11-15,Turkish Grand Prix,istanbul,gasly,GAS,alphatauri,19,13,13.0,0.0,57,+1 Lap,0,0
2020,14,2020-11-15,Turkish Grand Prix,istanbul,giovinazzi,GIO,alfa,10,R,,0.0,11,Gearbox,1,0
2020,14,2020-11-15,Turkish Grand Prix,istanbul,grosjean,GRO,haas,17,R,,0.0,49,Collision damage,1,0
2020,14,2020-11-15,Turkish Grand Prix,istanbul,hamilton,HAM,mercedes,6,1,1.0,25.0,58,Finished,0,1
2020,14,2020-11-15,Turkish Grand Prix,istanbul,kevin_magnussen,MAG,haas,13,17,17.0,0.0,55,Withdrew,0,0
2020,14,2020-11-15,Turkish Grand Prix,istanbul,kvyat,KVY,alphatauri,16,12,12.0,0.0,57,+1 Lap,0,0
2020,14,2020-11-15,Turkish Grand Prix,istanbul,latifi,LAT,williams,0,R,,0.0,39,Collision damage,1,0
2020,14,2020-11-15,Turkish Grand Prix,istanbul,leclerc,LEC,ferrari,12,4,4.0,12.0,58,Finished,0,0
2020,14,2020-11-15,Turkish Grand Prix,istanbul,max_verstappen,VER,red_bull,2,6,6.0,8.0,58,Finished,0,0
2020,14,2020-11-15,Turkish Grand Prix,istanbul,norris,NOR,mclaren,14,8,8.0,5.0,58,Finished,0,0
2020,14,2020-11-15,Turkish Grand Prix,istanbul,ocon,OCO,renault,7,11,11.0,0.0,57,+1 Lap,0,0
2020,14,2020-11-15,Turkish Grand Prix,istanbul,perez,PER,racing_point,3,2,2.0,18.0,58,Finished,0,0
2020,14,2020-11-15,Turkish Grand Prix,istanbul,raikkonen,RAI,alfa,8,15,15.0,0.0,57,+1 Lap,0,0
2020,14,2020-11-15,Turkish Grand Prix,istanbul,ricciardo,RIC,renault,5,10,10.0,1.0,58,Finished,0,0
2020,14,2020-11-15,Turkish Grand Prix,istanbul,russell,RUS,williams,0,16,16.0,0.0,57,+1 Lap,0,0
2020,14,2020-11-15,Turkish Grand Prix,istanbul,sainz,SAI,mclaren,15,5,5.0,10.0,58,Finished,0,0
2020,14,2020-11-15,Turkish Grand Prix,istanbul,stroll,STR,racing_point,1,9,9.0,2.0,58,Finished,0,0
2020,14,2020-11-15,Turkish Grand Prix,istanbul,vettel,VET,ferrari,11,3,3.0,15.0,58,Finished,0,0
2020,15,2020-11-29,Bahrain Grand Prix,bahrain,albon,ALB,red_bull,4,3,3.0,15.0,57,Finished,0,0
2020,15,2020-11-29,Bahrain Grand Prix,bahrain,bottas,BOT,mercedes,2,8,8.0,4.0,57,Finished,0,0
2020,15,2020-11-29,Bahrain Grand Prix,bahrain,gasly,GAS,alphatauri,8,6,6.0,8.0,57,Finished,0,0
2020,15,2020-11-29,Bahrain Grand Prix,bahrain,giovinazzi,GIO,alfa,16,16,16.0,0.0,56,+1 Lap,0,0
2020,15,2020-11-29,Bahrain Grand Prix,bahrain,grosjean,GRO,haas,19,R,,0.0,0,Collision,1,0
2020,15,2020-11-29,Bahrain Grand Prix,bahrain,hamilton,HAM,mercedes,1,1,1.0,25.0,57,Finished,0,1
2020,15,2020-11-29,Bahrain Grand Prix,bahrain,kevin_magnussen,MAG,haas,18,17,17.0,0.0,56,+1 Lap,0,0
2020,15,2020-11-29,Bahrain Grand Prix,bahrain,kvyat,KVY,alphatauri,10,11,11.0,0.0,56,+1 Lap,0,0
2020,15,2020-11-29,Bahrain Grand Prix,bahrain,latifi,LAT,williams,20,14,14.0,0.0,56,+1 Lap,0,0
2020,15,2020-11-29,Bahrain Grand Prix,bahrain,leclerc,LEC,ferrari,12,10,10.0,1.0,56,+1 Lap,0,0
2020,15,2020-11-29,Bahrain Grand Prix,bahrain,max_verstappen,VER,red_bull,3,2,2.0,19.0,57,Finished,0,0
2020,15,2020-11-29,Bahrain Grand Prix,bahrain,norris,NOR,mclaren,9,4,4.0,12.0,57,Finished,0,0
2020,15,2020-11-29,Bahrain Grand Prix,bahrain,ocon,OCO,renault,7,9,9.0,2.0,57,Finished,0,0
2020,15,2020-11-29,Bahrain Grand Prix,bahrain,perez,PER,racing_point,5,18,18.0,0.0,53,Engine,0,0
2020,15,2020-11-29,Bahrain Grand Prix,bahrain,raikkonen,RAI,alfa,17,15,15.0,0.0,56,+1 Lap,0,0
2020,15,2020-11-29,Bahrain Grand Prix,bahrain,ricciardo,RIC,renault,6,7,7.0,6.0,57,Finished,0,0
2020,15,2020-11-29,Bahrain Grand Prix,bahrain,russell,RUS,williams,14,12,12.0,0.0,56,+1 Lap,0,0
2020,15,2020-11-29,Bahrain Grand Prix,bahrain,sainz,SAI,mclaren,15,5,5.0,10.0,57,Finished,0,0
2020,15,2020-11-29,Bahrain Grand Prix,bahrain,stroll,STR,racing_point,13,R,,0.0,2,Collision,1,0
2020,15,2020-11-29,Bahrain Grand Prix,bahrain,vettel,VET,ferrari,11,13,13.0,0.0,56,+1 Lap,0,0
2020,16,2020-12-06,Sakhir Grand Prix,bahrain,aitken,AIT,williams,17,16,16.0,0.0,87,Finished,0,0
2020,16,2020-12-06,Sakhir Grand Prix,bahrain,albon,ALB,red_bull,12,6,6.0,8.0,87,Finished,0,0
2020,16,2020-12-06,Sakhir Grand Prix,bahrain,bottas,BOT,mercedes,1,8,8.0,4.0,87,Finished,0,0
2020,16,2020-12-06,Sakhir Grand Prix,bahrain,gasly,GAS,alphatauri,9,11,11.0,0.0,87,Finished,0,0
2020,16,2020-12-06,Sakhir Grand Prix,bahrain,giovinazzi,GIO,alfa,14,13,13.0,0.0,87,Finished,0,0
2020,16,2020-12-06,Sakhir Grand Prix,bahrain,kevin_magnussen,MAG,haas,15,15,15.0,0.0,87,Finished,0,0
2020,16,2020-12-06,Sakhir Grand Prix,bahrain,kvyat,KVY,alphatauri,6,7,7.0,6.0,87,Finished,0,0
2020,16,2020-12-06,Sakhir Grand Prix,bahrain,latifi,LAT,williams,16,R,,0.0,52,Engine,1,0
2020,16,2020-12-06,Sakhir Grand Prix,bahrain,leclerc,LEC,ferrari,4,R,,0.0,0,Collision,1,0
2020,16,2020-12-06,Sakhir Grand Prix,bahrain,max_verstappen,VER,red_bull,3,R,,0.0,0,Accident,1,0
2020,16,2020-12-06,Sakhir Grand Prix,bahrain,norris,NOR,mclaren,19,10,10.0,1.0,87,Finished,0,0
2020,16,2020-12-06,Sakhir Grand Prix,bahrain,ocon,OCO,renault,11,2,2.0,18.0,87,Finished,0,0
2020,16,2020-12-06,Sakhir Grand Prix,bahrain,perez,PER,racing_point,5,1,1.0,25.0,87,Finished,0,1
2020,16,2020-12-06,Sakhir Grand Prix,bahrain,pietro_fittipaldi,FIT,haas,20,17,17.0,0.0,87,Finished,0,0
2020,16,2020-12-06,Sakhir Grand Prix,bahrain,raikkonen,RAI,alfa,18,14,14.0,0.0,87,Finished,0,0
2020,16,2020-12-06,Sakhir Grand Prix,bahrain,ricciardo,RIC,renault,7,5,5.0,10.0,87,Finished,0,0
2020,16,2020-12-06,Sakhir Grand Prix,bahrain,russell,RUS,mercedes,2,9,9.0,3.0,87,Finished,0,0
2020,16,2020-12-06,Sakhir Grand Prix,bahrain,sainz,SAI,mclaren,8,4,4.0,12.0,87,Finished,0,0
2020,16,2020-12-06,Sakhir Grand Prix,bahrain,stroll,STR,racing_point,10,3,3.0,15.0,87,Finished,0,0
2020,16,2020-12-06,Sakhir Grand Prix,bahrain,vettel,VET,ferrari,13,12,12.0,0.0,87,Finished,0,0
2020,17,2020-12-13,Abu Dhabi Grand Prix,yas_marina,albon,ALB,red_bull,5,4,4.0,12.0,55,Finished,0,0
2020,17,2020-12-13,Abu Dhabi Grand Prix,yas_marina,bottas,BOT,mercedes,2,2,2.0,18.0,55,Finished,0,0
2020,17,2020-12-13,Abu Dhabi Grand Prix,yas_marina,gasly,GAS,alphatauri,9,8,8.0,4.0,55,Finished,0,0
2020,17,2020-12-13,Abu Dhabi Grand Prix,yas_marina,giovinazzi,GIO,alfa,14,16,16.0,0.0,54,+1 Lap,0,0
2020,17,2020-12-13,Abu Dhabi Grand Prix,yas_marina,hamilton,HAM,mercedes,3,3,3.0,15.0,55,Finished,0,0
2020,17,2020-12-13,Abu Dhabi Grand Prix,yas_marina,kevin_magnussen,MAG,haas,20,18,18.0,0.0,54,+1 Lap,0,0
2020,17,2020-12-13,Abu Dhabi Grand Prix,yas_marina,kvyat,KVY,alphatauri,7,11,11.0,0.0,54,+1 Lap,0,0
2020,17,2020-12-13,Abu Dhabi Grand Prix,yas_marina,latifi,LAT,williams,18,17,17.0,0.0,54,+1 Lap,0,0
2020,17,2020-12-13,Abu Dhabi Grand Prix,yas_marina,leclerc,LEC,ferrari,12,13,13.0,0.0,54,+1 Lap,0,0
2020,17,2020-12-13,Abu Dhabi Grand Prix,yas_marina,max_verstappen,VER,red_bull,1,1,1.0,25.0,55,Finished,0,1
2020,17,2020-12-13,Abu Dhabi Grand Prix,yas_marina,norris,NOR,mclaren,4,5,5.0,10.0,55,Finished,0,0
2020,17,2020-12-13,Abu Dhabi Grand Prix,yas_marina,ocon,OCO,renault,10,9,9.0,2.0,55,Finished,0,0
2020,17,2020-12-13,Abu Dhabi Grand Prix,yas_marina,perez,PER,racing_point,19,R,,0.0,8,Transmission,1,0
2020,17,2020-12-13,Abu Dhabi Grand Prix,yas_marina,pietro_fittipaldi,FIT,haas,17,19,19.0,0.0,53,+2 Laps,0,0
2020,17,2020-12-13,Abu Dhabi Grand Prix,yas_marina,raikkonen,RAI,alfa,15,12,12.0,0.0,54,+1 Lap,0,0
2020,17,2020-12-13,Abu Dhabi Grand Prix,yas_marina,ricciardo,RIC,renault,11,7,7.0,7.0,55,Finished,0,0
2020,17,2020-12-13,Abu Dhabi Grand Prix,yas_marina,russell,RUS,williams,16,15,15.0,0.0,54,+1 Lap,0,0
2020,17,2020-12-13,Abu Dhabi Grand Prix,yas_marina,sainz,SAI,mclaren,6,6,6.0,8.0,55,Finished,0,0
2020,17,2020-12-13,Abu Dhabi Grand Prix,yas_marina,stroll,STR,racing_point,8,10,10.0,1.0,55,Finished,0,0
2020,17,2020-12-13,Abu Dhabi Grand Prix,yas_marina,vettel,VET,ferrari,13,14,14.0,0.0,54,+1 Lap,0,0
2021,1,2021-03-28,Bahrain Grand Prix,bahrain,alonso,ALO,alpine,9,R,,0.0,32,Brakes,1,0
2021,1,2021-03-28,Bahrain Grand Prix,bahrain,bottas,BOT,mercedes,3,3,3.0,16.0,56,Finished,0,0
2021,1,2021-03-28,Bahrain Grand Prix,bahrain,gasly,GAS,alphatauri,5,17,17.0,0.0,52,Retired,0,0
2021,1,2021-03-28,Bahrain Grand Prix,bahrain,giovinazzi,GIO,alfa,12,12,12.0,0.0,55,+1 Lap,0,0
2021,1,2021-03-28,Bahrain Grand Prix,bahrain,hamilton,HAM,mercedes,2,1,1.0,25.0,56,Finished,0,1
2021,1,2021-03-28,Bahrain Grand Prix,bahrain,latifi,LAT,williams,17,18,18.0,0.0,51,Retired,0,0
2021,1,2021-03-28,Bahrain Grand Prix,bahrain,leclerc,LEC,ferrari,4,6,6.0,8.0,56,Finished,0,0
2021,1,2021-03-28,Bahrain Grand Prix,bahrain,max_verstappen,VER,red_bull,1,2,2.0,18.0,56,Finished,0,0
2021,1,2021-03-28,Bahrain Grand Prix,bahrain,mazepin,MAZ,haas,19,R,,0.0,0,Accident,1,0
2021,1,2021-03-28,Bahrain Grand Prix,bahrain,mick_schumacher,MSC,haas,18,16,16.0,0.0,55,+1 Lap,0,0
2021,1,2021-03-28,Bahrain Grand Prix,bahrain,norris,NOR,mclaren,7,4,4.0,12.0,56,Finished,0,0
2021,1,2021-03-28,Bahrain Grand Prix,bahrain,ocon,OCO,alpine,16,13,13.0,0.0,55,+1 Lap,0,0
2021,1,2021-03-28,Bahrain Grand Prix,bahrain,perez,PER,red_bull,0,5,5.0,10.0,56,Finished,0,0
2021,1,2021-03-28,Bahrain Grand Prix,bahrain,raikkonen,RAI,alfa,14,11,11.0,0.0,56,Finished,0,0
2021,1,2021-03-28,Bahrain Grand Prix,bahrain,ricciardo,RIC,mclaren,6,7,7.0,6.0,56,Finished,0,0
2021,1,2021-03-28,Bahrain Grand Prix,bahrain,russell,RUS,williams,15,14,14.0,0.0,55,+1 Lap,0,0
2021,1,2021-03-28,Bahrain Grand Prix,bahrain,sainz,SAI,ferrari,8,8,8.0,4.0,56,Finished,0,0
2021,1,2021-03-28,Bahrain Grand Prix,bahrain,stroll,STR,aston_martin,10,10,10.0,1.0,56,Finished,0,0
2021,1,2021-03-28,Bahrain Grand Prix,bahrain,tsunoda,TSU,alphatauri,13,9,9.0,2.0,56,Finished,0,0
2021,1,2021-03-28,Bahrain Grand Prix,bahrain,vettel,VET,aston_martin,20,15,15.0,0.0,55,+1 Lap,0,0
2021,2,2021-04-18,Emilia Romagna Grand Prix,imola,alonso,ALO,alpine,15,10,10.0,1.0,63,Finished,0,0
2021,2,2021-04-18,Emilia Romagna Grand Prix,imola,bottas,BOT,mercedes,8,R,,0.0,30,Collision,1,0
2021,2,2021-04-18,Emilia Romagna Grand Prix,imola,gasly,GAS,alphatauri,5,7,7.0,6.0,63,Finished,0,0
2021,2,2021-04-18,Emilia Romagna Grand Prix,imola,giovinazzi,GIO,alfa,17,14,14.0,0.0,62,+1 Lap,0,0
2021,2,2021-04-18,Emilia Romagna Grand Prix,imola,hamilton,HAM,mercedes,1,2,2.0,19.0,63,Finished,0,0
2021,2,2021-04-18,Emilia Romagna Grand Prix,imola,latifi,LAT,williams,14,R,,0.0,0,Collision,1,0
2021,2,2021-04-18,Emilia Romagna Grand Prix,imola,leclerc,LEC,ferrari,4,4,4.0,12.0,63,Finished,0,0
2021,2,2021-04-18,Emilia Romagna Grand Prix,imola,max_verstappen,VER,red_bull,3,1,1.0,25.0,63,Finished,0,1
2021,2,2021-04-18,Emilia Romagna Grand Prix,imola,mazepin,MAZ,haas,19,17,17.0,0.0,61,+2 Laps,0,0
2021,2,2021-04-18,Emilia Romagna Grand Prix,imola,mick_schumacher,MSC,haas,18,16,16.0,0.0,61,+2 Laps,0,0
2021,2,2021-04-18,Emilia Romagna Grand Prix,imola,norris,NOR,mclaren,7,3,3.0,15.0,63,Finished,0,0
2021,2,2021-04-18,Emilia Romagna Grand Prix,imola,ocon,OCO,alpine,9,9,9.0,2.0,63,Finished,0,0
2021,2,2021-04-18,Emilia Romagna Grand Prix,imola,perez,PER,red_bull,2,11,11.0,0.0,63,Finished,0,0
2021,2,2021-04-18,Emilia Romagna Grand Prix,imola,raikkonen,RAI,alfa,16,13,13.0,0.0,63,Finished,0,0
2021,2,2021-04-18,Emilia Romagna Grand Prix,imola,ricciardo,RIC,mclaren,6,6,6.0,8.0,63,Finished,0,0
2021,2,2021-04-18,Emilia Romagna Grand Prix,imola,russell,RUS,williams,12,R,,0.0,30,Collision,1,0
2021,2,2021-04-18,Emilia Romagna Grand Prix,imola,sainz,SAI,ferrari,11,5,5.0,10.0,63,Finished,0,0
2021,2,2021-04-18,Emilia Romagna Grand Prix,imola,stroll,STR,aston_martin,10,8,8.0,4.0,63,Finished,0,0
2021,2,2021-04-18,Emilia Romagna Grand Prix,imola,tsunoda,TSU,alphatauri,20,12,12.0,0.0,63,Finished,0,0
2021,2,2021-04-18,Emilia Romagna Grand Prix,imola,vettel,VET,aston_martin,0,15,15.0,0.0,61,Gearbox,0,0
2021,3,2021-05-02,Portuguese Grand Prix,portimao,alonso,ALO,alpine,13,8,8.0,4.0,66,Finished,0,0
2021,3,2021-05-02,Portuguese Grand Prix,portimao,bottas,BOT,mercedes,1,3,3.0,16.0,66,Finished,0,0
2021,3,2021-05-02,Portuguese Grand Prix,portimao,gasly,GAS,alphatauri,9,10,10.0,1.0,66,Finished,0,0
2021,3,2021-05-02,Portuguese Grand Prix,portimao,giovinazzi,GIO,alfa,12,12,12.0,0.0,65,+1 Lap,0,0
2021,3,2021-05-02,Portuguese Grand Prix,portimao,hamilton,HAM,mercedes,2,1,1.0,25.0,66,Finished,0,1
2021,3,2021-05-02,Portuguese Grand Prix,portimao,latifi,LAT,williams,18,18,18.0,0.0,64,+2 Laps,0,0
2021,3,2021-05-02,Portuguese Grand Prix,portimao,leclerc,LEC,ferrari,8,6,6.0,8.0,66,Finished,0,0
2021,3,2021-05-02,Portuguese Grand Prix,portimao,max_verstappen,VER,red_bull,3,2,2.0,18.0,66,Finished,0,0
2021,3,2021-05-02,Portuguese Grand Prix,portimao,mazepin,MAZ,haas,20,19,19.0,0.0,64,+2 Laps,0,0
2021,3,2021-05-02,Portuguese Grand Prix,portimao,mick_schumacher,MSC,haas,19,17,17.0,0.0,64,+2 Laps,0,0
2021,3,2021-05-02,Portuguese Grand Prix,portimao,norris,NOR,mclaren,7,5,5.0,10.0,66,Finished,0,0
2021,3,2021-05-02,Portuguese Grand Prix,portimao,ocon,OCO,alpine,6,7,7.0,6.0,66,Finished,0,0
2021,3,2021-05-02,Portuguese Grand Prix,portimao,perez,PER,red_bull,4,4,4.0,12.0,66,Finished,0,0
2021,3,2021-05-02,Portuguese Grand Prix,portimao,raikkonen,RAI,alfa,15,R,,0.0,1,Collision damage,1,0
2021,3,2021-05-02,Portuguese Grand Prix,portimao,ricciardo,RIC,mclaren,16,9,9.0,2.0,66,Finished,0,0
2021,3,2021-05-02,Portuguese Grand Prix,portimao,russell,RUS,williams,11,16,16.0,0.0,65,+1 Lap,0,0
2021,3,2021-05-02,Portuguese Grand Prix,portimao,sainz,SAI,ferrari,5,11,11.0,0.0,66,Finished,0,0
2021,3,2021-05-02,Portuguese Grand Prix,portimao,stroll,STR,aston_martin,17,14,14.0,0.0,65,+1 Lap,0,0
2021,3,2021-05-02,Portuguese Grand Prix,portimao,tsunoda,TSU,alphatauri,14,15,15.0,0.0,65,+1 Lap,0,0
2021,3,2021-05-02,Portuguese Grand Prix,portimao,vettel,VET,aston_martin,10,13,13.0,0.0,65,+1 Lap,0,0
2021,4,2021-05-09,Spanish Grand Prix,catalunya,alonso,ALO,alpine,10,17,17.0,0.0,65,+1 Lap,0,0
2021,4,2021-05-09,Spanish Grand Prix,catalunya,bottas,BOT,mercedes,3,3,3.0,15.0,66,Finished,0,0
2021,4,2021-05-09,Spanish Grand Prix,catalunya,gasly,GAS,alphatauri,12,10,10.0,1.0,65,+1 Lap,0,0
2021,4,2021-05-09,Spanish Grand Prix,catalunya,giovinazzi,GIO,alfa,14,15,15.0,0.0,65,+1 Lap,0,0
2021,4,2021-05-09,Spanish Grand Prix,catalunya,hamilton,HAM,mercedes,1,1,1.0,25.0,66,Finished,0,1
2021,4,2021-05-09,Spanish Grand Prix,catalunya,latifi,LAT,williams,19,16,16.0,0.0,65,+1 Lap,0,0
2021,4,2021-05-09,Spanish Grand Prix,catalunya,leclerc,LEC,ferrari,4,4,4.0,12.0,66,Finished,0,0
2021,4,2021-05-09,Spanish Grand Prix,catalunya,max_verstappen,VER,red_bull,2,2,2.0,19.0,66,Finished,0,0
2021,4,2021-05-09,Spanish Grand Prix,catalunya,mazepin,MAZ,haas,20,19,19.0,0.0,64,+2 Laps,0,0
2021,4,2021-05-09,Spanish Grand Prix,catalunya,mick_schumacher,MSC,haas,18,18,18.0,0.0,64,+2 Laps,0,0
2021,4,2021-05-09,Spanish Grand Prix,catalunya,norris,NOR,mclaren,9,8,8.0,4.0,65,+1 Lap,0,0
2021,4,2021-05-09,Spanish Grand Prix,catalunya,ocon,OCO,alpine,5,9,9.0,2.0,65,+1 Lap,0,0
2021,4,2021-05-09,Spanish Grand Prix,catalunya,perez,PER,red_bull,8,5,5.0,10.0,66,Finished,0,0
2021,4,2021-05-09,Spanish Grand Prix,catalunya,raikkonen,RAI,alfa,17,12,12.0,0.0,65,+1 Lap,0,0
2021,4,2021-05-09,Spanish Grand Prix,catalunya,ricciardo,RIC,mclaren,7,6,6.0,8.0,66,Finished,0,0
2021,4,2021-05-09,Spanish Grand Prix,catalunya,russell,RUS,williams,15,14,14.0,0.0,65,+1 Lap,0,0
2021,4,2021-05-09,Spanish Grand Prix,catalunya,sainz,SAI,ferrari,6,7,7.0,6.0,66,Finished,0,0
2021,4,2021-05-09,Spanish Grand Prix,catalunya,stroll,STR,aston_martin,11,11,11.0,0.0,65,+1 Lap,0,0
2021,4,2021-05-09,Spanish Grand Prix,catalunya,tsunoda,TSU,alphatauri,16,R,,0.0,6,Electrical,1,0
2021,4,2021-05-09,Spanish Grand Prix,catalunya,vettel,VET,aston_martin,13,13,13.0,0.0,65,+1 Lap,0,0
2021,5,2021-05-23,Monaco Grand Prix,monaco,alonso,ALO,alpine,17,13,13.0,0.0,77,+1 Lap,0,0
2021,5,2021-05-23,Monaco Grand Prix,monaco,bottas,BOT,mercedes,3,R,,0.0,29,Wheel nut,1,0
2021,5,2021-05-23,Monaco Grand Prix,monaco,gasly,GAS,alphatauri,6,6,6.0,8.0,78,Finished,0,0
2021,5,2021-05-23,Monaco Grand Prix,monaco,giovinazzi,GIO,alfa,10,10,10.0,1.0,77,+1 Lap,0,0
2021,5,2021-05-23,Monaco Grand Prix,monaco,hamilton,HAM,mercedes,7,7,7.0,7.0,78,Finished,0,0
2021,5,2021-05-23,Monaco Grand Prix,monaco,latifi,LAT,williams,18,15,15.0,0.0,77,+1 Lap,0,0
2021,5,2021-05-23,Monaco Grand Prix,monaco,leclerc,LEC,ferrari,1,W,,0.0,0,Driveshaft,1,0
2021,5,2021-05-23,Monaco Grand Prix,monaco,max_verstappen,VER,red_bull,2,1,1.0,25.0,78,Finished,0,1
2021,5,2021-05-23,Monaco Grand Prix,monaco,mazepin,MAZ,haas,19,17,17.0,0.0,75,+3 Laps,0,0
2021,5,2021-05-23,Monaco Grand Prix,monaco,mick_schumacher,MSC,haas,20,18,18.0,0.0,75,+3 Laps,0,0
2021,5,2021-05-23,Monaco Grand Prix,monaco,norris,NOR,mclaren,5,3,3.0,15.0,78,Finished,0,0
2021,5,2021-05-23,Monaco Grand Prix,monaco,ocon,OCO,alpine,11,9,9.0,2.0,77,+1 Lap,0,0
2021,5,2021-05-23,Monaco Grand Prix,monaco,perez,PER,red_bull,9,4,4.0,12.0,78,Finished,0,0
2021,5,2021-05-23,Monaco Grand Prix,monaco,raikkonen,RAI,alfa,14,11,11.0,0.0,77,+1 Lap,0,0
2021,5,2021-05-23,Monaco Grand Prix,monaco,ricciardo,RIC,mclaren,12,12,12.0,0.0,77,+1 Lap,0,0
2021,5,2021-05-23,Monaco Grand Prix,monaco,russell,RUS,williams,15,14,14.0,0.0,77,+1 Lap,0,0
2021,5,2021-05-23,Monaco Grand Prix,monaco,sainz,SAI,ferrari,4,2,2.0,18.0,78,Finished,0,0
2021,5,2021-05-23,Monaco Grand Prix,monaco,stroll,STR,aston_martin,13,8,8.0,4.0,77,+1 Lap,0,0
2021,5,2021-05-23,Monaco Grand Prix,monaco,tsunoda,TSU,alphatauri,16,16,16.0,0.0,77,+1 Lap,0,0
2021,5,2021-05-23,Monaco Grand Prix,monaco,vettel,VET,aston_martin,8,5,5.0,10.0,78,Finished,0,0
2021,6,2021-06-06,Azerbaijan Grand Prix,baku,alonso,ALO,alpine,8,6,6.0,8.0,51,Finished,0,0
2021,6,2021-06-06,Azerbaijan Grand Prix,baku,bottas,BOT,mercedes,10,12,12.0,0.0,51,Finished,0,0
2021,6,2021-06-06,Azerbaijan Grand Prix,baku,gasly,GAS,alphatauri,4,3,3.0,15.0,51,Finished,0,0
2021,6,2021-06-06,Azerbaijan Grand Prix,baku,giovinazzi,GIO,alfa,20,11,11.0,0.0,51,Finished,0,0
2021,6,2021-06-06,Azerbaijan Grand Prix,baku,hamilton,HAM,mercedes,2,15,15.0,0.0,51,Finished,0,0
2021,6,2021-06-06,Azerbaijan Grand Prix,baku,latifi,LAT,williams,16,16,16.0,0.0,51,Finished,0,0
2021,6,2021-06-06,Azerbaijan Grand Prix,baku,leclerc,LEC,ferrari,1,4,4.0,12.0,51,Finished,0,0
2021,6,2021-06-06,Azerbaijan Grand Prix,baku,max_verstappen,VER,red_bull,3,R,,0.0,45,Accident,1,0
2021,6,2021-06-06,Azerbaijan Grand Prix,baku,mazepin,MAZ,haas,18,14,14.0,0.0,51,Finished,0,0
2021,6,2021-06-06,Azerbaijan Grand Prix,baku,mick_schumacher,MSC,haas,17,13,13.0,0.0,51,Finished,0,0
2021,6,2021-06-06,Azerbaijan Grand Prix,baku,norris,NOR,mclaren,9,5,5.0,10.0,51,Finished,0,0
2021,6,2021-06-06,Azerbaijan Grand Prix,baku,ocon,OCO,alpine,12,R,,0.0,3,Turbo,1,0
2021,6,2021-06-06,Azerbaijan Grand Prix,baku,perez,PER,red_bull,6,1,1.0,25.0,51,Finished,0,1
2021,6,2021-06-06,Azerbaijan Grand Prix,baku,raikkonen,RAI,alfa,14,10,10.0,1.0,51,Finished,0,0
2021,6,2021-06-06,Azerbaijan Grand Prix,baku,ricciardo,RIC,mclaren,13,9,9.0,2.0,51,Finished,0,0
2021,6,2021-06-06,Azerbaijan Grand Prix,baku,russell,RUS,williams,15,R,,0.0,48,Gearbox,1,0
2021,6,2021-06-06,Azerbaijan Grand Prix,baku,sainz,SAI,ferrari,5,8,8.0,4.0,51,Finished,0,0
2021,6,2021-06-06,Azerbaijan Grand Prix,baku,stroll,STR,aston_martin,19,R,,0.0,29,Accident,1,0
2021,6,2021-06-06,Azerbaijan Grand Prix,baku,tsunoda,TSU,alphatauri,7,7,7.0,6.0,51,Finished,0,0
2021,6,2021-06-06,Azerbaijan Grand Prix,baku,vettel,VET,aston_martin,11,2,2.0,18.0,51,Finished,0,0
2021,7,2021-06-20,French Grand Prix,ricard,alonso,ALO,alpine,9,8,8.0,4.0,53,Finished,0,0
2021,7,2021-06-20,French Grand Prix,ricard,bottas,BOT,mercedes,3,4,4.0,12.0,53,Finished,0,0
2021,7,2021-06-20,French Grand Prix,ricard,gasly,GAS,alphatauri,6,7,7.0,6.0,53,Finished,0,0
2021,7,2021-06-20,French Grand Prix,ricard,giovinazzi,GIO,alfa,13,15,15.0,0.0,52,+1 Lap,0,0
2021,7,2021-06-20,French Grand Prix,ricard,hamilton,HAM,mercedes,2,2,2.0,18.0,53,Finished,0,0
2021,7,2021-06-20,French Grand Prix,ricard,latifi,LAT,williams,16,18,18.0,0.0,52,+1 Lap,0,0
2021,7,2021-06-20,French Grand Prix,ricard,leclerc,LEC,ferrari,7,16,16.0,0.0,52,+1 Lap,0,0
2021,7,2021-06-20,French Grand Prix,ricard,max_verstappen,VER,red_bull,1,1,1.0,26.0,53,Finished,0,1
2021,7,2021-06-20,French Grand Prix,ricard,mazepin,MAZ,haas,18,20,20.0,0.0,52,+1 Lap,0,0
2021,7,2021-06-20,French Grand Prix,ricard,mick_schumacher,MSC,haas,15,19,19.0,0.0,52,+1 Lap,0,0
2021,7,2021-06-20,French Grand Prix,ricard,norris,NOR,mclaren,8,5,5.0,10.0,53,Finished,0,0
2021,7,2021-06-20,French Grand Prix,ricard,ocon,OCO,alpine,11,14,14.0,0.0,52,+1 Lap,0,0
2021,7,2021-06-20,French Grand Prix,ricard,perez,PER,red_bull,4,3,3.0,15.0,53,Finished,0,0
2021,7,2021-06-20,French Grand Prix,ricard,raikkonen,RAI,alfa,17,17,17.0,0.0,52,+1 Lap,0,0
2021,7,2021-06-20,French Grand Prix,ricard,ricciardo,RIC,mclaren,10,6,6.0,8.0,53,Finished,0,0
2021,7,2021-06-20,French Grand Prix,ricard,russell,RUS,williams,14,12,12.0,0.0,52,+1 Lap,0,0
2021,7,2021-06-20,French Grand Prix,ricard,sainz,SAI,ferrari,5,11,11.0,0.0,53,Finished,0,0
2021,7,2021-06-20,French Grand Prix,ricard,stroll,STR,aston_martin,19,10,10.0,1.0,53,Finished,0,0
2021,7,2021-06-20,French Grand Prix,ricard,tsunoda,TSU,alphatauri,0,13,13.0,0.0,52,+1 Lap,0,0
2021,7,2021-06-20,French Grand Prix,ricard,vettel,VET,aston_martin,12,9,9.0,2.0,53,Finished,0,0
2021,8,2021-06-27,Styrian Grand Prix,red_bull_ring,alonso,ALO,alpine,8,9,9.0,2.0,70,+1 Lap,0,0
2021,8,2021-06-27,Styrian Grand Prix,red_bull_ring,bottas,BOT,mercedes,5,3,3.0,15.0,71,Finished,0,0
2021,8,2021-06-27,Styrian Grand Prix,red_bull_ring,gasly,GAS,alphatauri,6,R,,0.0,1,Collision,1,0
2021,8,2021-06-27,Styrian Grand Prix,red_bull_ring,giovinazzi,GIO,alfa,15,15,15.0,0.0,70,+1 Lap,0,0
2021,8,2021-06-27,Styrian Grand Prix,red_bull_ring,hamilton,HAM,mercedes,2,2,2.0,19.0,71,Finished,0,0
2021,8,2021-06-27,Styrian Grand Prix,red_bull_ring,latifi,LAT,williams,16,17,17.0,0.0,68,+3 Laps,0,0
2021,8,2021-06-27,Styrian Grand Prix,red_bull_ring,leclerc,LEC,ferrari,7,7,7.0,6.0,70,+1 Lap,0,0
2021,8,2021-06-27,Styrian Grand Prix,red_bull_ring,max_verstappen,VER,red_bull,1,1,1.0,25.0,71,Finished,0,1
2021,8,2021-06-27,Styrian Grand Prix,red_bull_ring,mazepin,MAZ,haas,20,18,18.0,0.0,68,+3 Laps,0,0
2021,8,2021-06-27,Styrian Grand Prix,red_bull_ring,mick_schumacher,MSC,haas,19,16,16.0,0.0,69,+2 Laps,0,0
2021,8,2021-06-27,Styrian Grand Prix,red_bull_ring,norris,NOR,mclaren,3,5,5.0,10.0,70,+1 Lap,0,0
2021,8,2021-06-27,Styrian Grand Prix,red_bull_ring,ocon,OCO,alpine,17,14,14.0,0.0,70,+1 Lap,0,0
2021,8,2021-06-27,Styrian Grand Prix,red_bull_ring,perez,PER,red_bull,4,4,4.0,12.0,71,Finished,0,0
2021,8,2021-06-27,Styrian Grand Prix,red_bull_ring,raikkonen,RAI,alfa,18,11,11.0,0.0,70,+1 Lap,0,0
2021,8,2021-06-27,Styrian Grand Prix,red_bull_ring,ricciardo,RIC,mclaren,13,13,13.0,0.0,70,+1 Lap,0,0
2021,8,2021-06-27,Styrian Grand Prix,red_bull_ring,russell,RUS,williams,10,R,,0.0,36,Engine,1,0
2021,8,2021-06-27,Styrian Grand Prix,red_bull_ring,sainz,SAI,ferrari,12,6,6.0,8.0,70,+1 Lap,0,0
2021,8,2021-06-27,Styrian Grand Prix,red_bull_ring,stroll,STR,aston_martin,9,8,8.0,4.0,70,+1 Lap,0,0
2021,8,2021-06-27,Styrian Grand Prix,red_bull_ring,tsunoda,TSU,alphatauri,11,10,10.0,1.0,70,+1 Lap,0,0
2021,8,2021-06-27,Styrian Grand Prix,red_bull_ring,vettel,VET,aston_martin,14,12,12.0,0.0,70,+1 Lap,0,0
2021,9,2021-07-04,Austrian Grand Prix,red_bull_ring,alonso,ALO,alpine,14,10,10.0,1.0,70,+1 Lap,0,0
2021,9,2021-07-04,Austrian Grand Prix,red_bull_ring,bottas,BOT,mercedes,5,2,2.0,18.0,71,Finished,0,0
2021,9,2021-07-04,Austrian Grand Prix,red_bull_ring,gasly,GAS,alphatauri,6,9,9.0,2.0,71,Finished,0,0
2021,9,2021-07-04,Austrian Grand Prix,red_bull_ring,giovinazzi,GIO,alfa,15,14,14.0,0.0,70,+1 Lap,0,0
2021,9,2021-07-04,Austrian Grand Prix,red_bull_ring,hamilton,HAM,mercedes,4,4,4.0,12.0,71,Finished,0,0
2021,9,2021-07-04,Austrian Grand Prix,red_bull_ring,latifi,LAT,williams,18,16,16.0,0.0,70,+1 Lap,0,0
2021,9,2021-07-04,Austrian Grand Prix,red_bull_ring,leclerc,LEC,ferrari,12,8,8.0,4.0,71,Finished,0,0
2021,9,2021-07-04,Austrian Grand Prix,red_bull_ring,max_verstappen,VER,red_bull,1,1,1.0,26.0,71,Finished,0,1
2021,9,2021-07-04,Austrian Grand Prix,red_bull_ring,mazepin,MAZ,haas,20,19,19.0,0.0,69,+2 Laps,0,0
2021,9,2021-07-04,Austrian Grand Prix,red_bull_ring,mick_schumacher,MSC,haas,19,18,18.0,0.0,69,+2 Laps,0,0
2021,9,2021-07-04,Austrian Grand Prix,red_bull_ring,norris,NOR,mclaren,2,3,3.0,15.0,71,Finished,0,0
2021,9,2021-07-04,Austrian Grand Prix,red_bull_ring,ocon,OCO,alpine,17,R,,0.0,0,Collision,1,0
2021,9,2021-07-04,Austrian Grand Prix,red_bull_ring,perez,PER,red_bull,3,6,6.0,8.0,71,Finished,0,0
2021,9,2021-07-04,Austrian Grand Prix,red_bull_ring,raikkonen,RAI,alfa,16,15,15.0,0.0,70,+1 Lap,0,0
2021,9,2021-07-04,Austrian Grand Prix,red_bull_ring,ricciardo,RIC,mclaren,13,7,7.0,6.0,71,Finished,0,0
2021,9,2021-07-04,Austrian Grand Prix,red_bull_ring,russell,RUS,williams,8,11,11.0,0.0,70,+1 Lap,0,0
2021,9,2021-07-04,Austrian Grand Prix,red_bull_ring,sainz,SAI,ferrari,10,5,5.0,10.0,71,Finished,0,0
2021,9,2021-07-04,Austrian Grand Prix,red_bull_ring,stroll,STR,aston_martin,9,13,13.0,0.0,70,+1 Lap,0,0
2021,9,2021-07-04,Austrian Grand Prix,red_bull_ring,tsunoda,TSU,alphatauri,7,12,12.0,0.0,70,+1 Lap,0,0
2021,9,2021-07-04,Austrian Grand Prix,red_bull_ring,vettel,VET,aston_martin,11,17,17.0,0.0,69,Collision,0,0
2021,10,2021-07-18,British Grand Prix,silverstone,alonso,ALO,alpine,7,7,7.0,6.0,52,Finished,0,0
2021,10,2021-07-18,British Grand Prix,silverstone,bottas,BOT,mercedes,3,3,3.0,15.0,52,Finished,0,0
2021,10,2021-07-18,British Grand Prix,silverstone,gasly,GAS,alphatauri,11,11,11.0,0.0,52,Finished,0,0
2021,10,2021-07-18,British Grand Prix,silverstone,giovinazzi,GIO,alfa,15,13,13.0,0.0,51,+1 Lap,0,0
2021,10,2021-07-18,British Grand Prix,silverstone,hamilton,HAM,mercedes,2,1,1.0,25.0,52,Finished,0,1
2021,10,2021-07-18,British Grand Prix,silverstone,latifi,LAT,williams,17,14,14.0,0.0,51,+1 Lap,0,0
2021,10,2021-07-18,British Grand Prix,silverstone,leclerc,LEC,ferrari,4,2,2.0,18.0,52,Finished,0,0
2021,10,2021-07-18,British Grand Prix,silverstone,max_verstappen,VER,red_bull,1,R,,0.0,0,Collision,1,0
2021,10,2021-07-18,British Grand Prix,silverstone,mazepin,MAZ,haas,19,17,17.0,0.0,51,+1 Lap,0,0
2021,10,2021-07-18,British Grand Prix,silverstone,mick_schumacher,MSC,haas,18,18,18.0,0.0,51,+1 Lap,0,0
2021,10,2021-07-18,British Grand Prix,silverstone,norris,NOR,mclaren,5,4,4.0,12.0,52,Finished,0,0
2021,10,2021-07-18,British Grand Prix,silverstone,ocon,OCO,alpine,9,9,9.0,2.0,52,Finished,0,0
2021,10,2021-07-18,British Grand Prix,silverstone,perez,PER,red_bull,0,16,16.0,0.0,51,+1 Lap,0,0
2021,10,2021-07-18,British Grand Prix,silverstone,raikkonen,RAI,alfa,13,15,15.0,0.0,51,+1 Lap,0,0
2021,10,2021-07-18,British Grand Prix,silverstone,ricciardo,RIC,mclaren,6,5,5.0,10.0,52,Finished,0,0
2021,10,2021-07-18,British Grand Prix,silverstone,russell,RUS,williams,12,12,12.0,0.0,51,+1 Lap,0,0
2021,10,2021-07-18,British Grand Prix,silverstone,sainz,SAI,ferrari,10,6,6.0,8.0,52,Finished,0,0
2021,10,2021-07-18,British Grand Prix,silverstone,stroll,STR,aston_martin,14,8,8.0,4.0,52,Finished,0,0
2021,10,2021-07-18,British Grand Prix,silverstone,tsunoda,TSU,alphatauri,16,10,10.0,1.0,52,Finished,0,0
2021,10,2021-07-18,British Grand Prix,silverstone,vettel,VET,aston_martin,8,R,,0.0,40,Retired,1,0
2021,11,2021-08-01,Hungarian Grand Prix,hungaroring,alonso,ALO,alpine,9,4,4.0,12.0,70,Finished,0,0
2021,11,2021-08-01,Hungarian Grand Prix,hungaroring,bottas,BOT,mercedes,2,R,,0.0,0,Collision,1,0
2021,11,2021-08-01,Hungarian Grand Prix,hungaroring,gasly,GAS,alphatauri,5,5,5.0,11.0,70,Finished,0,0
2021,11,2021-08-01,Hungarian Grand Prix,hungaroring,giovinazzi,GIO,alfa,0,13,13.0,0.0,69,+1 Lap,0,0
2021,11,2021-08-01,Hungarian Grand Prix,hungaroring,hamilton,HAM,mercedes,1,2,2.0,18.0,70,Finished,0,0
2021,11,2021-08-01,Hungarian Grand Prix,hungaroring,latifi,LAT,williams,18,7,7.0,6.0,70,Finished,0,0
2021,11,2021-08-01,Hungarian Grand Prix,hungaroring,leclerc,LEC,ferrari,7,R,,0.0,0,Collision,1,0
2021,11,2021-08-01,Hungarian Grand Prix,hungaroring,max_verstappen,VER,red_bull,3,9,9.0,2.0,70,Finished,0,0
2021,11,2021-08-01,Hungarian Grand Prix,hungaroring,mazepin,MAZ,haas,19,R,,0.0,3,Collision,1,0
2021,11,2021-08-01,Hungarian Grand Prix,hungaroring,mick_schumacher,MSC,haas,20,12,12.0,0.0,69,+1 Lap,0,0
2021,11,2021-08-01,Hungarian Grand Prix,hungaroring,norris,NOR,mclaren,6,R,,0.0,2,Collision,1,0
2021,11,2021-08-01,Hungarian Grand Prix,hungaroring,ocon,OCO,alpine,8,1,1.0,25.0,70,Finished,0,1
2021,11,2021-08-01,Hungarian Grand Prix,hungaroring,perez,PER,red_bull,4,R,,0.0,0,Collision,1,0
2021,11,2021-08-01,Hungarian Grand Prix,hungaroring,raikkonen,RAI,alfa,13,10,10.0,1.0,69,+1 Lap,0,0
2021,11,2021-08-01,Hungarian Grand Prix,hungaroring,ricciardo,RIC,mclaren,11,11,11.0,0.0,69,+1 Lap,0,0
2021,11,2021-08-01,Hungarian Grand Prix,hungaroring,russell,RUS,williams,17,8,8.0,4.0,70,Finished,0,0
2021,11,2021-08-01,Hungarian Grand Prix,hungaroring,sainz,SAI,ferrari,15,3,3.0,15.0,70,Finished,0,0
2021,11,2021-08-01,Hungarian Grand Prix,hungaroring,stroll,STR,aston_martin,12,R,,0.0,0,Collision,1,0
2021,11,2021-08-01,Hungarian Grand Prix,hungaroring,tsunoda,TSU,alphatauri,16,6,6.0,8.0,70,Finished,0,0
2021,11,2021-08-01,Hungarian Grand Prix,hungaroring,vettel,VET,aston_martin,10,D,,0.0,70,Disqualified,1,0
2021,12,2021-08-29,Belgian Grand Prix,spa,alonso,ALO,alpine,12,11,11.0,0.0,1,Finished,0,0
2021,12,2021-08-29,Belgian Grand Prix,spa,bottas,BOT,mercedes,13,12,12.0,0.0,1,Finished,0,0
2021,12,2021-08-29,Belgian Grand Prix,spa,gasly,GAS,alphatauri,6,6,6.0,4.0,1,Finished,0,0
2021,12,2021-08-29,Belgian Grand Prix,spa,giovinazzi,GIO,alfa,14,13,13.0,0.0,1,Finished,0,0
2021,12,2021-08-29,Belgian Grand Prix,spa,hamilton,HAM,mercedes,3,3,3.0,7.5,1,Finished,0,0
2021,12,2021-08-29,Belgian Grand Prix,spa,latifi,LAT,williams,10,9,9.0,1.0,1,Finished,0,0
2021,12,2021-08-29,Belgian Grand Prix,spa,leclerc,LEC,ferrari,9,8,8.0,2.0,1,Finished,0,0
2021,12,2021-08-29,Belgian Grand Prix,spa,max_verstappen,VER,red_bull,1,1,1.0,12.5,1,Finished,0,1
2021,12,2021-08-29,Belgian Grand Prix,spa,mazepin,MAZ,haas,18,17,17.0,0.0,1,Finished,0,0
2021,12,2021-08-29,Belgian Grand Prix,spa,mick_schumacher,MSC,haas,17,16,16.0,0.0,1,Finished,0,0
2021,12,2021-08-29,Belgian Grand Prix,spa,norris,NOR,mclaren,15,14,14.0,0.0,1,Finished,0,0
2021,12,2021-08-29,Belgian Grand Prix,spa,ocon,OCO,alpine,8,7,7.0,3.0,1,Finished,0,0
2021,12,2021-08-29,Belgian Grand Prix,spa,perez,PER,red_bull,0,19,19.0,0.0,1,Finished,0,0
2021,12,2021-08-29,Belgian Grand Prix,spa,raikkonen,RAI,alfa,0,18,18.0,0.0,1,Finished,0,0
2021,12,2021-08-29,Belgian Grand Prix,spa,ricciardo,RIC,mclaren,4,4,4.0,6.0,1,Finished,0,0
2021,12,2021-08-29,Belgian Grand Prix,spa,russell,RUS,williams,2,2,2.0,9.0,1,Finished,0,0
2021,12,2021-08-29,Belgian Grand Prix,spa,sainz,SAI,ferrari,11,10,10.0,0.5,1,Finished,0,0
2021,12,2021-08-29,Belgian Grand Prix,spa,stroll,STR,aston_martin,19,20,20.0,0.0,1,Finished,0,0
2021,12,2021-08-29,Belgian Grand Prix,spa,tsunoda,TSU,alphatauri,16,15,15.0,0.0,1,Finished,0,0
2021,12,2021-08-29,Belgian Grand Prix,spa,vettel,VET,aston_martin,5,5,5.0,5.0,1,Finished,0,0
2021,13,2021-09-05,Dutch Grand Prix,zandvoort,alonso,ALO,alpine,9,6,6.0,8.0,71,+1 Lap,0,0
2021,13,2021-09-05,Dutch Grand Prix,zandvoort,bottas,BOT,mercedes,3,3,3.0,15.0,72,Finished,0,0
2021,13,2021-09-05,Dutch Grand Prix,zandvoort,gasly,GAS,alphatauri,4,4,4.0,12.0,71,+1 Lap,0,0
2021,13,2021-09-05,Dutch Grand Prix,zandvoort,giovinazzi,GIO,alfa,7,14,14.0,0.0,70,+2 Laps,0,0
2021,13,2021-09-05,Dutch Grand Prix,zandvoort,hamilton,HAM,mercedes,2,2,2.0,19.0,72,Finished,0,0
2021,13,2021-09-05,Dutch Grand Prix,zandvoort,kubica,KUB,alfa,16,15,15.0,0.0,70,+2 Laps,0,0
2021,13,2021-09-05,Dutch Grand Prix,zandvoort,latifi,LAT,williams,0,16,16.0,0.0,70,+2 Laps,0,0
2021,13,2021-09-05,Dutch Grand Prix,zandvoort,leclerc,LEC,ferrari,5,5,5.0,10.0,71,+1 Lap,0,0
2021,13,2021-09-05,Dutch Grand Prix,zandvoort,max_verstappen,VER,red_bull,1,1,1.0,25.0,72,Finished,0,1
2021,13,2021-09-05,Dutch Grand Prix,zandvoort,mazepin,MAZ,haas,18,R,,0.0,41,Hydraulics,1,0
2021,13,2021-09-05,Dutch Grand Prix,zandvoort,mick_schumacher,MSC,haas,17,18,18.0,0.0,69,+3 Laps,0,0
2021,13,2021-09-05,Dutch Grand Prix,zandvoort,norris,NOR,mclaren,13,10,10.0,1.0,71,+1 Lap,0,0
2021,13,2021-09-05,Dutch Grand Prix,zandvoort,ocon,OCO,alpine,8,9,9.0,2.0,71,+1 Lap,0,0
2021,13,2021-09-05,Dutch Grand Prix,zandvoort,perez,PER,red_bull,0,8,8.0,4.0,71,+1 Lap,0,0
2021,13,2021-09-05,Dutch Grand Prix,zandvoort,ricciardo,RIC,mclaren,10,11,11.0,0.0,71,+1 Lap,0,0
2021,13,2021-09-05,Dutch Grand Prix,zandvoort,russell,RUS,williams,11,17,17.0,0.0,69,Gearbox,0,0
2021,13,2021-09-05,Dutch Grand Prix,zandvoort,sainz,SAI,ferrari,6,7,7.0,6.0,71,+1 Lap,0,0
2021,13,2021-09-05,Dutch Grand Prix,zandvoort,stroll,STR,aston_martin,12,12,12.0,0.0,70,+2 Laps,0,0
2021,13,2021-09-05,Dutch Grand Prix,zandvoort,tsunoda,TSU,alphatauri,14,R,,0.0,48,Power Unit,1,0
2021,13,2021-09-05,Dutch Grand Prix,zandvoort,vettel,VET,aston_martin,15,13,13.0,0.0,70,+2 Laps,0,0
2021,14,2021-09-12,Italian Grand Prix,monza,alonso,ALO,alpine,10,8,8.0,4.0,53,Finished,0,0
2021,14,2021-09-12,Italian Grand Prix,monza,bottas,BOT,mercedes,19,3,3.0,15.0,53,Finished,0,0
2021,14,2021-09-12,Italian Grand Prix,monza,gasly,GAS,alphatauri,0,R,,0.0,3,Suspension,1,0
2021,14,2021-09-12,Italian Grand Prix,monza,giovinazzi,GIO,alfa,7,13,13.0,0.0,53,Finished,0,0
2021,14,2021-09-12,Italian Grand Prix,monza,hamilton,HAM,mercedes,4,R,,0.0,25,Collision,1,0
2021,14,2021-09-12,Italian Grand Prix,monza,kubica,KUB,alfa,17,14,14.0,0.0,53,Finished,0,0
2021,14,2021-09-12,Italian Grand Prix,monza,latifi,LAT,williams,13,11,11.0,0.0,53,Finished,0,0
2021,14,2021-09-12,Italian Grand Prix,monza,leclerc,LEC,ferrari,5,4,4.0,12.0,53,Finished,0,0
2021,14,2021-09-12,Italian Grand Prix,monza,max_verstappen,VER,red_bull,1,R,,0.0,25,Collision,1,0
2021,14,2021-09-12,Italian Grand Prix,monza,mazepin,MAZ,haas,16,R,,0.0,41,Power Unit,1,0
2021,14,2021-09-12,Italian Grand Prix,monza,mick_schumacher,MSC,haas,18,15,15.0,0.0,53,Finished,0,0
2021,14,2021-09-12,Italian Grand Prix,monza,norris,NOR,mclaren,3,2,2.0,18.0,53,Finished,0,0
2021,14,2021-09-12,Italian Grand Prix,monza,ocon,OCO,alpine,12,10,10.0,1.0,53,Finished,0,0
2021,14,2021-09-12,Italian Grand Prix,monza,perez,PER,red_bull,8,5,5.0,10.0,53,Finished,0,0
2021,14,2021-09-12,Italian Grand Prix,monza,ricciardo,RIC,mclaren,2,1,1.0,26.0,53,Finished,0,1
2021,14,2021-09-12,Italian Grand Prix,monza,russell,RUS,williams,14,9,9.0,2.0,53,Finished,0,0
2021,14,2021-09-12,Italian Grand Prix,monza,sainz,SAI,ferrari,6,6,6.0,8.0,53,Finished,0,0
2021,14,2021-09-12,Italian Grand Prix,monza,stroll,STR,aston_martin,9,7,7.0,6.0,53,Finished,0,0
2021,14,2021-09-12,Italian Grand Prix,monza,tsunoda,TSU,alphatauri,0,W,,0.0,0,Brakes,1,0
2021,14,2021-09-12,Italian Grand Prix,monza,vettel,VET,aston_martin,11,12,12.0,0.0,53,Finished,0,0
2021,15,2021-09-26,Russian Grand Prix,sochi,alonso,ALO,alpine,6,6,6.0,8.0,53,Finished,0,0
2021,15,2021-09-26,Russian Grand Prix,sochi,bottas,BOT,mercedes,16,5,5.0,10.0,53,Finished,0,0
2021,15,2021-09-26,Russian Grand Prix,sochi,gasly,GAS,alphatauri,11,13,13.0,0.0,52,+1 Lap,0,0
2021,15,2021-09-26,Russian Grand Prix,sochi,giovinazzi,GIO,alfa,17,16,16.0,0.0,52,+1 Lap,0,0
2021,15,2021-09-26,Russian Grand Prix,sochi,hamilton,HAM,mercedes,4,1,1.0,25.0,53,Finished,0,1
2021,15,2021-09-26,Russian Grand Prix,sochi,latifi,LAT,williams,18,19,19.0,0.0,47,Accident,0,0
2021,15,2021-09-26,Russian Grand Prix,sochi,leclerc,LEC,ferrari,19,15,15.0,0.0,52,+1 Lap,0,0
2021,15,2021-09-26,Russian Grand Prix,sochi,max_verstappen,VER,red_bull,20,2,2.0,18.0,53,Finished,0,0
2021,15,2021-09-26,Russian Grand Prix,sochi,mazepin,MAZ,haas,15,18,18.0,0.0,51,+2 Laps,0,0
2021,15,2021-09-26,Russian Grand Prix,sochi,mick_schumacher,MSC,haas,14,R,,0.0,32,Oil leak,1,0
2021,15,2021-09-26,Russian Grand Prix,sochi,norris,NOR,mclaren,1,7,7.0,7.0,53,Finished,0,0
2021,15,2021-09-26,Russian Grand Prix,sochi,ocon,OCO,alpine,9,14,14.0,0.0,52,+1 Lap,0,0
2021,15,2021-09-26,Russian Grand Prix,sochi,perez,PER,red_bull,8,9,9.0,2.0,53,Finished,0,0
2021,15,2021-09-26,Russian Grand Prix,sochi,raikkonen,RAI,alfa,13,8,8.0,4.0,53,Finished,0,0
2021,15,2021-09-26,Russian Grand Prix,sochi,ricciardo,RIC,mclaren,5,4,4.0,12.0,53,Finished,0,0
2021,15,2021-09-26,Russian Grand Prix,sochi,russell,RUS,williams,3,10,10.0,1.0,53,Finished,0,0
2021,15,2021-09-26,Russian Grand Prix,sochi,sainz,SAI,ferrari,2,3,3.0,15.0,53,Finished,0,0
2021,15,2021-09-26,Russian Grand Prix,sochi,stroll,STR,aston_martin,7,11,11.0,0.0,53,Finished,0,0
2021,15,2021-09-26,Russian Grand Prix,sochi,tsunoda,TSU,alphatauri,12,17,17.0,0.0,52,+1 Lap,0,0
2021,15,2021-09-26,Russian Grand Prix,sochi,vettel,VET,aston_martin,10,12,12.0,0.0,52,+1 Lap,0,0
2021,16,2021-10-10,Turkish Grand Prix,istanbul,alonso,ALO,alpine,5,16,16.0,0.0,57,+1 Lap,0,0
2021,16,2021-10-10,Turkish Grand Prix,istanbul,bottas,BOT,mercedes,1,1,1.0,26.0,58,Finished,0,1
2021,16,2021-10-10,Turkish Grand Prix,istanbul,gasly,GAS,alphatauri,4,6,6.0,8.0,58,Finished,0,0
2021,16,2021-10-10,Turkish Grand Prix,istanbul,giovinazzi,GIO,alfa,16,11,11.0,0.0,57,+1 Lap,0,0
2021,16,2021-10-10,Turkish Grand Prix,istanbul,hamilton,HAM,mercedes,11,5,5.0,10.0,58,Finished,0,0
2021,16,2021-10-10,Turkish Grand Prix,istanbul,latifi,LAT,williams,15,17,17.0,0.0,57,+1 Lap,0,0
2021,16,2021-10-10,Turkish Grand Prix,istanbul,leclerc,LEC,ferrari,3,4,4.0,12.0,58,Finished,0,0
2021,16,2021-10-10,Turkish Grand Prix,istanbul,max_verstappen,VER,red_bull,2,2,2.0,18.0,58,Finished,0,0
2021,16,2021-10-10,Turkish Grand Prix,istanbul,mazepin,MAZ,haas,18,20,20.0,0.0,56,+2 Laps,0,0
2021,16,2021-10-10,Turkish Grand Prix,istanbul,mick_schumacher,MSC,haas,14,19,19.0,0.0,56,+2 Laps,0,0
2021,16,2021-10-10,Turkish Grand Prix,istanbul,norris,NOR,mclaren,7,7,7.0,6.0,58,Finished,0,0
2021,16,2021-10-10,Turkish Grand Prix,istanbul,ocon,OCO,alpine,12,10,10.0,1.0,57,+1 Lap,0,0
2021,16,2021-10-10,Turkish Grand Prix,istanbul,perez,PER,red_bull,6,3,3.0,15.0,58,Finished,0,0
2021,16,2021-10-10,Turkish Grand Prix,istanbul,raikkonen,RAI,alfa,17,12,12.0,0.0,57,+1 Lap,0,0
2021,16,2021-10-10,Turkish Grand Prix,istanbul,ricciardo,RIC,mclaren,20,13,13.0,0.0,57,+1 Lap,0,0
2021,16,2021-10-10,Turkish Grand Prix,istanbul,russell,RUS,williams,13,15,15.0,0.0,57,+1 Lap,0,0
2021,16,2021-10-10,Turkish Grand Prix,istanbul,sainz,SAI,ferrari,19,8,8.0,4.0,58,Finished,0,0
2021,16,2021-10-10,Turkish Grand Prix,istanbul,stroll,STR,aston_martin,8,9,9.0,2.0,58,Finished,0,0
2021,16,2021-10-10,Turkish Grand Prix,istanbul,tsunoda,TSU,alphatauri,9,14,14.0,0.0,57,+1 Lap,0,0
2021,16,2021-10-10,Turkish Grand Prix,istanbul,vettel,VET,aston_martin,10,18,18.0,0.0,57,+1 Lap,0,0
2021,17,2021-10-24,United States Grand Prix,americas,alonso,ALO,alpine,19,R,,0.0,49,Rear wing,1,0
2021,17,2021-10-24,United States Grand Prix,americas,bottas,BOT,mercedes,9,6,6.0,8.0,56,Finished,0,0
2021,17,2021-10-24,United States Grand Prix,americas,gasly,GAS,alphatauri,8,R,,0.0,14,Suspension,1,0
2021,17,2021-10-24,United States Grand Prix,americas,giovinazzi,GIO,alfa,12,11,11.0,0.0,55,+1 Lap,0,0
2021,17,2021-10-24,United States Grand Prix,americas,hamilton,HAM,mercedes,2,2,2.0,19.0,56,Finished,0,0
2021,17,2021-10-24,United States Grand Prix,americas,latifi,LAT,williams,14,15,15.0,0.0,55,+1 Lap,0,0
2021,17,2021-10-24,United States Grand Prix,americas,leclerc,LEC,ferrari,4,4,4.0,12.0,56,Finished,0,0
2021,17,2021-10-24,United States Grand Prix,americas,max_verstappen,VER,red_bull,1,1,1.0,25.0,56,Finished,0,1
2021,17,2021-10-24,United States Grand Prix,americas,mazepin,MAZ,haas,17,17,17.0,0.0,54,+2 Laps,0,0
2021,17,2021-10-24,United States Grand Prix,americas,mick_schumacher,MSC,haas,16,16,16.0,0.0,54,+2 Laps,0,0
2021,17,2021-10-24,United States Grand Prix,americas,norris,NOR,mclaren,7,8,8.0,4.0,56,Finished,0,0
2021,17,2021-10-24,United States Grand Prix,americas,ocon,OCO,alpine,11,R,,0.0,40,Mechanical,1,0
2021,17,2021-10-24,United States Grand Prix,americas,perez,PER,red_bull,3,3,3.0,15.0,56,Finished,0,0
2021,17,2021-10-24,United States Grand Prix,americas,raikkonen,RAI,alfa,15,13,13.0,0.0,55,+1 Lap,0,0
2021,17,2021-10-24,United States Grand Prix,americas,ricciardo,RIC,mclaren,6,5,5.0,10.0,56,Finished,0,0
2021,17,2021-10-24,United States Grand Prix,americas,russell,RUS,williams,20,14,14.0,0.0,55,+1 Lap,0,0
2021,17,2021-10-24,United States Grand Prix,americas,sainz,SAI,ferrari,5,7,7.0,6.0,56,Finished,0,0
2021,17,2021-10-24,United States Grand Prix,americas,stroll,STR,aston_martin,13,12,12.0,0.0,55,+1 Lap,0,0
2021,17,2021-10-24,United States Grand Prix,americas,tsunoda,TSU,alphatauri,10,9,9.0,2.0,55,+1 Lap,0,0
2021,17,2021-10-24,United States Grand Prix,americas,vettel,VET,aston_martin,18,10,10.0,1.0,55,+1 Lap,0,0
2021,18,2021-11-07,Mexico City Grand Prix,rodriguez,alonso,ALO,alpine,12,9,9.0,2.0,70,+1 Lap,0,0
2021,18,2021-11-07,Mexico City Grand Prix,rodriguez,bottas,BOT,mercedes,1,15,15.0,0.0,69,+2 Laps,0,0
2021,18,2021-11-07,Mexico City Grand Prix,rodriguez,gasly,GAS,alphatauri,5,4,4.0,12.0,71,Finished,0,0
2021,18,2021-11-07,Mexico City Grand Prix,rodriguez,giovinazzi,GIO,alfa,11,11,11.0,0.0,70,+1 Lap,0,0
2021,18,2021-11-07,Mexico City Grand Prix,rodriguez,hamilton,HAM,mercedes,2,2,2.0,18.0,71,Finished,0,0
2021,18,2021-11-07,Mexico City Grand Prix,rodriguez,latifi,LAT,williams,13,17,17.0,0.0,69,+2 Laps,0,0
2021,18,2021-11-07,Mexico City Grand Prix,rodriguez,leclerc,LEC,ferrari,8,5,5.0,10.0,71,Finished,0,0
2021,18,2021-11-07,Mexico City Grand Prix,rodriguez,max_verstappen,VER,red_bull,3,1,1.0,25.0,71,Finished,0,1
2021,18,2021-11-07,Mexico City Grand Prix,rodriguez,mazepin,MAZ,haas,15,18,18.0,0.0,68,+3 Laps,0,0
2021,18,2021-11-07,Mexico City Grand Prix,rodriguez,mick_schumacher,MSC,haas,14,R,,0.0,0,Collision,1,0
2021,18,2021-11-07,Mexico City Grand Prix,rodriguez,norris,NOR,mclaren,18,10,10.0,1.0,70,+1 Lap,0,0
2021,18,2021-11-07,Mexico City Grand Prix,rodriguez,ocon,OCO,alpine,19,13,13.0,0.0,70,+1 Lap,0,0
2021,18,2021-11-07,Mexico City Grand Prix,rodriguez,perez,PER,red_bull,4,3,3.0,15.0,71,Finished,0,0
2021,18,2021-11-07,Mexico City Grand Prix,rodriguez,raikkonen,RAI,alfa,10,8,8.0,4.0,70,+1 Lap,0,0
2021,18,2021-11-07,Mexico City Grand Prix,rodriguez,ricciardo,RIC,mclaren,7,12,12.0,0.0,70,+1 Lap,0,0
2021,18,2021-11-07,Mexico City Grand Prix,rodriguez,russell,RUS,williams,16,16,16.0,0.0,69,+2 Laps,0,0
2021,18,2021-11-07,Mexico City Grand Prix,rodriguez,sainz,SAI,ferrari,6,6,6.0,8.0,70,+1 Lap,0,0
2021,18,2021-11-07,Mexico City Grand Prix,rodriguez,stroll,STR,aston_martin,20,14,14.0,0.0,69,+2 Laps,0,0
2021,18,2021-11-07,Mexico City Grand Prix,rodriguez,tsunoda,TSU,alphatauri,17,R,,0.0,0,Collision,1,0
2021,18,2021-11-07,Mexico City Grand Prix,rodriguez,vettel,VET,aston_martin,9,7,7.0,6.0,70,+1 Lap,0,0
2021,19,2021-11-14,São Paulo Grand Prix,interlagos,alonso,ALO,alpine,12,9,9.0,2.0,70,+1 Lap,0,0
2021,19,2021-11-14,São Paulo Grand Prix,interlagos,bottas,BOT,mercedes,1,3,3.0,15.0,71,Finished,0,0
2021,19,2021-11-14,São Paulo Grand Prix,interlagos,gasly,GAS,alphatauri,7,7,7.0,6.0,70,+1 Lap,0,0
2021,19,2021-11-14,São Paulo Grand Prix,interlagos,giovinazzi,GIO,alfa,13,14,14.0,0.0,70,+1 Lap,0,0
2021,19,2021-11-14,São Paulo Grand Prix,interlagos,hamilton,HAM,mercedes,10,1,1.0,25.0,71,Finished,0,1
2021,19,2021-11-14,São Paulo Grand Prix,interlagos,latifi,LAT,williams,16,16,16.0,0.0,70,+1 Lap,0,0
2021,19,2021-11-14,São Paulo Grand Prix,interlagos,leclerc,LEC,ferrari,6,5,5.0,10.0,71,Finished,0,0
2021,19,2021-11-14,São Paulo Grand Prix,interlagos,max_verstappen,VER,red_bull,2,2,2.0,18.0,71,Finished,0,0
2021,19,2021-11-14,São Paulo Grand Prix,interlagos,mazepin,MAZ,haas,19,17,17.0,0.0,69,+2 Laps,0,0
2021,19,2021-11-14,São Paulo Grand Prix,interlagos,mick_schumacher,MSC,haas,18,18,18.0,0.0,69,+2 Laps,0,0
2021,19,2021-11-14,São Paulo Grand Prix,interlagos,norris,NOR,mclaren,5,10,10.0,1.0,70,+1 Lap,0,0
2021,19,2021-11-14,São Paulo Grand Prix,interlagos,ocon,OCO,alpine,8,8,8.0,4.0,70,+1 Lap,0,0
2021,19,2021-11-14,São Paulo Grand Prix,interlagos,perez,PER,red_bull,4,4,4.0,13.0,71,Finished,0,0
2021,19,2021-11-14,São Paulo Grand Prix,interlagos,raikkonen,RAI,alfa,0,12,12.0,0.0,70,+1 Lap,0,0
2021,19,2021-11-14,São Paulo Grand Prix,interlagos,ricciardo,RIC,mclaren,11,R,,0.0,49,Power loss,1,0
2021,19,2021-11-14,São Paulo Grand Prix,interlagos,russell,RUS,williams,17,13,13.0,0.0,70,+1 Lap,0,0
2021,19,2021-11-14,São Paulo Grand Prix,interlagos,sainz,SAI,ferrari,3,6,6.0,8.0,71,Finished,0,0
2021,19,2021-11-14,São Paulo Grand Prix,interlagos,stroll,STR,aston_martin,14,R,,0.0,47,Collision damage,1,0
2021,19,2021-11-14,São Paulo Grand Prix,interlagos,tsunoda,TSU,alphatauri,15,15,15.0,0.0,70,+1 Lap,0,0
2021,19,2021-11-14,São Paulo Grand Prix,interlagos,vettel,VET,aston_martin,9,11,11.0,0.0,70,+1 Lap,0,0
2021,20,2021-11-21,Qatar Grand Prix,losail,alonso,ALO,alpine,3,3,3.0,15.0,57,Finished,0,0
2021,20,2021-11-21,Qatar Grand Prix,losail,bottas,BOT,mercedes,6,R,,0.0,48,Damage,1,0
2021,20,2021-11-21,Qatar Grand Prix,losail,gasly,GAS,alphatauri,2,11,11.0,0.0,56,+1 Lap,0,0
2021,20,2021-11-21,Qatar Grand Prix,losail,giovinazzi,GIO,alfa,18,15,15.0,0.0,56,+1 Lap,0,0
2021,20,2021-11-21,Qatar Grand Prix,losail,hamilton,HAM,mercedes,1,1,1.0,25.0,57,Finished,0,1
2021,20,2021-11-21,Qatar Grand Prix,losail,latifi,LAT,williams,17,R,,0.0,50,Puncture,1,0
2021,20,2021-11-21,Qatar Grand Prix,losail,leclerc,LEC,ferrari,13,8,8.0,4.0,57,Finished,0,0
2021,20,2021-11-21,Qatar Grand Prix,losail,max_verstappen,VER,red_bull,7,2,2.0,19.0,57,Finished,0,0
2021,20,2021-11-21,Qatar Grand Prix,losail,mazepin,MAZ,haas,20,18,18.0,0.0,55,+2 Laps,0,0
2021,20,2021-11-21,Qatar Grand Prix,losail,mick_schumacher,MSC,haas,19,16,16.0,0.0,56,+1 Lap,0,0
2021,20,2021-11-21,Qatar Grand Prix,losail,norris,NOR,mclaren,4,9,9.0,2.0,56,+1 Lap,0,0
2021,20,2021-11-21,Qatar Grand Prix,losail,ocon,OCO,alpine,9,5,5.0,10.0,57,Finished,0,0
2021,20,2021-11-21,Qatar Grand Prix,losail,perez,PER,red_bull,11,4,4.0,12.0,57,Finished,0,0
2021,20,2021-11-21,Qatar Grand Prix,losail,raikkonen,RAI,alfa,16,14,14.0,0.0,56,+1 Lap,0,0
2021,20,2021-11-21,Qatar Grand Prix,losail,ricciardo,RIC,mclaren,14,12,12.0,0.0,56,+1 Lap,0,0
2021,20,2021-11-21,Qatar Grand Prix,losail,russell,RUS,williams,15,17,17.0,0.0,55,+2 Laps,0,0
2021,20,2021-11-21,Qatar Grand Prix,losail,sainz,SAI,ferrari,5,7,7.0,6.0,57,Finished,0,0
2021,20,2021-11-21,Qatar Grand Prix,losail,stroll,STR,aston_martin,12,6,6.0,8.0,57,Finished,0,0
2021,20,2021-11-21,Qatar Grand Prix,losail,tsunoda,TSU,alphatauri,8,13,13.0,0.0,56,+1 Lap,0,0
2021,20,2021-11-21,Qatar Grand Prix,losail,vettel,VET,aston_martin,10,10,10.0,1.0,56,+1 Lap,0,0
2021,21,2021-12-05,Saudi Arabian Grand Prix,jeddah,alonso,ALO,alpine,13,13,13.0,0.0,49,+1 Lap,0,0
2021,21,2021-12-05,Saudi Arabian Grand Prix,jeddah,bottas,BOT,mercedes,2,3,3.0,15.0,50,Finished,0,0
2021,21,2021-12-05,Saudi Arabian Grand Prix,jeddah,gasly,GAS,alphatauri,6,6,6.0,8.0,50,Finished,0,0
2021,21,2021-12-05,Saudi Arabian Grand Prix,jeddah,giovinazzi,GIO,alfa,10,9,9.0,2.0,50,Finished,0,0
2021,21,2021-12-05,Saudi Arabian Grand Prix,jeddah,hamilton,HAM,mercedes,1,1,1.0,26.0,50,Finished,0,1
2021,21,2021-12-05,Saudi Arabian Grand Prix,jeddah,latifi,LAT,williams,16,12,12.0,0.0,50,Finished,0,0
2021,21,2021-12-05,Saudi Arabian Grand Prix,jeddah,leclerc,LEC,ferrari,4,7,7.0,6.0,50,Finished,0,0
2021,21,2021-12-05,Saudi Arabian Grand Prix,jeddah,max_verstappen,VER,red_bull,3,2,2.0,18.0,50,Finished,0,0
2021,21,2021-12-05,Saudi Arabian Grand Prix,jeddah,mazepin,MAZ,haas,20,R,,0.0,14,Collision,1,0
2021,21,2021-12-05,Saudi Arabian Grand Prix,jeddah,mick_schumacher,MSC,haas,19,R,,0.0,8,Accident,1,0
2021,21,2021-12-05,Saudi Arabian Grand Prix,jeddah,norris,NOR,mclaren,7,10,10.0,1.0,50,Finished,0,0
2021,21,2021-12-05,Saudi Arabian Grand Prix,jeddah,ocon,OCO,alpine,9,4,4.0,12.0,50,Finished,0,0
2021,21,2021-12-05,Saudi Arabian Grand Prix,jeddah,perez,PER,red_bull,5,R,,0.0,14,Collision,1,0
2021,21,2021-12-05,Saudi Arabian Grand Prix,jeddah,raikkonen,RAI,alfa,12,15,15.0,0.0,49,+1 Lap,0,0
2021,21,2021-12-05,Saudi Arabian Grand Prix,jeddah,ricciardo,RIC,mclaren,11,5,5.0,10.0,50,Finished,0,0
2021,21,2021-12-05,Saudi Arabian Grand Prix,jeddah,russell,RUS,williams,14,R,,0.0,14,Collision,1,0
2021,21,2021-12-05,Saudi Arabian Grand Prix,jeddah,sainz,SAI,ferrari,15,8,8.0,4.0,50,Finished,0,0
2021,21,2021-12-05,Saudi Arabian Grand Prix,jeddah,stroll,STR,aston_martin,18,11,11.0,0.0,50,Finished,0,0
2021,21,2021-12-05,Saudi Arabian Grand Prix,jeddah,tsunoda,TSU,alphatauri,8,14,14.0,0.0,49,+1 Lap,0,0
2021,21,2021-12-05,Saudi Arabian Grand Prix,jeddah,vettel,VET,aston_martin,17,R,,0.0,44,Collision damage,1,0
2021,22,2021-12-12,Abu Dhabi Grand Prix,yas_marina,alonso,ALO,alpine,11,8,8.0,4.0,58,Finished,0,0
2021,22,2021-12-12,Abu Dhabi Grand Prix,yas_marina,bottas,BOT,mercedes,6,6,6.0,8.0,58,Finished,0,0
2021,22,2021-12-12,Abu Dhabi Grand Prix,yas_marina,gasly,GAS,alphatauri,12,5,5.0,10.0,58,Finished,0,0
2021,22,2021-12-12,Abu Dhabi Grand Prix,yas_marina,giovinazzi,GIO,alfa,14,R,,0.0,33,Gearbox,1,0
2021,22,2021-12-12,Abu Dhabi Grand Prix,yas_marina,hamilton,HAM,mercedes,2,2,2.0,18.0,58,Finished,0,0
2021,22,2021-12-12,Abu Dhabi Grand Prix,yas_marina,latifi,LAT,williams,16,R,,0.0,50,Accident,1,0
2021,22,2021-12-12,Abu Dhabi Grand Prix,yas_marina,leclerc,LEC,ferrari,7,10,10.0,1.0,58,Finished,0,0
2021,22,2021-12-12,Abu Dhabi Grand Prix,yas_marina,max_verstappen,VER,red_bull,1,1,1.0,26.0,58,Finished,0,1
2021,22,2021-12-12,Abu Dhabi Grand Prix,yas_marina,mazepin,MAZ,haas,20,W,,0.0,0,Illness,1,0
2021,22,2021-12-12,Abu Dhabi Grand Prix,yas_marina,mick_schumacher,MSC,haas,19,14,14.0,0.0,57,+1 Lap,0,0
2021,22,2021-12-12,Abu Dhabi Grand Prix,yas_marina,norris,NOR,mclaren,3,7,7.0,6.0,58,Finished,0,0
2021,22,2021-12-12,Abu Dhabi Grand Prix,yas_marina,ocon,OCO,alpine,9,9,9.0,2.0,58,Finished,0,0
2021,22,2021-12-12,Abu Dhabi Grand Prix,yas_marina,perez,PER,red_bull,4,15,15.0,0.0,55,Engine,0,0
2021,22,2021-12-12,Abu Dhabi Grand Prix,yas_marina,raikkonen,RAI,alfa,18,R,,0.0,25,Brakes,1,0
2021,22,2021-12-12,Abu Dhabi Grand Prix,yas_marina,ricciardo,RIC,mclaren,10,12,12.0,0.0,57,+1 Lap,0,0
2021,22,2021-12-12,Abu Dhabi Grand Prix,yas_marina,russell,RUS,williams,17,R,,0.0,26,Gearbox,1,0
2021,22,2021-12-12,Abu Dhabi Grand Prix,yas_marina,sainz,SAI,ferrari,5,3,3.0,15.0,58,Finished,0,0
2021,22,2021-12-12,Abu Dhabi Grand Prix,yas_marina,stroll,STR,aston_martin,13,13,13.0,0.0,57,+1 Lap,0,0
2021,22,2021-12-12,Abu Dhabi Grand Prix,yas_marina,tsunoda,TSU,alphatauri,8,4,4.0,12.0,58,Finished,0,0
2021,22,2021-12-12,Abu Dhabi Grand Prix,yas_marina,vettel,VET,aston_martin,15,11,11.0,0.0,58,Finished,0,0
2022,1,2022-03-20,Bahrain Grand Prix,bahrain,albon,ALB,williams,14,13,13.0,0.0,57,Finished,0,0
2022,1,2022-03-20,Bahrain Grand Prix,bahrain,alonso,ALO,alpine,8,9,9.0,2.0,57,Finished,0,0
2022,1,2022-03-20,Bahrain Grand Prix,bahrain,bottas,BOT,alfa,6,6,6.0,8.0,57,Finished,0,0
2022,1,2022-03-20,Bahrain Grand Prix,bahrain,gasly,GAS,alphatauri,10,R,,0.0,44,Power Unit,1,0
2022,1,2022-03-20,Bahrain Grand Prix,bahrain,hamilton,HAM,mercedes,5,3,3.0,15.0,57,Finished,0,0
2022,1,2022-03-20,Bahrain Grand Prix,bahrain,hulkenberg,HUL,aston_martin,17,17,17.0,0.0,57,Finished,0,0
2022,1,2022-03-20,Bahrain Grand Prix,bahrain,kevin_magnussen,MAG,haas,7,5,5.0,10.0,57,Finished,0,0
2022,1,2022-03-20,Bahrain Grand Prix,bahrain,latifi,LAT,williams,20,16,16.0,0.0,57,Finished,0,0
2022,1,2022-03-20,Bahrain Grand Prix,bahrain,leclerc,LEC,ferrari,1,1,1.0,26.0,57,Finished,0,1
2022,1,2022-03-20,Bahrain Grand Prix,bahrain,max_verstappen,VER,red_bull,2,19,19.0,0.0,54,Fuel pressure,0,0
2022,1,2022-03-20,Bahrain Grand Prix,bahrain,mick_schumacher,MSC,haas,12,11,11.0,0.0,57,Finished,0,0
2022,1,2022-03-20,Bahrain Grand Prix,bahrain,norris,NOR,mclaren,13,15,15.0,0.0,57,Finished,0,0
2022,1,2022-03-20,Bahrain Grand Prix,bahrain,ocon,OCO,alpine,11,7,7.0,6.0,57,Finished,0,0
2022,1,2022-03-20,Bahrain Grand Prix,bahrain,perez,PER,red_bull,4,18,18.0,0.0,56,Fuel pressure,0,0
2022,1,2022-03-20,Bahrain Grand Prix,bahrain,ricciardo,RIC,mclaren,18,14,14.0,0.0,57,Finished,0,0
2022,1,2022-03-20,Bahrain Grand Prix,bahrain,russell,RUS,mercedes,9,4,4.0,12.0,57,Finished,0,0
2022,1,2022-03-20,Bahrain Grand Prix,bahrain,sainz,SAI,ferrari,3,2,2.0,18.0,57,Finished,0,0
2022,1,2022-03-20,Bahrain Grand Prix,bahrain,stroll,STR,aston_martin,19,12,12.0,0.0,57,Finished,0,0
2022,1,2022-03-20,Bahrain Grand Prix,bahrain,tsunoda,TSU,alphatauri,16,8,8.0,4.0,57,Finished,0,0
2022,1,2022-03-20,Bahrain Grand Prix,bahrain,zhou,ZHO,alfa,15,10,10.0,1.0,57,Finished,0,0
2022,2,2022-03-27,Saudi Arabian Grand Prix,jeddah,albon,ALB,williams,16,14,14.0,0.0,47,Collision damage,0,0
2022,2,2022-03-27,Saudi Arabian Grand Prix,jeddah,alonso,ALO,alpine,7,R,,0.0,35,Water pump,1,0
2022,2,2022-03-27,Saudi Arabian Grand Prix,jeddah,bottas,BOT,alfa,8,R,,0.0,36,Cooling system,1,0
2022,2,2022-03-27,Saudi Arabian Grand Prix,jeddah,gasly,GAS,alphatauri,9,8,8.0,4.0,50,Finished,0,0
2022,2,2022-03-27,Saudi Arabian Grand Prix,jeddah,hamilton,HAM,mercedes,15,10,10.0,1.0,50,Finished,0,0
2022,2,2022-03-27,Saudi Arabian Grand Prix,jeddah,hulkenberg,HUL,aston_martin,17,12,12.0,0.0,50,Finished,0,0
2022,2,2022-03-27,Saudi Arabian Grand Prix,jeddah,kevin_magnussen,MAG,haas,10,9,9.0,2.0,50,Finished,0,0
2022,2,2022-03-27,Saudi Arabian Grand Prix,jeddah,latifi,LAT,williams,18,R,,0.0,14,Accident,1,0
2022,2,2022-03-27,Saudi Arabian Grand Prix,jeddah,leclerc,LEC,ferrari,2,2,2.0,19.0,50,Finished,0,0
2022,2,2022-03-27,Saudi Arabian Grand Prix,jeddah,max_verstappen,VER,red_bull,4,1,1.0,25.0,50,Finished,0,1
2022,2,2022-03-27,Saudi Arabian Grand Prix,jeddah,mick_schumacher,MSC,haas,0,W,,0.0,0,Withdrew,1,0
2022,2,2022-03-27,Saudi Arabian Grand Prix,jeddah,norris,NOR,mclaren,11,7,7.0,6.0,50,Finished,0,0
2022,2,2022-03-27,Saudi Arabian Grand Prix,jeddah,ocon,OCO,alpine,5,6,6.0,8.0,50,Finished,0,0
2022,2,2022-03-27,Saudi Arabian Grand Prix,jeddah,perez,PER,red_bull,1,4,4.0,12.0,50,Finished,0,0
2022,2,2022-03-27,Saudi Arabian Grand Prix,jeddah,ricciardo,RIC,mclaren,14,R,,0.0,35,Gearbox,1,0
2022,2,2022-03-27,Saudi Arabian Grand Prix,jeddah,russell,RUS,mercedes,6,5,5.0,10.0,50,Finished,0,0
2022,2,2022-03-27,Saudi Arabian Grand Prix,jeddah,sainz,SAI,ferrari,3,3,3.0,15.0,50,Finished,0,0
2022,2,2022-03-27,Saudi Arabian Grand Prix,jeddah,stroll,STR,aston_martin,13,13,13.0,0.0,49,+1 Lap,0,0
2022,2,2022-03-27,Saudi Arabian Grand Prix,jeddah,tsunoda,TSU,alphatauri,19,R,,0.0,0,Power Unit,1,0
2022,2,2022-03-27,Saudi Arabian Grand Prix,jeddah,zhou,ZHO,alfa,12,11,11.0,0.0,50,Finished,0,0
2022,3,2022-04-10,Australian Grand Prix,albert_park,albon,ALB,williams,20,10,10.0,1.0,58,Finished,0,0
2022,3,2022-04-10,Australian Grand Prix,albert_park,alonso,ALO,alpine,10,17,17.0,0.0,57,+1 Lap,0,0
2022,3,2022-04-10,Australian Grand Prix,albert_park,bottas,BOT,alfa,12,8,8.0,4.0,58,Finished,0,0
2022,3,2022-04-10,Australian Grand Prix,albert_park,gasly,GAS,alphatauri,11,9,9.0,2.0,58,Finished,0,0
2022,3,2022-04-10,Australian Grand Prix,albert_park,hamilton,HAM,mercedes,5,4,4.0,12.0,58,Finished,0,0
2022,3,2022-04-10,Australian Grand Prix,albert_park,kevin_magnussen,MAG,haas,16,14,14.0,0.0,57,+1 Lap,0,0
2022,3,2022-04-10,Australian Grand Prix,albert_park,latifi,LAT,williams,18,16,16.0,0.0,57,+1 Lap,0,0
2022,3,2022-04-10,Australian Grand Prix,albert_park,leclerc,LEC,ferrari,1,1,1.0,26.0,58,Finished,0,1
2022,3,2022-04-10,Australian Grand Prix,albert_park,max_verstappen,VER,red_bull,2,R,,0.0,38,Fuel leak,1,0
2022,3,2022-04-10,Australian Grand Prix,albert_park,mick_schumacher,MSC,haas,15,13,13.0,0.0,57,+1 Lap,0,0
2022,3,2022-04-10,Australian Grand Prix,albert_park,norris,NOR,mclaren,4,5,5.0,10.0,58,Finished,0,0
2022,3,2022-04-10,Australian Grand Prix,albert_park,ocon,OCO,alpine,8,7,7.0,6.0,58,Finished,0,0
2022,3,2022-04-10,Australian Grand Prix,albert_park,perez,PER,red_bull,3,2,2.0,18.0,58,Finished,0,0
2022,3,2022-04-10,Australian Grand Prix,albert_park,ricciardo,RIC,mclaren,7,6,6.0,8.0,58,Finished,0,0
2022,3,2022-04-10,Australian Grand Prix,albert_park,russell,RUS,mercedes,6,3,3.0,15.0,58,Finished,0,0
2022,3,2022-04-10,Australian Grand Prix,albert_park,sainz,SAI,ferrari,9,R,,0.0,1,Spun off,1,0
2022,3,2022-04-10,Australian Grand Prix,albert_park,stroll,STR,aston_martin,19,12,12.0,0.0,58,Finished,0,0
2022,3,2022-04-10,Australian Grand Prix,albert_park,tsunoda,TSU,alphatauri,13,15,15.0,0.0,57,+1 Lap,0,0
2022,3,2022-04-10,Australian Grand Prix,albert_park,vettel,VET,aston_martin,17,R,,0.0,22,Accident,1,0
2022,3,2022-04-10,Australian Grand Prix,albert_park,zhou,ZHO,alfa,14,11,11.0,0.0,58,Finished,0,0
2022,4,2022-04-24,Emilia Romagna Grand Prix,imola,albon,ALB,williams,18,11,11.0,0.0,62,+1 Lap,0,0
2022,4,2022-04-24,Emilia Romagna Grand Prix,imola,alonso,ALO,alpine,9,R,,0.0,6,Collision damage,1,0
2022,4,2022-04-24,Emilia Romagna Grand Prix,imola,bottas,BOT,alfa,7,5,5.0,10.0,63,Finished,0,0
2022,4,2022-04-24,Emilia Romagna Grand Prix,imola,gasly,GAS,alphatauri,17,12,12.0,0.0,62,+1 Lap,0,0
2022,4,2022-04-24,Emilia Romagna Grand Prix,imola,hamilton,HAM,mercedes,14,13,13.0,0.0,62,+1 Lap,0,0
2022,4,2022-04-24,Emilia Romagna Grand Prix,imola,kevin_magnussen,MAG,haas,8,9,9.0,2.0,63,Finished,0,0
2022,4,2022-04-24,Emilia Romagna Grand Prix,imola,latifi,LAT,williams,19,16,16.0,0.0,62,+1 Lap,0,0
2022,4,2022-04-24,Emilia Romagna Grand Prix,imola,leclerc,LEC,ferrari,2,6,6.0,8.0,63,Finished,0,0
2022,4,2022-04-24,Emilia Romagna Grand Prix,imola,max_verstappen,VER,red_bull,1,1,1.0,26.0,63,Finished,0,1
2022,4,2022-04-24,Emilia Romagna Grand Prix,imola,mick_schumacher,MSC,haas,10,17,17.0,0.0,62,+1 Lap,0,0
2022,4,2022-04-24,Emilia Romagna Grand Prix,imola,norris,NOR,mclaren,5,3,3.0,15.0,63,Finished,0,0
2022,4,2022-04-24,Emilia Romagna Grand Prix,imola,ocon,OCO,alpine,16,14,14.0,0.0,62,+1 Lap,0,0
2022,4,2022-04-24,Emilia Romagna Grand Prix,imola,perez,PER,red_bull,3,2,2.0,18.0,63,Finished,0,0
2022,4,2022-04-24,Emilia Romagna Grand Prix,imola,ricciardo,RIC,mclaren,6,18,18.0,0.0,62,+1 Lap,0,0
2022,4,2022-04-24,Emilia Romagna Grand Prix,imola,russell,RUS,mercedes,11,4,4.0,12.0,63,Finished,0,0
2022,4,2022-04-24,Emilia Romagna Grand Prix,imola,sainz,SAI,ferrari,4,R,,0.0,0,Collision,1,0
2022,4,2022-04-24,Emilia Romagna Grand Prix,imola,stroll,STR,aston_martin,15,10,10.0,1.0,62,+1 Lap,0,0
2022,4,2022-04-24,Emilia Romagna Grand Prix,imola,tsunoda,TSU,alphatauri,12,7,7.0,6.0,63,Finished,0,0
2022,4,2022-04-24,Emilia Romagna Grand Prix,imola,vettel,VET,aston_martin,13,8,8.0,4.0,63,Finished,0,0
2022,4,2022-04-24,Emilia Romagna Grand Prix,imola,zhou,ZHO,alfa,0,15,15.0,0.0,62,+1 Lap,0,0
2022,5,2022-05-08,Miami Grand Prix,miami,albon,ALB,williams,18,9,9.0,2.0,57,Finished,0,0
2022,5,2022-05-08,Miami Grand Prix,miami,alonso,ALO,alpine,11,11,11.0,0.0,57,Finished,0,0
2022,5,2022-05-08,Miami Grand Prix,miami,bottas,BOT,alfa,5,7,7.0,6.0,57,Finished,0,0
2022,5,2022-05-08,Miami Grand Prix,miami,gasly,GAS,alphatauri,7,R,,0.0,45,Suspension,1,0
2022,5,2022-05-08,Miami Grand Prix,miami,hamilton,HAM,mercedes,6,6,6.0,8.0,57,Finished,0,0
2022,5,2022-05-08,Miami Grand Prix,miami,kevin_magnussen,MAG,haas,16,16,16.0,0.0,56,Front wing,0,0
2022,5,2022-05-08,Miami Grand Prix,miami,latifi,LAT,williams,19,14,14.0,0.0,57,Finished,0,0
2022,5,2022-05-08,Miami Grand Prix,miami,leclerc,LEC,ferrari,1,2,2.0,18.0,57,Finished,0,0
2022,5,2022-05-08,Miami Grand Prix,miami,max_verstappen,VER,red_bull,3,1,1.0,26.0,57,Finished,0,1
2022,5,2022-05-08,Miami Grand Prix,miami,mick_schumacher,MSC,haas,15,15,15.0,0.0,57,Finished,0,0
2022,5,2022-05-08,Miami Grand Prix,miami,norris,NOR,mclaren,8,R,,0.0,39,Collision,1,0
2022,5,2022-05-08,Miami Grand Prix,miami,ocon,OCO,alpine,20,8,8.0,4.0,57,Finished,0,0
2022,5,2022-05-08,Miami Grand Prix,miami,perez,PER,red_bull,4,4,4.0,12.0,57,Finished,0,0
2022,5,2022-05-08,Miami Grand Prix,miami,ricciardo,RIC,mclaren,14,13,13.0,0.0,57,Finished,0,0
2022,5,2022-05-08,Miami Grand Prix,miami,russell,RUS,mercedes,12,5,5.0,10.0,57,Finished,0,0
2022,5,2022-05-08,Miami Grand Prix,miami,sainz,SAI,ferrari,2,3,3.0,15.0,57,Finished,0,0
2022,5,2022-05-08,Miami Grand Prix,miami,stroll,STR,aston_martin,0,10,10.0,1.0,57,Finished,0,0
2022,5,2022-05-08,Miami Grand Prix,miami,tsunoda,TSU,alphatauri,9,12,12.0,0.0,57,Finished,0,0
2022,5,2022-05-08,Miami Grand Prix,miami,vettel,VET,aston_martin,0,17,17.0,0.0,54,Collision,0,0
2022,5,2022-05-08,Miami Grand Prix,miami,zhou,ZHO,alfa,17,R,,0.0,6,Water leak,1,0
2022,6,2022-05-22,Spanish Grand Prix,catalunya,albon,ALB,williams,18,18,18.0,0.0,64,+2 Laps,0,0
2022,6,2022-05-22,Spanish Grand Prix,catalunya,alonso,ALO,alpine,20,9,9.0,2.0,65,+1 Lap,0,0
2022,6,2022-05-22,Spanish Grand Prix,catalunya,bottas,BOT,alfa,7,6,6.0,8.0,66,Finished,0,0
2022,6,2022-05-22,Spanish Grand Prix,catalunya,gasly,GAS,alphatauri,14,13,13.0,0.0,65,+1 Lap,0,0
2022,6,2022-05-22,Spanish Grand Prix,catalunya,hamilton,HAM,mercedes,6,5,5.0,10.0,66,Finished,0,0
2022,6,2022-05-22,Spanish Grand Prix,catalunya,kevin_magnussen,MAG,haas,8,17,17.0,0.0,64,+2 Laps,0,0
2022,6,2022-05-22,Spanish Grand Prix,catalunya,latifi,LAT,williams,19,16,16.0,0.0,64,+2 Laps,0,0
2022,6,2022-05-22,Spanish Grand Prix,catalunya,leclerc,LEC,ferrari,1,R,,0.0,27,Turbo,1,0
2022,6,2022-05-22,Spanish Grand Prix,catalunya,max_verstappen,VER,red_bull,2,1,1.0,25.0,66,Finished,0,1
2022,6,2022-05-22,Spanish Grand Prix,catalunya,mick_schumacher,MSC,haas,10,14,14.0,0.0,65,+1 Lap,0,0
2022,6,2022-05-22,Spanish Grand Prix,catalunya,norris,NOR,mclaren,11,8,8.0,4.0,66,Finished,0,0
2022,6,2022-05-22,Spanish Grand Prix,catalunya,ocon,OCO,alpine,12,7,7.0,6.0,66,Finished,0,0
2022,6,2022-05-22,Spanish Grand Prix,catalunya,perez,PER,red_bull,5,2,2.0,19.0,66,Finished,0,0
2022,6,2022-05-22,Spanish Grand Prix,catalunya,ricciardo,RIC,mclaren,9,12,12.0,0.0,65,+1 Lap,0,0
2022,6,2022-05-22,Spanish Grand Prix,catalunya,russell,RUS,mercedes,4,3,3.0,15.0,66,Finished,0,0
2022,6,2022-05-22,Spanish Grand Prix,catalunya,sainz,SAI,ferrari,3,4,4.0,12.0,66,Finished,0,0
2022,6,2022-05-22,Spanish Grand Prix,catalunya,stroll,STR,aston_martin,17,15,15.0,0.0,65,+1 Lap,0,0
2022,6,2022-05-22,Spanish Grand Prix,catalunya,tsunoda,TSU,alphatauri,13,10,10.0,1.0,65,+1 Lap,0,0
2022,6,2022-05-22,Spanish Grand Prix,catalunya,vettel,VET,aston_martin,16,11,11.0,0.0,65,+1 Lap,0,0
2022,6,2022-05-22,Spanish Grand Prix,catalunya,zhou,ZHO,alfa,15,R,,0.0,28,Power loss,1,0
2022,7,2022-05-29,Monaco Grand Prix,monaco,albon,ALB,williams,16,R,,0.0,48,Mechanical,1,0
2022,7,2022-05-29,Monaco Grand Prix,monaco,alonso,ALO,alpine,7,7,7.0,6.0,64,Finished,0,0
2022,7,2022-05-29,Monaco Grand Prix,monaco,bottas,BOT,alfa,12,9,9.0,2.0,64,Finished,0,0
2022,7,2022-05-29,Monaco Grand Prix,monaco,gasly,GAS,alphatauri,17,11,11.0,0.0,64,Finished,0,0
2022,7,2022-05-29,Monaco Grand Prix,monaco,hamilton,HAM,mercedes,8,8,8.0,4.0,64,Finished,0,0
2022,7,2022-05-29,Monaco Grand Prix,monaco,kevin_magnussen,MAG,haas,13,R,,0.0,19,Water pressure,1,0
2022,7,2022-05-29,Monaco Grand Prix,monaco,latifi,LAT,williams,19,15,15.0,0.0,63,+1 Lap,0,0
2022,7,2022-05-29,Monaco Grand Prix,monaco,leclerc,LEC,ferrari,1,4,4.0,12.0,64,Finished,0,0
2022,7,2022-05-29,Monaco Grand Prix,monaco,max_verstappen,VER,red_bull,4,3,3.0,15.0,64,Finished,0,0
2022,7,2022-05-29,Monaco Grand Prix,monaco,mick_schumacher,MSC,haas,15,R,,0.0,24,Accident,1,0
2022,7,2022-05-29,Monaco Grand Prix,monaco,norris,NOR,mclaren,5,6,6.0,9.0,64,Finished,0,0
2022,7,2022-05-29,Monaco Grand Prix,monaco,ocon,OCO,alpine,10,12,12.0,0.0,64,Finished,0,0
2022,7,2022-05-29,Monaco Grand Prix,monaco,perez,PER,red_bull,3,1,1.0,25.0,64,Finished,0,1
2022,7,2022-05-29,Monaco Grand Prix,monaco,ricciardo,RIC,mclaren,14,13,13.0,0.0,64,Finished,0,0
2022,7,2022-05-29,Monaco Grand Prix,monaco,russell,RUS,mercedes,6,5,5.0,10.0,64,Finished,0,0
2022,7,2022-05-29,Monaco Grand Prix,monaco,sainz,SAI,ferrari,2,2,2.0,18.0,64,Finished,0,0
2022,7,2022-05-29,Monaco Grand Prix,monaco,stroll,STR,aston_martin,18,14,14.0,0.0,64,Finished,0,0
2022,7,2022-05-29,Monaco Grand Prix,monaco,tsunoda,TSU,alphatauri,11,17,17.0,0.0,63,+1 Lap,0,0
2022,7,2022-05-29,Monaco Grand Prix,monaco,vettel,VET,aston_martin,9,10,10.0,1.0,64,Finished,0,0
2022,7,2022-05-29,Monaco Grand Prix,monaco,zhou,ZHO,alfa,20,16,16.0,0.0,63,+1 Lap,0,0
2022,8,2022-06-12,Azerbaijan Grand Prix,baku,albon,ALB,williams,17,12,12.0,0.0,50,+1 Lap,0,0
2022,8,2022-06-12,Azerbaijan Grand Prix,baku,alonso,ALO,alpine,10,7,7.0,6.0,51,Finished,0,0
2022,8,2022-06-12,Azerbaijan Grand Prix,baku,bottas,BOT,alfa,15,11,11.0,0.0,50,+1 Lap,0,0
2022,8,2022-06-12,Azerbaijan Grand Prix,baku,gasly,GAS,alphatauri,6,5,5.0,10.0,51,Finished,0,0
2022,8,2022-06-12,Azerbaijan Grand Prix,baku,hamilton,HAM,mercedes,7,4,4.0,12.0,51,Finished,0,0
2022,8,2022-06-12,Azerbaijan Grand Prix,baku,kevin_magnussen,MAG,haas,16,R,,0.0,31,Power Unit,1,0
2022,8,2022-06-12,Azerbaijan Grand Prix,baku,latifi,LAT,williams,18,15,15.0,0.0,50,+1 Lap,0,0
2022,8,2022-06-12,Azerbaijan Grand Prix,baku,leclerc,LEC,ferrari,1,R,,0.0,21,Power Unit,1,0
2022,8,2022-06-12,Azerbaijan Grand Prix,baku,max_verstappen,VER,red_bull,3,1,1.0,25.0,51,Finished,0,1
2022,8,2022-06-12,Azerbaijan Grand Prix,baku,mick_schumacher,MSC,haas,20,14,14.0,0.0,50,+1 Lap,0,0
2022,8,2022-06-12,Azerbaijan Grand Prix,baku,norris,NOR,mclaren,11,9,9.0,2.0,51,Finished,0,0
2022,8,2022-06-12,Azerbaijan Grand Prix,baku,ocon,OCO,alpine,13,10,10.0,1.0,51,Finished,0,0
2022,8,2022-06-12,Azerbaijan Grand Prix,baku,perez,PER,red_bull,2,2,2.0,19.0,51,Finished,0,0
2022,8,2022-06-12,Azerbaijan Grand Prix,baku,ricciardo,RIC,mclaren,12,8,8.0,4.0,51,Finished,0,0
2022,8,2022-06-12,Azerbaijan Grand Prix,baku,russell,RUS,mercedes,5,3,3.0,15.0,51,Finished,0,0
2022,8,2022-06-12,Azerbaijan Grand Prix,baku,sainz,SAI,ferrari,4,R,,0.0,8,Hydraulics,1,0
2022,8,2022-06-12,Azerbaijan Grand Prix,baku,stroll,STR,aston_martin,19,16,16.0,0.0,46,Vibrations,0,0
2022,8,2022-06-12,Azerbaijan Grand Prix,baku,tsunoda,TSU,alphatauri,8,13,13.0,0.0,50,+1 Lap,0,0
2022,8,2022-06-12,Azerbaijan Grand Prix,baku,vettel,VET,aston_martin,9,6,6.0,8.0,51,Finished,0,0
2022,8,2022-06-12,Azerbaijan Grand Prix,baku,zhou,ZHO,alfa,14,R,,0.0,23,Hydraulics,1,0
2022,9,2022-06-19,Canadian Grand Prix,villeneuve,albon,ALB,williams,12,13,13.0,0.0,70,Finished,0,0
2022,9,2022-06-19,Canadian Grand Prix,villeneuve,alonso,ALO,alpine,2,9,9.0,2.0,70,Finished,0,0
2022,9,2022-06-19,Canadian Grand Prix,villeneuve,bottas,BOT,alfa,11,7,7.0,6.0,70,Finished,0,0
2022,9,2022-06-19,Canadian Grand Prix,villeneuve,gasly,GAS,alphatauri,15,14,14.0,0.0,70,Finished,0,0
2022,9,2022-06-19,Canadian Grand Prix,villeneuve,hamilton,HAM,mercedes,4,3,3.0,15.0,70,Finished,0,0
2022,9,2022-06-19,Canadian Grand Prix,villeneuve,kevin_magnussen,MAG,haas,5,17,17.0,0.0,70,Finished,0,0
2022,9,2022-06-19,Canadian Grand Prix,villeneuve,latifi,LAT,williams,18,16,16.0,0.0,70,Finished,0,0
2022,9,2022-06-19,Canadian Grand Prix,villeneuve,leclerc,LEC,ferrari,19,5,5.0,10.0,70,Finished,0,0
2022,9,2022-06-19,Canadian Grand Prix,villeneuve,max_verstappen,VER,red_bull,1,1,1.0,25.0,70,Finished,0,1
2022,9,2022-06-19,Canadian Grand Prix,villeneuve,mick_schumacher,MSC,haas,6,R,,0.0,18,Engine,1,0
2022,9,2022-06-19,Canadian Grand Prix,villeneuve,norris,NOR,mclaren,14,15,15.0,0.0,70,Finished,0,0
2022,9,2022-06-19,Canadian Grand Prix,villeneuve,ocon,OCO,alpine,7,6,6.0,8.0,70,Finished,0,0
2022,9,2022-06-19,Canadian Grand Prix,villeneuve,perez,PER,red_bull,13,R,,0.0,7,Gearbox,1,0
2022,9,2022-06-19,Canadian Grand Prix,villeneuve,ricciardo,RIC,mclaren,9,11,11.0,0.0,70,Finished,0,0
2022,9,2022-06-19,Canadian Grand Prix,villeneuve,russell,RUS,mercedes,8,4,4.0,12.0,70,Finished,0,0
2022,9,2022-06-19,Canadian Grand Prix,villeneuve,sainz,SAI,ferrari,3,2,2.0,19.0,70,Finished,0,0
2022,9,2022-06-19,Canadian Grand Prix,villeneuve,stroll,STR,aston_martin,17,10,10.0,1.0,70,Finished,0,0
2022,9,2022-06-19,Canadian Grand Prix,villeneuve,tsunoda,TSU,alphatauri,20,R,,0.0,47,Accident,1,0
2022,9,2022-06-19,Canadian Grand Prix,villeneuve,vettel,VET,aston_martin,16,12,12.0,0.0,70,Finished,0,0
2022,9,2022-06-19,Canadian Grand Prix,villeneuve,zhou,ZHO,alfa,10,8,8.0,4.0,70,Finished,0,0
2022,10,2022-07-03,British Grand Prix,silverstone,albon,ALB,williams,16,R,,0.0,0,Collision,1,0
2022,10,2022-07-03,British Grand Prix,silverstone,alonso,ALO,alpine,7,5,5.0,10.0,52,Finished,0,0
2022,10,2022-07-03,British Grand Prix,silverstone,bottas,BOT,alfa,12,R,,0.0,20,Gearbox,1,0
2022,10,2022-07-03,British Grand Prix,silverstone,gasly,GAS,alphatauri,11,R,,0.0,26,Collision damage,1,0
2022,10,2022-07-03,British Grand Prix,silverstone,hamilton,HAM,mercedes,5,3,3.0,16.0,52,Finished,0,0
2022,10,2022-07-03,British Grand Prix,silverstone,kevin_magnussen,MAG,haas,17,10,10.0,1.0,52,Finished,0,0
2022,10,2022-07-03,British Grand Prix,silverstone,latifi,LAT,williams,10,12,12.0,0.0,52,Finished,0,0
2022,10,2022-07-03,British Grand Prix,silverstone,leclerc,LEC,ferrari,3,4,4.0,12.0,52,Finished,0,0
2022,10,2022-07-03,British Grand Prix,silverstone,max_verstappen,VER,red_bull,2,7,7.0,6.0,52,Finished,0,0
2022,10,2022-07-03,British Grand Prix,silverstone,mick_schumacher,MSC,haas,19,8,8.0,4.0,52,Finished,0,0
2022,10,2022-07-03,British Grand Prix,silverstone,norris,NOR,mclaren,6,6,6.0,8.0,52,Finished,0,0
2022,10,2022-07-03,British Grand Prix,silverstone,ocon,OCO,alpine,15,R,,0.0,37,Fuel pump,1,0
2022,10,2022-07-03,British Grand Prix,silverstone,perez,PER,red_bull,4,2,2.0,18.0,52,Finished,0,0
2022,10,2022-07-03,British Grand Prix,silverstone,ricciardo,RIC,mclaren,14,13,13.0,0.0,52,Finished,0,0
2022,10,2022-07-03,British Grand Prix,silverstone,russell,RUS,mercedes,8,R,,0.0,0,Collision,1,0
2022,10,2022-07-03,British Grand Prix,silverstone,sainz,SAI,ferrari,1,1,1.0,25.0,52,Finished,0,1
2022,10,2022-07-03,British Grand Prix,silverstone,stroll,STR,aston_martin,20,11,11.0,0.0,52,Finished,0,0
2022,10,2022-07-03,British Grand Prix,silverstone,tsunoda,TSU,alphatauri,13,14,14.0,0.0,52,Finished,0,0
2022,10,2022-07-03,British Grand Prix,silverstone,vettel,VET,aston_martin,18,9,9.0,2.0,52,Finished,0,0
2022,10,2022-07-03,British Grand Prix,silverstone,zhou,ZHO,alfa,9,R,,0.0,0,Collision,1,0
2022,11,2022-07-10,Austrian Grand Prix,red_bull_ring,albon,ALB,williams,15,12,12.0,0.0,70,+1 Lap,0,0
2022,11,2022-07-10,Austrian Grand Prix,red_bull_ring,alonso,ALO,alpine,19,10,10.0,1.0,70,+1 Lap,0,0
2022,11,2022-07-10,Austrian Grand Prix,red_bull_ring,bottas,BOT,alfa,0,11,11.0,0.0,70,+1 Lap,0,0
2022,11,2022-07-10,Austrian Grand Prix,red_bull_ring,gasly,GAS,alphatauri,14,15,15.0,0.0,70,+1 Lap,0,0
2022,11,2022-07-10,Austrian Grand Prix,red_bull_ring,hamilton,HAM,mercedes,8,3,3.0,15.0,71,Finished,0,0
2022,11,2022-07-10,Austrian Grand Prix,red_bull_ring,kevin_magnussen,MAG,haas,7,8,8.0,4.0,70,+1 Lap,0,0
2022,11,2022-07-10,Austrian Grand Prix,red_bull_ring,latifi,LAT,williams,17,R,,0.0,48,Undertray,1,0
2022,11,2022-07-10,Austrian Grand Prix,red_bull_ring,leclerc,LEC,ferrari,2,1,1.0,25.0,71,Finished,0,1
2022,11,2022-07-10,Austrian Grand Prix,red_bull_ring,max_verstappen,VER,red_bull,1,2,2.0,19.0,71,Finished,0,0
2022,11,2022-07-10,Austrian Grand Prix,red_bull_ring,mick_schumacher,MSC,haas,9,6,6.0,8.0,70,+1 Lap,0,0
2022,11,2022-07-10,Austrian Grand Prix,red_bull_ring,norris,NOR,mclaren,10,7,7.0,6.0,70,+1 Lap,0,0
2022,11,2022-07-10,Austrian Grand Prix,red_bull_ring,ocon,OCO,alpine,6,5,5.0,10.0,71,Finished,0,0
2022,11,2022-07-10,Austrian Grand Prix,red_bull_ring,perez,PER,red_bull,5,R,,0.0,24,Collision damage,1,0
2022,11,2022-07-10,Austrian Grand Prix,red_bull_ring,ricciardo,RIC,mclaren,11,9,9.0,2.0,70,+1 Lap,0,0
2022,11,2022-07-10,Austrian Grand Prix,red_bull_ring,russell,RUS,mercedes,4,4,4.0,12.0,71,Finished,0,0
2022,11,2022-07-10,Austrian Grand Prix,red_bull_ring,sainz,SAI,ferrari,3,R,,0.0,56,Power Unit,1,0
2022,11,2022-07-10,Austrian Grand Prix,red_bull_ring,stroll,STR,aston_martin,12,13,13.0,0.0,70,+1 Lap,0,0
2022,11,2022-07-10,Austrian Grand Prix,red_bull_ring,tsunoda,TSU,alphatauri,16,16,16.0,0.0,70,+1 Lap,0,0
2022,11,2022-07-10,Austrian Grand Prix,red_bull_ring,vettel,VET,aston_martin,18,17,17.0,0.0,70,+1 Lap,0,0
2022,11,2022-07-10,Austrian Grand Prix,red_bull_ring,zhou,ZHO,alfa,13,14,14.0,0.0,70,+1 Lap,0,0
2022,12,2022-07-24,French Grand Prix,ricard,albon,ALB,williams,13,13,13.0,0.0,53,Finished,0,0
2022,12,2022-07-24,French Grand Prix,ricard,alonso,ALO,alpine,7,6,6.0,8.0,53,Finished,0,0
2022,12,2022-07-24,French Grand Prix,ricard,bottas,BOT,alfa,11,14,14.0,0.0,53,Finished,0,0
2022,12,2022-07-24,French Grand Prix,ricard,gasly,GAS,alphatauri,14,12,12.0,0.0,53,Finished,0,0
2022,12,2022-07-24,French Grand Prix,ricard,hamilton,HAM,mercedes,4,2,2.0,18.0,53,Finished,0,0
2022,12,2022-07-24,French Grand Prix,ricard,kevin_magnussen,MAG,haas,20,R,,0.0,37,Collision damage,1,0
2022,12,2022-07-24,French Grand Prix,ricard,latifi,LAT,williams,18,R,,0.0,40,Collision damage,1,0
2022,12,2022-07-24,French Grand Prix,ricard,leclerc,LEC,ferrari,1,R,,0.0,17,Accident,1,0
2022,12,2022-07-24,French Grand Prix,ricard,max_verstappen,VER,red_bull,2,1,1.0,25.0,53,Finished,0,1
2022,12,2022-07-24,French Grand Prix,ricard,mick_schumacher,MSC,haas,17,15,15.0,0.0,53,Finished,0,0
2022,12,2022-07-24,French Grand Prix,ricard,norris,NOR,mclaren,5,7,7.0,6.0,53,Finished,0,0
2022,12,2022-07-24,French Grand Prix,ricard,ocon,OCO,alpine,10,8,8.0,4.0,53,Finished,0,0
2022,12,2022-07-24,French Grand Prix,ricard,perez,PER,red_bull,3,4,4.0,12.0,53,Finished,0,0
2022,12,2022-07-24,French Grand Prix,ricard,ricciardo,RIC,mclaren,9,9,9.0,2.0,53,Finished,0,0
2022,12,2022-07-24,French Grand Prix,ricard,russell,RUS,mercedes,6,3,3.0,15.0,53,Finished,0,0
2022,12,2022-07-24,French Grand Prix,ricard,sainz,SAI,ferrari,19,5,5.0,11.0,53,Finished,0,0
2022,12,2022-07-24,French Grand Prix,ricard,stroll,STR,aston_martin,15,10,10.0,1.0,53,Finished,0,0
2022,12,2022-07-24,French Grand Prix,ricard,tsunoda,TSU,alphatauri,8,R,,0.0,17,Undertray,1,0
2022,12,2022-07-24,French Grand Prix,ricard,vettel,VET,aston_martin,12,11,11.0,0.0,53,Finished,0,0
2022,12,2022-07-24,French Grand Prix,ricard,zhou,ZHO,alfa,16,16,16.0,0.0,47,+6 Laps,0,0
2022,13,2022-07-31,Hungarian Grand Prix,hungaroring,albon,ALB,williams,17,17,17.0,0.0,69,+1 Lap,0,0
2022,13,2022-07-31,Hungarian Grand Prix,hungaroring,alonso,ALO,alpine,6,8,8.0,4.0,69,+1 Lap,0,0
2022,13,2022-07-31,Hungarian Grand Prix,hungaroring,bottas,BOT,alfa,8,20,20.0,0.0,65,Power Unit,0,0
2022,13,2022-07-31,Hungarian Grand Prix,hungaroring,gasly,GAS,alphatauri,0,12,12.0,0.0,69,+1 Lap,0,0
2022,13,2022-07-31,Hungarian Grand Prix,hungaroring,hamilton,HAM,mercedes,7,2,2.0,19.0,70,Finished,0,0
2022,13,2022-07-31,Hungarian Grand Prix,hungaroring,kevin_magnussen,MAG,haas,13,16,16.0,0.0,69,+1 Lap,0,0
2022,13,2022-07-31,Hungarian Grand Prix,hungaroring,latifi,LAT,williams,19,18,18.0,0.0,69,+1 Lap,0,0
2022,13,2022-07-31,Hungarian Grand Prix,hungaroring,leclerc,LEC,ferrari,3,6,6.0,8.0,70,Finished,0,0
2022,13,2022-07-31,Hungarian Grand Prix,hungaroring,max_verstappen,VER,red_bull,10,1,1.0,25.0,70,Finished,0,1
2022,13,2022-07-31,Hungarian Grand Prix,hungaroring,mick_schumacher,MSC,haas,15,14,14.0,0.0,69,+1 Lap,0,0
2022,13,2022-07-31,Hungarian Grand Prix,hungaroring,norris,NOR,mclaren,4,7,7.0,6.0,70,Finished,0,0
2022,13,2022-07-31,Hungarian Grand Prix,hungaroring,ocon,OCO,alpine,5,9,9.0,2.0,69,+1 Lap,0,0
2022,13,2022-07-31,Hungarian Grand Prix,hungaroring,perez,PER,red_bull,11,5,5.0,10.0,70,Finished,0,0
2022,13,2022-07-31,Hungarian Grand Prix,hungaroring,ricciardo,RIC,mclaren,9,15,15.0,0.0,69,+1 Lap,0,0
2022,13,2022-07-31,Hungarian Grand Prix,hungaroring,russell,RUS,mercedes,1,3,3.0,15.0,70,Finished,0,0
2022,13,2022-07-31,Hungarian Grand Prix,hungaroring,sainz,SAI,ferrari,2,4,4.0,12.0,70,Finished,0,0
2022,13,2022-07-31,Hungarian Grand Prix,hungaroring,stroll,STR,aston_martin,14,11,11.0,0.0,69,+1 Lap,0,0
2022,13,2022-07-31,Hungarian Grand Prix,hungaroring,tsunoda,TSU,alphatauri,16,19,19.0,0.0,68,+2 Laps,0,0
2022,13,2022-07-31,Hungarian Grand Prix,hungaroring,vettel,VET,aston_martin,18,10,10.0,1.0,69,+1 Lap,0,0
2022,13,2022-07-31,Hungarian Grand Prix,hungaroring,zhou,ZHO,alfa,12,13,13.0,0.0,69,+1 Lap,0,0
2022,14,2022-08-28,Belgian Grand Prix,spa,albon,ALB,williams,6,10,10.0,1.0,44,Finished,0,0
2022,14,2022-08-28,Belgian Grand Prix,spa,alonso,ALO,alpine,3,5,5.0,10.0,44,Finished,0,0
2022,14,2022-08-28,Belgian Grand Prix,spa,bottas,BOT,alfa,13,R,,0.0,1,Accident,1,0
2022,14,2022-08-28,Belgian Grand Prix,spa,gasly,GAS,alphatauri,0,9,9.0,2.0,44,Finished,0,0
2022,14,2022-08-28,Belgian Grand Prix,spa,hamilton,HAM,mercedes,4,R,,0.0,0,Collision damage,1,0
2022,14,2022-08-28,Belgian Grand Prix,spa,kevin_magnussen,MAG,haas,12,16,16.0,0.0,43,+1 Lap,0,0
2022,14,2022-08-28,Belgian Grand Prix,spa,latifi,LAT,williams,11,18,18.0,0.0,43,+1 Lap,0,0
2022,14,2022-08-28,Belgian Grand Prix,spa,leclerc,LEC,ferrari,15,6,6.0,8.0,44,Finished,0,0
2022,14,2022-08-28,Belgian Grand Prix,spa,max_verstappen,VER,red_bull,14,1,1.0,26.0,44,Finished,0,1
2022,14,2022-08-28,Belgian Grand Prix,spa,mick_schumacher,MSC,haas,19,17,17.0,0.0,43,+1 Lap,0,0
2022,14,2022-08-28,Belgian Grand Prix,spa,norris,NOR,mclaren,17,12,12.0,0.0,44,Finished,0,0
2022,14,2022-08-28,Belgian Grand Prix,spa,ocon,OCO,alpine,16,7,7.0,6.0,44,Finished,0,0
2022,14,2022-08-28,Belgian Grand Prix,spa,perez,PER,red_bull,2,2,2.0,18.0,44,Finished,0,0
2022,14,2022-08-28,Belgian Grand Prix,spa,ricciardo,RIC,mclaren,7,15,15.0,0.0,44,Finished,0,0
2022,14,2022-08-28,Belgian Grand Prix,spa,russell,RUS,mercedes,5,4,4.0,12.0,44,Finished,0,0
2022,14,2022-08-28,Belgian Grand Prix,spa,sainz,SAI,ferrari,1,3,3.0,15.0,44,Finished,0,0
2022,14,2022-08-28,Belgian Grand Prix,spa,stroll,STR,aston_martin,9,11,11.0,0.0,44,Finished,0,0
2022,14,2022-08-28,Belgian Grand Prix,spa,tsunoda,TSU,alphatauri,0,13,13.0,0.0,44,Finished,0,0
2022,14,2022-08-28,Belgian Grand Prix,spa,vettel,VET,aston_martin,10,8,8.0,4.0,44,Finished,0,0
2022,14,2022-08-28,Belgian Grand Prix,spa,zhou,ZHO,alfa,18,14,14.0,0.0,44,Finished,0,0
2022,15,2022-09-04,Dutch Grand Prix,zandvoort,albon,ALB,williams,15,12,12.0,0.0,72,Finished,0,0
2022,15,2022-09-04,Dutch Grand Prix,zandvoort,alonso,ALO,alpine,13,6,6.0,8.0,72,Finished,0,0
2022,15,2022-09-04,Dutch Grand Prix,zandvoort,bottas,BOT,alfa,16,R,,0.0,53,Engine,1,0
2022,15,2022-09-04,Dutch Grand Prix,zandvoort,gasly,GAS,alphatauri,11,11,11.0,0.0,72,Finished,0,0
2022,15,2022-09-04,Dutch Grand Prix,zandvoort,hamilton,HAM,mercedes,4,4,4.0,12.0,72,Finished,0,0
2022,15,2022-09-04,Dutch Grand Prix,zandvoort,kevin_magnussen,MAG,haas,18,15,15.0,0.0,72,Finished,0,0
2022,15,2022-09-04,Dutch Grand Prix,zandvoort,latifi,LAT,williams,20,18,18.0,0.0,71,+1 Lap,0,0
2022,15,2022-09-04,Dutch Grand Prix,zandvoort,leclerc,LEC,ferrari,2,3,3.0,15.0,72,Finished,0,0
2022,15,2022-09-04,Dutch Grand Prix,zandvoort,max_verstappen,VER,red_bull,1,1,1.0,26.0,72,Finished,0,1
2022,15,2022-09-04,Dutch Grand Prix,zandvoort,mick_schumacher,MSC,haas,8,13,13.0,0.0,72,Finished,0,0
2022,15,2022-09-04,Dutch Grand Prix,zandvoort,norris,NOR,mclaren,7,7,7.0,6.0,72,Finished,0,0
2022,15,2022-09-04,Dutch Grand Prix,zandvoort,ocon,OCO,alpine,12,9,9.0,2.0,72,Finished,0,0
2022,15,2022-09-04,Dutch Grand Prix,zandvoort,perez,PER,red_bull,5,5,5.0,10.0,72,Finished,0,0
2022,15,2022-09-04,Dutch Grand Prix,zandvoort,ricciardo,RIC,mclaren,17,17,17.0,0.0,72,Finished,0,0
2022,15,2022-09-04,Dutch Grand Prix,zandvoort,russell,RUS,mercedes,6,2,2.0,18.0,72,Finished,0,0
2022,15,2022-09-04,Dutch Grand Prix,zandvoort,sainz,SAI,ferrari,3,8,8.0,4.0,72,Finished,0,0
2022,15,2022-09-04,Dutch Grand Prix,zandvoort,stroll,STR,aston_martin,10,10,10.0,1.0,72,Finished,0,0
2022,15,2022-09-04,Dutch Grand Prix,zandvoort,tsunoda,TSU,alphatauri,9,R,,0.0,43,Differential,1,0
2022,15,2022-09-04,Dutch Grand Prix,zandvoort,vettel,VET,aston_martin,19,14,14.0,0.0,72,Finished,0,0
2022,15,2022-09-04,Dutch Grand Prix,zandvoort,zhou,ZHO,alfa,14,16,16.0,0.0,72,Finished,0,0
2022,16,2022-09-11,Italian Grand Prix,monza,alonso,ALO,alpine,6,R,,0.0,31,Water pressure,1,0
2022,16,2022-09-11,Italian Grand Prix,monza,bottas,BOT,alfa,15,13,13.0,0.0,52,+1 Lap,0,0
2022,16,2022-09-11,Italian Grand Prix,monza,de_vries,DEV,williams,8,9,9.0,2.0,53,Finished,0,0
2022,16,2022-09-11,Italian Grand Prix,monza,gasly,GAS,alphatauri,5,8,8.0,4.0,53,Finished,0,0
2022,16,2022-09-11,Italian Grand Prix,monza,hamilton,HAM,mercedes,19,5,5.0,10.0,53,Finished,0,0
2022,16,2022-09-11,Italian Grand Prix,monza,kevin_magnussen,MAG,haas,16,16,16.0,0.0,52,+1 Lap,0,0
2022,16,2022-09-11,Italian Grand Prix,monza,latifi,LAT,williams,10,15,15.0,0.0,52,+1 Lap,0,0
2022,16,2022-09-11,Italian Grand Prix,monza,leclerc,LEC,ferrari,1,2,2.0,18.0,53,Finished,0,0
2022,16,2022-09-11,Italian Grand Prix,monza,max_verstappen,VER,red_bull,7,1,1.0,25.0,53,Finished,0,1
2022,16,2022-09-11,Italian Grand Prix,monza,mick_schumacher,MSC,haas,17,12,12.0,0.0,53,Finished,0,0
2022,16,2022-09-11,Italian Grand Prix,monza,norris,NOR,mclaren,3,7,7.0,6.0,53,Finished,0,0
2022,16,2022-09-11,Italian Grand Prix,monza,ocon,OCO,alpine,14,11,11.0,0.0,53,Finished,0,0
2022,16,2022-09-11,Italian Grand Prix,monza,perez,PER,red_bull,13,6,6.0,9.0,53,Finished,0,0
2022,16,2022-09-11,Italian Grand Prix,monza,ricciardo,RIC,mclaren,4,R,,0.0,45,Oil leak,1,0
2022,16,2022-09-11,Italian Grand Prix,monza,russell,RUS,mercedes,2,3,3.0,15.0,53,Finished,0,0
2022,16,2022-09-11,Italian Grand Prix,monza,sainz,SAI,ferrari,18,4,4.0,12.0,53,Finished,0,0
2022,16,2022-09-11,Italian Grand Prix,monza,stroll,STR,aston_martin,12,R,,0.0,39,Engine,1,0
2022,16,2022-09-11,Italian Grand Prix,monza,tsunoda,TSU,alphatauri,20,14,14.0,0.0,52,+1 Lap,0,0
2022,16,2022-09-11,Italian Grand Prix,monza,vettel,VET,aston_martin,11,R,,0.0,10,Engine,1,0
2022,16,2022-09-11,Italian Grand Prix,monza,zhou,ZHO,alfa,9,10,10.0,1.0,53,Finished,0,0
2022,17,2022-10-02,Singapore Grand Prix,marina_bay,albon,ALB,williams,18,R,,0.0,25,Collision damage,1,0
2022,17,2022-10-02,Singapore Grand Prix,marina_bay,alonso,ALO,alpine,5,R,,0.0,20,Engine,1,0
2022,17,2022-10-02,Singapore Grand Prix,marina_bay,bottas,BOT,alfa,15,11,11.0,0.0,59,Finished,0,0
2022,17,2022-10-02,Singapore Grand Prix,marina_bay,gasly,GAS,alphatauri,7,10,10.0,1.0,59,Finished,0,0
2022,17,2022-10-02,Singapore Grand Prix,marina_bay,hamilton,HAM,mercedes,3,9,9.0,2.0,59,Finished,0,0
2022,17,2022-10-02,Singapore Grand Prix,marina_bay,kevin_magnussen,MAG,haas,9,12,12.0,0.0,59,Finished,0,0
2022,17,2022-10-02,Singapore Grand Prix,marina_bay,latifi,LAT,williams,19,R,,0.0,7,Collision damage,1,0
2022,17,2022-10-02,Singapore Grand Prix,marina_bay,leclerc,LEC,ferrari,1,2,2.0,18.0,59,Finished,0,0
2022,17,2022-10-02,Singapore Grand Prix,marina_bay,max_verstappen,VER,red_bull,8,7,7.0,6.0,59,Finished,0,0
2022,17,2022-10-02,Singapore Grand Prix,marina_bay,mick_schumacher,MSC,haas,12,13,13.0,0.0,58,+1 Lap,0,0
2022,17,2022-10-02,Singapore Grand Prix,marina_bay,norris,NOR,mclaren,6,4,4.0,12.0,59,Finished,0,0
2022,17,2022-10-02,Singapore Grand Prix,marina_bay,ocon,OCO,alpine,17,R,,0.0,26,Engine,1,0
2022,17,2022-10-02,Singapore Grand Prix,marina_bay,perez,PER,red_bull,2,1,1.0,25.0,59,Finished,0,1
2022,17,2022-10-02,Singapore Grand Prix,marina_bay,ricciardo,RIC,mclaren,16,5,5.0,10.0,59,Finished,0,0
2022,17,2022-10-02,Singapore Grand Prix,marina_bay,russell,RUS,mercedes,0,14,14.0,0.0,57,+2 Laps,0,0
2022,17,2022-10-02,Singapore Grand Prix,marina_bay,sainz,SAI,ferrari,4,3,3.0,15.0,59,Finished,0,0
2022,17,2022-10-02,Singapore Grand Prix,marina_bay,stroll,STR,aston_martin,11,6,6.0,8.0,59,Finished,0,0
2022,17,2022-10-02,Singapore Grand Prix,marina_bay,tsunoda,TSU,alphatauri,10,R,,0.0,34,Accident,1,0
2022,17,2022-10-02,Singapore Grand Prix,marina_bay,vettel,VET,aston_martin,13,8,8.0,4.0,59,Finished,0,0
2022,17,2022-10-02,Singapore Grand Prix,marina_bay,zhou,ZHO,alfa,14,R,,0.0,6,Collision,1,0
2022,18,2022-10-09,Japanese Grand Prix,suzuka,albon,ALB,williams,16,R,,0.0,0,Hydraulics,1,0
2022,18,2022-10-09,Japanese Grand Prix,suzuka,alonso,ALO,alpine,7,7,7.0,6.0,28,Finished,0,0
2022,18,2022-10-09,Japanese Grand Prix,suzuka,bottas,BOT,alfa,12,15,15.0,0.0,28,Finished,0,0
2022,18,2022-10-09,Japanese Grand Prix,suzuka,gasly,GAS,alphatauri,17,18,18.0,0.0,28,Finished,0,0
2022,18,2022-10-09,Japanese Grand Prix,suzuka,hamilton,HAM,mercedes,6,5,5.0,10.0,28,Finished,0,0
2022,18,2022-10-09,Japanese Grand Prix,suzuka,kevin_magnussen,MAG,haas,18,14,14.0,0.0,28,Finished,0,0
2022,18,2022-10-09,Japanese Grand Prix,suzuka,latifi,LAT,williams,20,9,9.0,2.0,28,Finished,0,0
2022,18,2022-10-09,Japanese Grand Prix,suzuka,leclerc,LEC,ferrari,2,3,3.0,15.0,28,Finished,0,0
2022,18,2022-10-09,Japanese Grand Prix,suzuka,max_verstappen,VER,red_bull,1,1,1.0,25.0,28,Finished,0,1
2022,18,2022-10-09,Japanese Grand Prix,suzuka,mick_schumacher,MSC,haas,15,17,17.0,0.0,28,Finished,0,0
2022,18,2022-10-09,Japanese Grand Prix,suzuka,norris,NOR,mclaren,10,10,10.0,1.0,28,Finished,0,0
2022,18,2022-10-09,Japanese Grand Prix,suzuka,ocon,OCO,alpine,5,4,4.0,12.0,28,Finished,0,0
2022,18,2022-10-09,Japanese Grand Prix,suzuka,perez,PER,red_bull,4,2,2.0,18.0,28,Finished,0,0
2022,18,2022-10-09,Japanese Grand Prix,suzuka,ricciardo,RIC,mclaren,11,11,11.0,0.0,28,Finished,0,0
2022,18,2022-10-09,Japanese Grand Prix,suzuka,russell,RUS,mercedes,8,8,8.0,4.0,28,Finished,0,0
2022,18,2022-10-09,Japanese Grand Prix,suzuka,sainz,SAI,ferrari,3,R,,0.0,0,Accident,1,0
2022,18,2022-10-09,Japanese Grand Prix,suzuka,stroll,STR,aston_martin,19,12,12.0,0.0,28,Finished,0,0
2022,18,2022-10-09,Japanese Grand Prix,suzuka,tsunoda,TSU,alphatauri,13,13,13.0,0.0,28,Finished,0,0
2022,18,2022-10-09,Japanese Grand Prix,suzuka,vettel,VET,aston_martin,9,6,6.0,8.0,28,Finished,0,0
2022,18,2022-10-09,Japanese Grand Prix,suzuka,zhou,ZHO,alfa,14,16,16.0,0.0,28,Finished,0,0
2022,19,2022-10-23,United States Grand Prix,americas,albon,ALB,williams,8,13,13.0,0.0,56,Finished,0,0
2022,19,2022-10-23,United States Grand Prix,americas,alonso,ALO,alpine,14,7,7.0,6.0,56,Finished,0,0
2022,19,2022-10-23,United States Grand Prix,americas,bottas,BOT,alfa,7,R,,0.0,16,Spun off,1,0
2022,19,2022-10-23,United States Grand Prix,americas,gasly,GAS,alphatauri,11,14,14.0,0.0,56,Finished,0,0
2022,19,2022-10-23,United States Grand Prix,americas,hamilton,HAM,mercedes,3,2,2.0,18.0,56,Finished,0,0
2022,19,2022-10-23,United States Grand Prix,americas,kevin_magnussen,MAG,haas,13,9,9.0,2.0,56,Finished,0,0
2022,19,2022-10-23,United States Grand Prix,americas,latifi,LAT,williams,17,17,17.0,0.0,56,Finished,0,0
2022,19,2022-10-23,United States Grand Prix,americas,leclerc,LEC,ferrari,12,3,3.0,15.0,56,Finished,0,0
2022,19,2022-10-23,United States Grand Prix,americas,max_verstappen,VER,red_bull,2,1,1.0,25.0,56,Finished,0,1
2022,19,2022-10-23,United States Grand Prix,americas,mick_schumacher,MSC,haas,16,15,15.0,0.0,56,Finished,0,0
2022,19,2022-10-23,United States Grand Prix,americas,norris,NOR,mclaren,6,6,6.0,8.0,56,Finished,0,0
2022,19,2022-10-23,United States Grand Prix,americas,ocon,OCO,alpine,0,11,11.0,0.0,56,Finished,0,0
2022,19,2022-10-23,United States Grand Prix,americas,perez,PER,red_bull,9,4,4.0,12.0,56,Finished,0,0
2022,19,2022-10-23,United States Grand Prix,americas,ricciardo,RIC,mclaren,15,16,16.0,0.0,56,Finished,0,0
2022,19,2022-10-23,United States Grand Prix,americas,russell,RUS,mercedes,4,5,5.0,11.0,56,Finished,0,0
2022,19,2022-10-23,United States Grand Prix,americas,sainz,SAI,ferrari,1,R,,0.0,1,Collision damage,1,0
2022,19,2022-10-23,United States Grand Prix,americas,stroll,STR,aston_martin,5,R,,0.0,21,Collision,1,0
2022,19,2022-10-23,United States Grand Prix,americas,tsunoda,TSU,alphatauri,19,10,10.0,1.0,56,Finished,0,0
2022,19,2022-10-23,United States Grand Prix,americas,vettel,VET,aston_martin,10,8,8.0,4.0,56,Finished,0,0
2022,19,2022-10-23,United States Grand Prix,americas,zhou,ZHO,alfa,18,12,12.0,0.0,56,Finished,0,0
2022,20,2022-10-30,Mexico City Grand Prix,rodriguez,albon,ALB,williams,17,12,12.0,0.0,70,+1 Lap,0,0
2022,20,2022-10-30,Mexico City Grand Prix,rodriguez,alonso,ALO,alpine,9,19,19.0,0.0,63,Engine,0,0
2022,20,2022-10-30,Mexico City Grand Prix,rodriguez,bottas,BOT,alfa,6,10,10.0,1.0,70,+1 Lap,0,0
2022,20,2022-10-30,Mexico City Grand Prix,rodriguez,gasly,GAS,alphatauri,14,11,11.0,0.0,70,+1 Lap,0,0
2022,20,2022-10-30,Mexico City Grand Prix,rodriguez,hamilton,HAM,mercedes,3,2,2.0,18.0,71,Finished,0,0
2022,20,2022-10-30,Mexico City Grand Prix,rodriguez,kevin_magnussen,MAG,haas,19,17,17.0,0.0,70,+1 Lap,0,0
2022,20,2022-10-30,Mexico City Grand Prix,rodriguez,latifi,LAT,williams,18,18,18.0,0.0,69,+2 Laps,0,0
2022,20,2022-10-30,Mexico City Grand Prix,rodriguez,leclerc,LEC,ferrari,7,6,6.0,8.0,71,Finished,0,0
2022,20,2022-10-30,Mexico City Grand Prix,rodriguez,max_verstappen,VER,red_bull,1,1,1.0,25.0,71,Finished,0,1
2022,20,2022-10-30,Mexico City Grand Prix,rodriguez,mick_schumacher,MSC,haas,15,16,16.0,0.0,70,+1 Lap,0,0
2022,20,2022-10-30,Mexico City Grand Prix,rodriguez,norris,NOR,mclaren,8,9,9.0,2.0,70,+1 Lap,0,0
2022,20,2022-10-30,Mexico City Grand Prix,rodriguez,ocon,OCO,alpine,10,8,8.0,4.0,70,+1 Lap,0,0
2022,20,2022-10-30,Mexico City Grand Prix,rodriguez,perez,PER,red_bull,4,3,3.0,15.0,71,Finished,0,0
2022,20,2022-10-30,Mexico City Grand Prix,rodriguez,ricciardo,RIC,mclaren,11,7,7.0,6.0,70,+1 Lap,0,0
2022,20,2022-10-30,Mexico City Grand Prix,rodriguez,russell,RUS,mercedes,2,4,4.0,13.0,71,Finished,0,0
2022,20,2022-10-30,Mexico City Grand Prix,rodriguez,sainz,SAI,ferrari,5,5,5.0,10.0,71,Finished,0,0
2022,20,2022-10-30,Mexico City Grand Prix,rodriguez,stroll,STR,aston_martin,20,15,15.0,0.0,70,+1 Lap,0,0
2022,20,2022-10-30,Mexico City Grand Prix,rodriguez,tsunoda,TSU,alphatauri,13,R,,0.0,50,Collision damage,1,0
2022,20,2022-10-30,Mexico City Grand Prix,rodriguez,vettel,VET,aston_martin,16,14,14.0,0.0,70,+1 Lap,0,0
2022,20,2022-10-30,Mexico City Grand Prix,rodriguez,zhou,ZHO,alfa,12,13,13.0,0.0,70,+1 Lap,0,0
2022,21,2022-11-13,São Paulo Grand Prix,interlagos,albon,ALB,williams,19,15,15.0,0.0,71,Finished,0,0
2022,21,2022-11-13,São Paulo Grand Prix,interlagos,alonso,ALO,alpine,17,5,5.0,10.0,71,Finished,0,0
2022,21,2022-11-13,São Paulo Grand Prix,interlagos,bottas,BOT,alfa,14,9,9.0,2.0,71,Finished,0,0
2022,21,2022-11-13,São Paulo Grand Prix,interlagos,gasly,GAS,alphatauri,10,14,14.0,0.0,71,Finished,0,0
2022,21,2022-11-13,São Paulo Grand Prix,interlagos,hamilton,HAM,mercedes,2,2,2.0,18.0,71,Finished,0,0
2022,21,2022-11-13,São Paulo Grand Prix,interlagos,kevin_magnussen,MAG,haas,8,R,,0.0,0,Collision,1,0
2022,21,2022-11-13,São Paulo Grand Prix,interlagos,latifi,LAT,williams,18,16,16.0,0.0,71,Finished,0,0
2022,21,2022-11-13,São Paulo Grand Prix,interlagos,leclerc,LEC,ferrari,5,4,4.0,12.0,71,Finished,0,0
2022,21,2022-11-13,São Paulo Grand Prix,interlagos,max_verstappen,VER,red_bull,3,6,6.0,8.0,71,Finished,0,0
2022,21,2022-11-13,São Paulo Grand Prix,interlagos,mick_schumacher,MSC,haas,12,13,13.0,0.0,71,Finished,0,0
2022,21,2022-11-13,São Paulo Grand Prix,interlagos,norris,NOR,mclaren,6,R,,0.0,50,Gearbox,1,0
2022,21,2022-11-13,São Paulo Grand Prix,interlagos,ocon,OCO,alpine,16,8,8.0,4.0,71,Finished,0,0
2022,21,2022-11-13,São Paulo Grand Prix,interlagos,perez,PER,red_bull,4,7,7.0,6.0,71,Finished,0,0
2022,21,2022-11-13,São Paulo Grand Prix,interlagos,ricciardo,RIC,mclaren,11,R,,0.0,0,Collision,1,0
2022,21,2022-11-13,São Paulo Grand Prix,interlagos,russell,RUS,mercedes,1,1,1.0,26.0,71,Finished,0,1
2022,21,2022-11-13,São Paulo Grand Prix,interlagos,sainz,SAI,ferrari,7,3,3.0,15.0,71,Finished,0,0
2022,21,2022-11-13,São Paulo Grand Prix,interlagos,stroll,STR,aston_martin,15,10,10.0,1.0,71,Finished,0,0
2022,21,2022-11-13,São Paulo Grand Prix,interlagos,tsunoda,TSU,alphatauri,0,17,17.0,0.0,70,+1 Lap,0,0
2022,21,2022-11-13,São Paulo Grand Prix,interlagos,vettel,VET,aston_martin,9,11,11.0,0.0,71,Finished,0,0
2022,21,2022-11-13,São Paulo Grand Prix,interlagos,zhou,ZHO,alfa,13,12,12.0,0.0,71,Finished,0,0
2022,22,2022-11-20,Abu Dhabi Grand Prix,yas_marina,albon,ALB,williams,19,13,13.0,0.0,57,+1 Lap,0,0
2022,22,2022-11-20,Abu Dhabi Grand Prix,yas_marina,alonso,ALO,alpine,10,R,,0.0,27,Water leak,1,0
2022,22,2022-11-20,Abu Dhabi Grand Prix,yas_marina,bottas,BOT,alfa,18,15,15.0,0.0,57,+1 Lap,0,0
2022,22,2022-11-20,Abu Dhabi Grand Prix,yas_marina,gasly,GAS,alphatauri,17,14,14.0,0.0,57,+1 Lap,0,0
2022,22,2022-11-20,Abu Dhabi Grand Prix,yas_marina,hamilton,HAM,mercedes,5,18,18.0,0.0,55,Hydraulics,0,0
2022,22,2022-11-20,Abu Dhabi Grand Prix,yas_marina,kevin_magnussen,MAG,haas,16,17,17.0,0.0,57,+1 Lap,0,0
2022,22,2022-11-20,Abu Dhabi Grand Prix,yas_marina,latifi,LAT,williams,20,19,19.0,0.0,55,Collision damage,0,0
2022,22,2022-11-20,Abu Dhabi Grand Prix,yas_marina,leclerc,LEC,ferrari,3,2,2.0,18.0,58,Finished,0,0
2022,22,2022-11-20,Abu Dhabi Grand Prix,yas_marina,max_verstappen,VER,red_bull,1,1,1.0,25.0,58,Finished,0,1
2022,22,2022-11-20,Abu Dhabi Grand Prix,yas_marina,mick_schumacher,MSC,haas,12,16,16.0,0.0,57,+1 Lap,0,0
2022,22,2022-11-20,Abu Dhabi Grand Prix,yas_marina,norris,NOR,mclaren,7,6,6.0,9.0,58,Finished,0,0
2022,22,2022-11-20,Abu Dhabi Grand Prix,yas_marina,ocon,OCO,alpine,8,7,7.0,6.0,58,Finished,0,0
2022,22,2022-11-20,Abu Dhabi Grand Prix,yas_marina,perez,PER,red_bull,2,3,3.0,15.0,58,Finished,0,0
2022,22,2022-11-20,Abu Dhabi Grand Prix,yas_marina,ricciardo,RIC,mclaren,13,9,9.0,2.0,58,Finished,0,0
2022,22,2022-11-20,Abu Dhabi Grand Prix,yas_marina,russell,RUS,mercedes,6,5,5.0,10.0,58,Finished,0,0
2022,22,2022-11-20,Abu Dhabi Grand Prix,yas_marina,sainz,SAI,ferrari,4,4,4.0,12.0,58,Finished,0,0
2022,22,2022-11-20,Abu Dhabi Grand Prix,yas_marina,stroll,STR,aston_martin,14,8,8.0,4.0,58,Finished,0,0
2022,22,2022-11-20,Abu Dhabi Grand Prix,yas_marina,tsunoda,TSU,alphatauri,11,11,11.0,0.0,58,Finished,0,0
2022,22,2022-11-20,Abu Dhabi Grand Prix,yas_marina,vettel,VET,aston_martin,9,10,10.0,1.0,58,Finished,0,0
2022,22,2022-11-20,Abu Dhabi Grand Prix,yas_marina,zhou,ZHO,alfa,15,12,12.0,0.0,57,+1 Lap,0,0
2023,1,2023-03-05,Bahrain Grand Prix,bahrain,albon,ALB,williams,15,10,10.0,1.0,57,Finished,0,0
2023,1,2023-03-05,Bahrain Grand Prix,bahrain,alonso,ALO,aston_martin,5,3,3.0,15.0,57,Finished,0,0
2023,1,2023-03-05,Bahrain Grand Prix,bahrain,bottas,BOT,alfa,12,8,8.0,4.0,57,Finished,0,0
2023,1,2023-03-05,Bahrain Grand Prix,bahrain,de_vries,DEV,alphatauri,19,14,14.0,0.0,56,Lapped,0,0
2023,1,2023-03-05,Bahrain Grand Prix,bahrain,gasly,GAS,alpine,20,9,9.0,2.0,57,Finished,0,0
2023,1,2023-03-05,Bahrain Grand Prix,bahrain,hamilton,HAM,mercedes,7,5,5.0,10.0,57,Finished,0,0
2023,1,2023-03-05,Bahrain Grand Prix,bahrain,hulkenberg,HUL,haas,10,15,15.0,0.0,56,Lapped,0,0
2023,1,2023-03-05,Bahrain Grand Prix,bahrain,kevin_magnussen,MAG,haas,17,13,13.0,0.0,56,Lapped,0,0
2023,1,2023-03-05,Bahrain Grand Prix,bahrain,leclerc,LEC,ferrari,3,R,,0.0,39,Retired,1,0
2023,1,2023-03-05,Bahrain Grand Prix,bahrain,max_verstappen,VER,red_bull,1,1,1.0,25.0,57,Finished,0,1
2023,1,2023-03-05,Bahrain Grand Prix,bahrain,norris,NOR,mclaren,11,17,17.0,0.0,55,Lapped,0,0
2023,1,2023-03-05,Bahrain Grand Prix,bahrain,ocon,OCO,alpine,9,R,,0.0,41,Retired,1,0
2023,1,2023-03-05,Bahrain Grand Prix,bahrain,perez,PER,red_bull,2,2,2.0,18.0,57,Finished,0,0
2023,1,2023-03-05,Bahrain Grand Prix,bahrain,piastri,PIA,mclaren,18,R,,0.0,13,Retired,1,0
2023,1,2023-03-05,Bahrain Grand Prix,bahrain,russell,RUS,mercedes,6,7,7.0,6.0,57,Finished,0,0
2023,1,2023-03-05,Bahrain Grand Prix,bahrain,sainz,SAI,ferrari,4,4,4.0,12.0,57,Finished,0,0
2023,1,2023-03-05,Bahrain Grand Prix,bahrain,sargeant,SAR,williams,16,12,12.0,0.0,56,Lapped,0,0
2023,1,2023-03-05,Bahrain Grand Prix,bahrain,stroll,STR,aston_martin,8,6,6.0,8.0,57,Finished,0,0
2023,1,2023-03-05,Bahrain Grand Prix,bahrain,tsunoda,TSU,alphatauri,14,11,11.0,0.0,57,Finished,0,0
2023,1,2023-03-05,Bahrain Grand Prix,bahrain,zhou,ZHO,alfa,13,16,16.0,0.0,56,Lapped,0,0
2023,2,2023-03-19,Saudi Arabian Grand Prix,jeddah,albon,ALB,williams,17,R,,0.0,27,Retired,1,0
2023,2,2023-03-19,Saudi Arabian Grand Prix,jeddah,alonso,ALO,aston_martin,2,3,3.0,15.0,50,Finished,0,0
2023,2,2023-03-19,Saudi Arabian Grand Prix,jeddah,bottas,BOT,alfa,14,18,18.0,0.0,49,Lapped,0,0
2023,2,2023-03-19,Saudi Arabian Grand Prix,jeddah,de_vries,DEV,alphatauri,18,14,14.0,0.0,50,Finished,0,0
2023,2,2023-03-19,Saudi Arabian Grand Prix,jeddah,gasly,GAS,alpine,9,9,9.0,2.0,50,Finished,0,0
2023,2,2023-03-19,Saudi Arabian Grand Prix,jeddah,hamilton,HAM,mercedes,7,5,5.0,10.0,50,Finished,0,0
2023,2,2023-03-19,Saudi Arabian Grand Prix,jeddah,hulkenberg,HUL,haas,10,12,12.0,0.0,50,Finished,0,0
2023,2,2023-03-19,Saudi Arabian Grand Prix,jeddah,kevin_magnussen,MAG,haas,13,10,10.0,1.0,50,Finished,0,0
2023,2,2023-03-19,Saudi Arabian Grand Prix,jeddah,leclerc,LEC,ferrari,12,7,7.0,6.0,50,Finished,0,0
2023,2,2023-03-19,Saudi Arabian Grand Prix,jeddah,max_verstappen,VER,red_bull,15,2,2.0,19.0,50,Finished,0,0
2023,2,2023-03-19,Saudi Arabian Grand Prix,jeddah,norris,NOR,mclaren,19,17,17.0,0.0,50,Finished,0,0
2023,2,2023-03-19,Saudi Arabian Grand Prix,jeddah,ocon,OCO,alpine,6,8,8.0,4.0,50,Finished,0,0
2023,2,2023-03-19,Saudi Arabian Grand Prix,jeddah,perez,PER,red_bull,1,1,1.0,25.0,50,Finished,0,1
2023,2,2023-03-19,Saudi Arabian Grand Prix,jeddah,piastri,PIA,mclaren,8,15,15.0,0.0,50,Finished,0,0
2023,2,2023-03-19,Saudi Arabian Grand Prix,jeddah,russell,RUS,mercedes,3,4,4.0,12.0,50,Finished,0,0
2023,2,2023-03-19,Saudi Arabian Grand Prix,jeddah,sainz,SAI,ferrari,4,6,6.0,8.0,50,Finished,0,0
2023,2,2023-03-19,Saudi Arabian Grand Prix,jeddah,sargeant,SAR,williams,20,16,16.0,0.0,50,Finished,0,0
2023,2,2023-03-19,Saudi Arabian Grand Prix,jeddah,stroll,STR,aston_martin,5,R,,0.0,16,Retired,1,0
2023,2,2023-03-19,Saudi Arabian Grand Prix,jeddah,tsunoda,TSU,alphatauri,16,11,11.0,0.0,50,Finished,0,0
2023,2,2023-03-19,Saudi Arabian Grand Prix,jeddah,zhou,ZHO,alfa,11,13,13.0,0.0,50,Finished,0,0
2023,3,2023-04-02,Australian Grand Prix,albert_park,albon,ALB,williams,8,R,,0.0,6,Retired,1,0
2023,3,2023-04-02,Australian Grand Prix,albert_park,alonso,ALO,aston_martin,4,3,3.0,15.0,58,Finished,0,0
2023,3,2023-04-02,Australian Grand Prix,albert_park,bottas,BOT,alfa,19,11,11.0,0.0,58,Finished,0,0
2023,3,2023-04-02,Australian Grand Prix,albert_park,de_vries,DEV,alphatauri,15,15,15.0,0.0,56,Retired,0,0
2023,3,2023-04-02,Australian Grand Prix,albert_park,gasly,GAS,alpine,9,13,13.0,0.0,56,Retired,0,0
2023,3,2023-04-02,Australian Grand Prix,albert_park,hamilton,HAM,mercedes,3,2,2.0,18.0,58,Finished,0,0
2023,3,2023-04-02,Australian Grand Prix,albert_park,hulkenberg,HUL,haas,10,7,7.0,6.0,58,Finished,0,0
2023,3,2023-04-02,Australian Grand Prix,albert_park,kevin_magnussen,MAG,haas,14,17,17.0,0.0,52,Retired,0,0
2023,3,2023-04-02,Australian Grand Prix,albert_park,leclerc,LEC,ferrari,7,R,,0.0,0,Retired,1,0
2023,3,2023-04-02,Australian Grand Prix,albert_park,max_verstappen,VER,red_bull,1,1,1.0,25.0,58,Finished,0,1
2023,3,2023-04-02,Australian Grand Prix,albert_park,norris,NOR,mclaren,13,6,6.0,8.0,58,Finished,0,0
2023,3,2023-04-02,Australian Grand Prix,albert_park,ocon,OCO,alpine,11,14,14.0,0.0,56,Retired,0,0
2023,3,2023-04-02,Australian Grand Prix,albert_park,perez,PER,red_bull,20,5,5.0,11.0,58,Finished,0,0
2023,3,2023-04-02,Australian Grand Prix,albert_park,piastri,PIA,mclaren,16,8,8.0,4.0,58,Finished,0,0
2023,3,2023-04-02,Australian Grand Prix,albert_park,russell,RUS,mercedes,2,R,,0.0,17,Retired,1,0
2023,3,2023-04-02,Australian Grand Prix,albert_park,sainz,SAI,ferrari,5,12,12.0,0.0,58,Finished,0,0
2023,3,2023-04-02,Australian Grand Prix,albert_park,sargeant,SAR,williams,18,16,16.0,0.0,56,Retired,0,0
2023,3,2023-04-02,Australian Grand Prix,albert_park,stroll,STR,aston_martin,6,4,4.0,12.0,58,Finished,0,0
2023,3,2023-04-02,Australian Grand Prix,albert_park,tsunoda,TSU,alphatauri,12,10,10.0,1.0,58,Finished,0,0
2023,3,2023-04-02,Australian Grand Prix,albert_park,zhou,ZHO,alfa,17,9,9.0,2.0,58,Finished,0,0
2023,4,2023-04-30,Azerbaijan Grand Prix,baku,albon,ALB,williams,12,12,12.0,0.0,51,Finished,0,0
2023,4,2023-04-30,Azerbaijan Grand Prix,baku,alonso,ALO,aston_martin,6,4,4.0,12.0,51,Finished,0,0
2023,4,2023-04-30,Azerbaijan Grand Prix,baku,bottas,BOT,alfa,13,18,18.0,0.0,50,Lapped,0,0
2023,4,2023-04-30,Azerbaijan Grand Prix,baku,de_vries,DEV,alphatauri,18,R,,0.0,9,Retired,1,0
2023,4,2023-04-30,Azerbaijan Grand Prix,baku,gasly,GAS,alpine,17,14,14.0,0.0,51,Finished,0,0
2023,4,2023-04-30,Azerbaijan Grand Prix,baku,hamilton,HAM,mercedes,5,6,6.0,8.0,51,Finished,0,0
2023,4,2023-04-30,Azerbaijan Grand Prix,baku,hulkenberg,HUL,haas,20,17,17.0,0.0,50,Lapped,0,0
2023,4,2023-04-30,Azerbaijan Grand Prix,baku,kevin_magnussen,MAG,haas,16,13,13.0,0.0,51,Finished,0,0
2023,4,2023-04-30,Azerbaijan Grand Prix,baku,leclerc,LEC,ferrari,1,3,3.0,15.0,51,Finished,0,0
2023,4,2023-04-30,Azerbaijan Grand Prix,baku,max_verstappen,VER,red_bull,2,2,2.0,18.0,51,Finished,0,0
2023,4,2023-04-30,Azerbaijan Grand Prix,baku,norris,NOR,mclaren,7,9,9.0,2.0,51,Finished,0,0
2023,4,2023-04-30,Azerbaijan Grand Prix,baku,ocon,OCO,alpine,19,15,15.0,0.0,51,Finished,0,0
2023,4,2023-04-30,Azerbaijan Grand Prix,baku,perez,PER,red_bull,3,1,1.0,25.0,51,Finished,0,1
2023,4,2023-04-30,Azerbaijan Grand Prix,baku,piastri,PIA,mclaren,10,11,11.0,0.0,51,Finished,0,0
2023,4,2023-04-30,Azerbaijan Grand Prix,baku,russell,RUS,mercedes,11,8,8.0,5.0,51,Finished,0,0
2023,4,2023-04-30,Azerbaijan Grand Prix,baku,sainz,SAI,ferrari,4,5,5.0,10.0,51,Finished,0,0
2023,4,2023-04-30,Azerbaijan Grand Prix,baku,sargeant,SAR,williams,14,16,16.0,0.0,51,Finished,0,0
2023,4,2023-04-30,Azerbaijan Grand Prix,baku,stroll,STR,aston_martin,9,7,7.0,6.0,51,Finished,0,0
2023,4,2023-04-30,Azerbaijan Grand Prix,baku,tsunoda,TSU,alphatauri,8,10,10.0,1.0,51,Finished,0,0
2023,4,2023-04-30,Azerbaijan Grand Prix,baku,zhou,ZHO,alfa,15,R,,0.0,36,Retired,1,0
2023,5,2023-05-07,Miami Grand Prix,miami,albon,ALB,williams,11,14,14.0,0.0,57,Finished,0,0
2023,5,2023-05-07,Miami Grand Prix,miami,alonso,ALO,aston_martin,2,3,3.0,15.0,57,Finished,0,0
2023,5,2023-05-07,Miami Grand Prix,miami,bottas,BOT,alfa,10,13,13.0,0.0,57,Finished,0,0
2023,5,2023-05-07,Miami Grand Prix,miami,de_vries,DEV,alphatauri,15,18,18.0,0.0,57,Finished,0,0
2023,5,2023-05-07,Miami Grand Prix,miami,gasly,GAS,alpine,5,8,8.0,4.0,57,Finished,0,0
2023,5,2023-05-07,Miami Grand Prix,miami,hamilton,HAM,mercedes,13,6,6.0,8.0,57,Finished,0,0
2023,5,2023-05-07,Miami Grand Prix,miami,hulkenberg,HUL,haas,12,15,15.0,0.0,57,Finished,0,0
2023,5,2023-05-07,Miami Grand Prix,miami,kevin_magnussen,MAG,haas,4,10,10.0,1.0,57,Finished,0,0
2023,5,2023-05-07,Miami Grand Prix,miami,leclerc,LEC,ferrari,7,7,7.0,6.0,57,Finished,0,0
2023,5,2023-05-07,Miami Grand Prix,miami,max_verstappen,VER,red_bull,9,1,1.0,26.0,57,Finished,0,1
2023,5,2023-05-07,Miami Grand Prix,miami,norris,NOR,mclaren,16,17,17.0,0.0,57,Finished,0,0
2023,5,2023-05-07,Miami Grand Prix,miami,ocon,OCO,alpine,8,9,9.0,2.0,57,Finished,0,0
2023,5,2023-05-07,Miami Grand Prix,miami,perez,PER,red_bull,1,2,2.0,18.0,57,Finished,0,0
2023,5,2023-05-07,Miami Grand Prix,miami,piastri,PIA,mclaren,19,19,19.0,0.0,56,Lapped,0,0
2023,5,2023-05-07,Miami Grand Prix,miami,russell,RUS,mercedes,6,4,4.0,12.0,57,Finished,0,0
2023,5,2023-05-07,Miami Grand Prix,miami,sainz,SAI,ferrari,3,5,5.0,10.0,57,Finished,0,0
2023,5,2023-05-07,Miami Grand Prix,miami,sargeant,SAR,williams,20,20,20.0,0.0,56,Lapped,0,0
2023,5,2023-05-07,Miami Grand Prix,miami,stroll,STR,aston_martin,18,12,12.0,0.0,57,Finished,0,0
2023,5,2023-05-07,Miami Grand Prix,miami,tsunoda,TSU,alphatauri,17,11,11.0,0.0,57,Finished,0,0
2023,5,2023-05-07,Miami Grand Prix,miami,zhou,ZHO,alfa,14,16,16.0,0.0,57,Finished,0,0
2023,6,2023-05-28,Monaco Grand Prix,monaco,albon,ALB,williams,13,14,14.0,0.0,77,Lapped,0,0
2023,6,2023-05-28,Monaco Grand Prix,monaco,alonso,ALO,aston_martin,2,2,2.0,18.0,78,Finished,0,0
2023,6,2023-05-28,Monaco Grand Prix,monaco,bottas,BOT,alfa,15,11,11.0,0.0,77,Lapped,0,0
2023,6,2023-05-28,Monaco Grand Prix,monaco,de_vries,DEV,alphatauri,12,12,12.0,0.0,77,Lapped,0,0
2023,6,2023-05-28,Monaco Grand Prix,monaco,gasly,GAS,alpine,7,7,7.0,6.0,78,Finished,0,0
2023,6,2023-05-28,Monaco Grand Prix,monaco,hamilton,HAM,mercedes,5,4,4.0,13.0,78,Finished,0,0
2023,6,2023-05-28,Monaco Grand Prix,monaco,hulkenberg,HUL,haas,18,17,17.0,0.0,76,Lapped,0,0
2023,6,2023-05-28,Monaco Grand Prix,monaco,kevin_magnussen,MAG,haas,17,19,19.0,0.0,70,Retired,0,0
2023,6,2023-05-28,Monaco Grand Prix,monaco,leclerc,LEC,ferrari,6,6,6.0,8.0,78,Finished,0,0
2023,6,2023-05-28,Monaco Grand Prix,monaco,max_verstappen,VER,red_bull,1,1,1.0,25.0,78,Finished,0,1
2023,6,2023-05-28,Monaco Grand Prix,monaco,norris,NOR,mclaren,10,9,9.0,2.0,77,Lapped,0,0
2023,6,2023-05-28,Monaco Grand Prix,monaco,ocon,OCO,alpine,3,3,3.0,15.0,78,Finished,0,0
2023,6,2023-05-28,Monaco Grand Prix,monaco,perez,PER,red_bull,20,16,16.0,0.0,76,Lapped,0,0
2023,6,2023-05-28,Monaco Grand Prix,monaco,piastri,PIA,mclaren,11,10,10.0,1.0,77,Lapped,0,0
2023,6,2023-05-28,Monaco Grand Prix,monaco,russell,RUS,mercedes,8,5,5.0,10.0,78,Finished,0,0
2023,6,2023-05-28,Monaco Grand Prix,monaco,sainz,SAI,ferrari,4,8,8.0,4.0,78,Finished,0,0
2023,6,2023-05-28,Monaco Grand Prix,monaco,sargeant,SAR,williams,16,18,18.0,0.0,76,Lapped,0,0
2023,6,2023-05-28,Monaco Grand Prix,monaco,stroll,STR,aston_martin,14,R,,0.0,53,Retired,1,0
2023,6,2023-05-28,Monaco Grand Prix,monaco,tsunoda,TSU,alphatauri,9,15,15.0,0.0,76,Lapped,0,0
2023,6,2023-05-28,Monaco Grand Prix,monaco,zhou,ZHO,alfa,19,13,13.0,0.0,77,Lapped,0,0
2023,7,2023-06-04,Spanish Grand Prix,catalunya,albon,ALB,williams,18,16,16.0,0.0,65,Lapped,0,0
2023,7,2023-06-04,Spanish Grand Prix,catalunya,alonso,ALO,aston_martin,8,7,7.0,6.0,66,Finished,0,0
2023,7,2023-06-04,Spanish Grand Prix,catalunya,bottas,BOT,alfa,16,19,19.0,0.0,65,Lapped,0,0
2023,7,2023-06-04,Spanish Grand Prix,catalunya,de_vries,DEV,alphatauri,14,14,14.0,0.0,65,Lapped,0,0
2023,7,2023-06-04,Spanish Grand Prix,catalunya,gasly,GAS,alpine,10,10,10.0,1.0,66,Finished,0,0
2023,7,2023-06-04,Spanish Grand Prix,catalunya,hamilton,HAM,mercedes,4,2,2.0,18.0,66,Finished,0,0
2023,7,2023-06-04,Spanish Grand Prix,catalunya,hulkenberg,HUL,haas,7,15,15.0,0.0,65,Lapped,0,0
2023,7,2023-06-04,Spanish Grand Prix,catalunya,kevin_magnussen,MAG,haas,17,18,18.0,0.0,65,Lapped,0,0
2023,7,2023-06-04,Spanish Grand Prix,catalunya,leclerc,LEC,ferrari,19,11,11.0,0.0,66,Finished,0,0
2023,7,2023-06-04,Spanish Grand Prix,catalunya,max_verstappen,VER,red_bull,1,1,1.0,26.0,66,Finished,0,1
2023,7,2023-06-04,Spanish Grand Prix,catalunya,norris,NOR,mclaren,3,17,17.0,0.0,65,Lapped,0,0
2023,7,2023-06-04,Spanish Grand Prix,catalunya,ocon,OCO,alpine,6,8,8.0,4.0,66,Finished,0,0
2023,7,2023-06-04,Spanish Grand Prix,catalunya,perez,PER,red_bull,11,4,4.0,12.0,66,Finished,0,0
2023,7,2023-06-04,Spanish Grand Prix,catalunya,piastri,PIA,mclaren,9,13,13.0,0.0,65,Lapped,0,0
2023,7,2023-06-04,Spanish Grand Prix,catalunya,russell,RUS,mercedes,12,3,3.0,15.0,66,Finished,0,0
2023,7,2023-06-04,Spanish Grand Prix,catalunya,sainz,SAI,ferrari,2,5,5.0,10.0,66,Finished,0,0
2023,7,2023-06-04,Spanish Grand Prix,catalunya,sargeant,SAR,williams,20,20,20.0,0.0,65,Lapped,0,0
2023,7,2023-06-04,Spanish Grand Prix,catalunya,stroll,STR,aston_martin,5,6,6.0,8.0,66,Finished,0,0
2023,7,2023-06-04,Spanish Grand Prix,catalunya,tsunoda,TSU,alphatauri,15,12,12.0,0.0,66,Finished,0,0
2023,7,2023-06-04,Spanish Grand Prix,catalunya,zhou,ZHO,alfa,13,9,9.0,2.0,66,Finished,0,0
2023,8,2023-06-18,Canadian Grand Prix,villeneuve,albon,ALB,williams,9,7,7.0,6.0,70,Finished,0,0
2023,8,2023-06-18,Canadian Grand Prix,villeneuve,alonso,ALO,aston_martin,2,2,2.0,18.0,70,Finished,0,0
2023,8,2023-06-18,Canadian Grand Prix,villeneuve,bottas,BOT,alfa,14,10,10.0,1.0,70,Finished,0,0
2023,8,2023-06-18,Canadian Grand Prix,villeneuve,de_vries,DEV,alphatauri,17,18,18.0,0.0,69,Lapped,0,0
2023,8,2023-06-18,Canadian Grand Prix,villeneuve,gasly,GAS,alpine,15,12,12.0,0.0,70,Finished,0,0
2023,8,2023-06-18,Canadian Grand Prix,villeneuve,hamilton,HAM,mercedes,3,3,3.0,15.0,70,Finished,0,0
2023,8,2023-06-18,Canadian Grand Prix,villeneuve,hulkenberg,HUL,haas,5,15,15.0,0.0,69,Lapped,0,0
2023,8,2023-06-18,Canadian Grand Prix,villeneuve,kevin_magnussen,MAG,haas,13,17,17.0,0.0,69,Lapped,0,0
2023,8,2023-06-18,Canadian Grand Prix,villeneuve,leclerc,LEC,ferrari,10,4,4.0,12.0,70,Finished,0,0
2023,8,2023-06-18,Canadian Grand Prix,villeneuve,max_verstappen,VER,red_bull,1,1,1.0,25.0,70,Finished,0,1
2023,8,2023-06-18,Canadian Grand Prix,villeneuve,norris,NOR,mclaren,7,13,13.0,0.0,70,Finished,0,0
2023,8,2023-06-18,Canadian Grand Prix,villeneuve,ocon,OCO,alpine,6,8,8.0,4.0,70,Finished,0,0
2023,8,2023-06-18,Canadian Grand Prix,villeneuve,perez,PER,red_bull,12,6,6.0,9.0,70,Finished,0,0
2023,8,2023-06-18,Canadian Grand Prix,villeneuve,piastri,PIA,mclaren,8,11,11.0,0.0,70,Finished,0,0
2023,8,2023-06-18,Canadian Grand Prix,villeneuve,russell,RUS,mercedes,4,R,,0.0,53,Retired,1,0
2023,8,2023-06-18,Canadian Grand Prix,villeneuve,sainz,SAI,ferrari,11,5,5.0,10.0,70,Finished,0,0
2023,8,2023-06-18,Canadian Grand Prix,villeneuve,sargeant,SAR,williams,18,R,,0.0,6,Retired,1,0
2023,8,2023-06-18,Canadian Grand Prix,villeneuve,stroll,STR,aston_martin,16,9,9.0,2.0,70,Finished,0,0
2023,8,2023-06-18,Canadian Grand Prix,villeneuve,tsunoda,TSU,alphatauri,19,14,14.0,0.0,70,Finished,0,0
2023,8,2023-06-18,Canadian Grand Prix,villeneuve,zhou,ZHO,alfa,20,16,16.0,0.0,69,Lapped,0,0
2023,9,2023-07-02,Austrian Grand Prix,red_bull_ring,albon,ALB,williams,10,11,11.0,0.0,71,Finished,0,0
2023,9,2023-07-02,Austrian Grand Prix,red_bull_ring,alonso,ALO,aston_martin,7,5,5.0,10.0,71,Finished,0,0
2023,9,2023-07-02,Austrian Grand Prix,red_bull_ring,bottas,BOT,alfa,14,15,15.0,0.0,70,Lapped,0,0
2023,9,2023-07-02,Austrian Grand Prix,red_bull_ring,de_vries,DEV,alphatauri,20,17,17.0,0.0,70,Lapped,0,0
2023,9,2023-07-02,Austrian Grand Prix,red_bull_ring,gasly,GAS,alpine,9,10,10.0,1.0,71,Finished,0,0
2023,9,2023-07-02,Austrian Grand Prix,red_bull_ring,hamilton,HAM,mercedes,5,8,8.0,4.0,71,Finished,0,0
2023,9,2023-07-02,Austrian Grand Prix,red_bull_ring,hulkenberg,HUL,haas,8,R,,0.0,12,Retired,1,0
2023,9,2023-07-02,Austrian Grand Prix,red_bull_ring,kevin_magnussen,MAG,haas,19,18,18.0,0.0,70,Lapped,0,0
2023,9,2023-07-02,Austrian Grand Prix,red_bull_ring,leclerc,LEC,ferrari,2,2,2.0,18.0,71,Finished,0,0
2023,9,2023-07-02,Austrian Grand Prix,red_bull_ring,max_verstappen,VER,red_bull,1,1,1.0,26.0,71,Finished,0,1
2023,9,2023-07-02,Austrian Grand Prix,red_bull_ring,norris,NOR,mclaren,4,4,4.0,12.0,71,Finished,0,0
2023,9,2023-07-02,Austrian Grand Prix,red_bull_ring,ocon,OCO,alpine,12,14,14.0,0.0,70,Lapped,0,0
2023,9,2023-07-02,Austrian Grand Prix,red_bull_ring,perez,PER,red_bull,15,3,3.0,15.0,71,Finished,0,0
2023,9,2023-07-02,Austrian Grand Prix,red_bull_ring,piastri,PIA,mclaren,13,16,16.0,0.0,70,Lapped,0,0
2023,9,2023-07-02,Austrian Grand Prix,red_bull_ring,russell,RUS,mercedes,11,7,7.0,6.0,71,Finished,0,0
2023,9,2023-07-02,Austrian Grand Prix,red_bull_ring,sainz,SAI,ferrari,3,6,6.0,8.0,71,Finished,0,0
2023,9,2023-07-02,Austrian Grand Prix,red_bull_ring,sargeant,SAR,williams,18,13,13.0,0.0,70,Lapped,0,0
2023,9,2023-07-02,Austrian Grand Prix,red_bull_ring,stroll,STR,aston_martin,6,9,9.0,2.0,71,Finished,0,0
2023,9,2023-07-02,Austrian Grand Prix,red_bull_ring,tsunoda,TSU,alphatauri,16,19,19.0,0.0,70,Lapped,0,0
2023,9,2023-07-02,Austrian Grand Prix,red_bull_ring,zhou,ZHO,alfa,17,12,12.0,0.0,70,Lapped,0,0
2023,10,2023-07-09,British Grand Prix,silverstone,albon,ALB,williams,8,8,8.0,4.0,52,Finished,0,0
2023,10,2023-07-09,British Grand Prix,silverstone,alonso,ALO,aston_martin,9,7,7.0,6.0,52,Finished,0,0
2023,10,2023-07-09,British Grand Prix,silverstone,bottas,BOT,alfa,20,12,12.0,0.0,52,Finished,0,0
2023,10,2023-07-09,British Grand Prix,silverstone,de_vries,DEV,alphatauri,18,17,17.0,0.0,52,Finished,0,0
2023,10,2023-07-09,British Grand Prix,silverstone,gasly,GAS,alpine,10,18,18.0,0.0,46,Retired,0,0
2023,10,2023-07-09,British Grand Prix,silverstone,hamilton,HAM,mercedes,7,3,3.0,15.0,52,Finished,0,0
2023,10,2023-07-09,British Grand Prix,silverstone,hulkenberg,HUL,haas,11,13,13.0,0.0,52,Finished,0,0
2023,10,2023-07-09,British Grand Prix,silverstone,kevin_magnussen,MAG,haas,19,R,,0.0,31,Retired,1,0
2023,10,2023-07-09,British Grand Prix,silverstone,leclerc,LEC,ferrari,4,9,9.0,2.0,52,Finished,0,0
2023,10,2023-07-09,British Grand Prix,silverstone,max_verstappen,VER,red_bull,1,1,1.0,26.0,52,Finished,0,1
2023,10,2023-07-09,British Grand Prix,silverstone,norris,NOR,mclaren,2,2,2.0,18.0,52,Finished,0,0
2023,10,2023-07-09,British Grand Prix,silverstone,ocon,OCO,alpine,13,R,,0.0,9,Retired,1,0
2023,10,2023-07-09,British Grand Prix,silverstone,perez,PER,red_bull,15,6,6.0,8.0,52,Finished,0,0
2023,10,2023-07-09,British Grand Prix,silverstone,piastri,PIA,mclaren,3,4,4.0,12.0,52,Finished,0,0
2023,10,2023-07-09,British Grand Prix,silverstone,russell,RUS,mercedes,6,5,5.0,10.0,52,Finished,0,0
2023,10,2023-07-09,British Grand Prix,silverstone,sainz,SAI,ferrari,5,10,10.0,1.0,52,Finished,0,0
2023,10,2023-07-09,British Grand Prix,silverstone,sargeant,SAR,williams,14,11,11.0,0.0,52,Finished,0,0
2023,10,2023-07-09,British Grand Prix,silverstone,stroll,STR,aston_martin,12,14,14.0,0.0,52,Finished,0,0
2023,10,2023-07-09,British Grand Prix,silverstone,tsunoda,TSU,alphatauri,16,16,16.0,0.0,52,Finished,0,0
2023,10,2023-07-09,British Grand Prix,silverstone,zhou,ZHO,alfa,17,15,15.0,0.0,52,Finished,0,0
2023,11,2023-07-23,Hungarian Grand Prix,hungaroring,albon,ALB,williams,16,11,11.0,0.0,69,Lapped,0,0
2023,11,2023-07-23,Hungarian Grand Prix,hungaroring,alonso,ALO,aston_martin,8,9,9.0,2.0,70,Finished,0,0
2023,11,2023-07-23,Hungarian Grand Prix,hungaroring,bottas,BOT,alfa,7,12,12.0,0.0,69,Lapped,0,0
2023,11,2023-07-23,Hungarian Grand Prix,hungaroring,gasly,GAS,alpine,15,R,,0.0,1,Retired,1,0
2023,11,2023-07-23,Hungarian Grand Prix,hungaroring,hamilton,HAM,mercedes,1,4,4.0,12.0,70,Finished,0,0
2023,11,2023-07-23,Hungarian Grand Prix,hungaroring,hulkenberg,HUL,haas,10,14,14.0,0.0,69,Lapped,0,0
2023,11,2023-07-23,Hungarian Grand Prix,hungaroring,kevin_magnussen,MAG,haas,19,17,17.0,0.0,69,Lapped,0,0
2023,11,2023-07-23,Hungarian Grand Prix,hungaroring,leclerc,LEC,ferrari,6,7,7.0,6.0,70,Finished,0,0
2023,11,2023-07-23,Hungarian Grand Prix,hungaroring,max_verstappen,VER,red_bull,2,1,1.0,26.0,70,Finished,0,1
2023,11,2023-07-23,Hungarian Grand Prix,hungaroring,norris,NOR,mclaren,3,2,2.0,18.0,70,Finished,0,0
2023,11,2023-07-23,Hungarian Grand Prix,hungaroring,ocon,OCO,alpine,12,R,,0.0,2,Retired,1,0
2023,11,2023-07-23,Hungarian Grand Prix,hungaroring,perez,PER,red_bull,9,3,3.0,15.0,70,Finished,0,0
2023,11,2023-07-23,Hungarian Grand Prix,hungaroring,piastri,PIA,mclaren,4,5,5.0,10.0,70,Finished,0,0
2023,11,2023-07-23,Hungarian Grand Prix,hungaroring,ricciardo,RIC,alphatauri,13,13,13.0,0.0,69,Lapped,0,0
2023,11,2023-07-23,Hungarian Grand Prix,hungaroring,russell,RUS,mercedes,18,6,6.0,8.0,70,Finished,0,0
2023,11,2023-07-23,Hungarian Grand Prix,hungaroring,sainz,SAI,ferrari,11,8,8.0,4.0,70,Finished,0,0
2023,11,2023-07-23,Hungarian Grand Prix,hungaroring,sargeant,SAR,williams,20,18,18.0,0.0,67,Retired,0,0
2023,11,2023-07-23,Hungarian Grand Prix,hungaroring,stroll,STR,aston_martin,14,10,10.0,1.0,69,Lapped,0,0
2023,11,2023-07-23,Hungarian Grand Prix,hungaroring,tsunoda,TSU,alphatauri,17,15,15.0,0.0,69,Lapped,0,0
2023,11,2023-07-23,Hungarian Grand Prix,hungaroring,zhou,ZHO,alfa,5,16,16.0,0.0,69,Lapped,0,0
2023,12,2023-07-30,Belgian Grand Prix,spa,albon,ALB,williams,15,14,14.0,0.0,44,Finished,0,0
2023,12,2023-07-30,Belgian Grand Prix,spa,alonso,ALO,aston_martin,9,5,5.0,10.0,44,Finished,0,0
2023,12,2023-07-30,Belgian Grand Prix,spa,bottas,BOT,alfa,13,12,12.0,0.0,44,Finished,0,0
2023,12,2023-07-30,Belgian Grand Prix,spa,gasly,GAS,alpine,12,11,11.0,0.0,44,Finished,0,0
2023,12,2023-07-30,Belgian Grand Prix,spa,hamilton,HAM,mercedes,3,4,4.0,13.0,44,Finished,0,0
2023,12,2023-07-30,Belgian Grand Prix,spa,hulkenberg,HUL,haas,20,18,18.0,0.0,44,Finished,0,0
2023,12,2023-07-30,Belgian Grand Prix,spa,kevin_magnussen,MAG,haas,16,15,15.0,0.0,44,Finished,0,0
2023,12,2023-07-30,Belgian Grand Prix,spa,leclerc,LEC,ferrari,1,3,3.0,15.0,44,Finished,0,0
2023,12,2023-07-30,Belgian Grand Prix,spa,max_verstappen,VER,red_bull,6,1,1.0,25.0,44,Finished,0,1
2023,12,2023-07-30,Belgian Grand Prix,spa,norris,NOR,mclaren,7,7,7.0,6.0,44,Finished,0,0
2023,12,2023-07-30,Belgian Grand Prix,spa,ocon,OCO,alpine,14,8,8.0,4.0,44,Finished,0,0
2023,12,2023-07-30,Belgian Grand Prix,spa,perez,PER,red_bull,2,2,2.0,18.0,44,Finished,0,0
2023,12,2023-07-30,Belgian Grand Prix,spa,piastri,PIA,mclaren,5,R,,0.0,0,Retired,1,0
2023,12,2023-07-30,Belgian Grand Prix,spa,ricciardo,RIC,alphatauri,19,16,16.0,0.0,44,Finished,0,0
2023,12,2023-07-30,Belgian Grand Prix,spa,russell,RUS,mercedes,8,6,6.0,8.0,44,Finished,0,0
2023,12,2023-07-30,Belgian Grand Prix,spa,sainz,SAI,ferrari,4,R,,0.0,23,Retired,1,0
2023,12,2023-07-30,Belgian Grand Prix,spa,sargeant,SAR,williams,18,17,17.0,0.0,44,Finished,0,0
2023,12,2023-07-30,Belgian Grand Prix,spa,stroll,STR,aston_martin,10,9,9.0,2.0,44,Finished,0,0
2023,12,2023-07-30,Belgian Grand Prix,spa,tsunoda,TSU,alphatauri,11,10,10.0,1.0,44,Finished,0,0
2023,12,2023-07-30,Belgian Grand Prix,spa,zhou,ZHO,alfa,17,13,13.0,0.0,44,Finished,0,0
2023,13,2023-08-27,Dutch Grand Prix,zandvoort,albon,ALB,williams,4,8,8.0,4.0,72,Finished,0,0
2023,13,2023-08-27,Dutch Grand Prix,zandvoort,alonso,ALO,aston_martin,5,2,2.0,19.0,72,Finished,0,0
2023,13,2023-08-27,Dutch Grand Prix,zandvoort,bottas,BOT,alfa,18,14,14.0,0.0,72,Finished,0,0
2023,13,2023-08-27,Dutch Grand Prix,zandvoort,gasly,GAS,alpine,12,3,3.0,15.0,72,Finished,0,0
2023,13,2023-08-27,Dutch Grand Prix,zandvoort,hamilton,HAM,mercedes,13,6,6.0,8.0,72,Finished,0,0
2023,13,2023-08-27,Dutch Grand Prix,zandvoort,hulkenberg,HUL,haas,14,12,12.0,0.0,72,Finished,0,0
2023,13,2023-08-27,Dutch Grand Prix,zandvoort,kevin_magnussen,MAG,haas,0,16,16.0,0.0,72,Finished,0,0
2023,13,2023-08-27,Dutch Grand Prix,zandvoort,lawson,LAW,alphatauri,19,13,13.0,0.0,72,Finished,0,0
2023,13,2023-08-27,Dutch Grand Prix,zandvoort,leclerc,LEC,ferrari,9,R,,0.0,41,Undertray,1,0
2023,13,2023-08-27,Dutch Grand Prix,zandvoort,max_verstappen,VER,red_bull,1,1,1.0,25.0,72,Finished,0,1
2023,13,2023-08-27,Dutch Grand Prix,zandvoort,norris,NOR,mclaren,2,7,7.0,6.0,72,Finished,0,0
2023,13,2023-08-27,Dutch Grand Prix,zandvoort,ocon,OCO,alpine,16,10,10.0,1.0,72,Finished,0,0
2023,13,2023-08-27,Dutch Grand Prix,zandvoort,perez,PER,red_bull,7,4,4.0,12.0,72,Finished,0,0
2023,13,2023-08-27,Dutch Grand Prix,zandvoort,piastri,PIA,mclaren,8,9,9.0,2.0,72,Finished,0,0
2023,13,2023-08-27,Dutch Grand Prix,zandvoort,russell,RUS,mercedes,3,17,17.0,0.0,72,Finished,0,0
2023,13,2023-08-27,Dutch Grand Prix,zandvoort,sainz,SAI,ferrari,6,5,5.0,10.0,72,Finished,0,0
2023,13,2023-08-27,Dutch Grand Prix,zandvoort,sargeant,SAR,williams,10,R,,0.0,14,Accident,1,0
2023,13,2023-08-27,Dutch Grand Prix,zandvoort,stroll,STR,aston_martin,11,11,11.0,0.0,72,Finished,0,0
2023,13,2023-08-27,Dutch Grand Prix,zandvoort,tsunoda,TSU,alphatauri,17,15,15.0,0.0,72,Finished,0,0
2023,13,2023-08-27,Dutch Grand Prix,zandvoort,zhou,ZHO,alfa,15,R,,0.0,62,Accident,1,0
2023,14,2023-09-03,Italian Grand Prix,monza,albon,ALB,williams,6,7,7.0,6.0,51,Finished,0,0
2023,14,2023-09-03,Italian Grand Prix,monza,alonso,ALO,aston_martin,10,9,9.0,2.0,51,Finished,0,0
2023,14,2023-09-03,Italian Grand Prix,monza,bottas,BOT,alfa,14,10,10.0,1.0,51,Finished,0,0
2023,14,2023-09-03,Italian Grand Prix,monza,gasly,GAS,alpine,17,15,15.0,0.0,51,Finished,0,0
2023,14,2023-09-03,Italian Grand Prix,monza,hamilton,HAM,mercedes,8,6,6.0,8.0,51,Finished,0,0
2023,14,2023-09-03,Italian Grand Prix,monza,hulkenberg,HUL,haas,13,17,17.0,0.0,50,Lapped,0,0
2023,14,2023-09-03,Italian Grand Prix,monza,kevin_magnussen,MAG,haas,19,18,18.0,0.0,50,Lapped,0,0
2023,14,2023-09-03,Italian Grand Prix,monza,lawson,LAW,alphatauri,12,11,11.0,0.0,51,Finished,0,0
2023,14,2023-09-03,Italian Grand Prix,monza,leclerc,LEC,ferrari,3,4,4.0,12.0,51,Finished,0,0
2023,14,2023-09-03,Italian Grand Prix,monza,max_verstappen,VER,red_bull,2,1,1.0,25.0,51,Finished,0,1
2023,14,2023-09-03,Italian Grand Prix,monza,norris,NOR,mclaren,9,8,8.0,4.0,51,Finished,0,0
2023,14,2023-09-03,Italian Grand Prix,monza,ocon,OCO,alpine,18,R,,0.0,39,Retired,1,0
2023,14,2023-09-03,Italian Grand Prix,monza,perez,PER,red_bull,5,2,2.0,18.0,51,Finished,0,0
2023,14,2023-09-03,Italian Grand Prix,monza,piastri,PIA,mclaren,7,12,12.0,0.0,51,Finished,0,0
2023,14,2023-09-03,Italian Grand Prix,monza,russell,RUS,mercedes,4,5,5.0,10.0,51,Finished,0,0
2023,14,2023-09-03,Italian Grand Prix,monza,sainz,SAI,ferrari,1,3,3.0,15.0,51,Finished,0,0
2023,14,2023-09-03,Italian Grand Prix,monza,sargeant,SAR,williams,15,13,13.0,0.0,51,Finished,0,0
2023,14,2023-09-03,Italian Grand Prix,monza,stroll,STR,aston_martin,20,16,16.0,0.0,51,Finished,0,0
2023,14,2023-09-03,Italian Grand Prix,monza,tsunoda,TSU,alphatauri,11,W,,0.0,0,Did not start,1,0
2023,14,2023-09-03,Italian Grand Prix,monza,zhou,ZHO,alfa,16,14,14.0,0.0,51,Finished,0,0
2023,15,2023-09-17,Singapore Grand Prix,marina_bay,albon,ALB,williams,14,11,11.0,0.0,62,Finished,0,0
2023,15,2023-09-17,Singapore Grand Prix,marina_bay,alonso,ALO,aston_martin,7,15,15.0,0.0,62,Finished,0,0
2023,15,2023-09-17,Singapore Grand Prix,marina_bay,bottas,BOT,alfa,16,R,,0.0,51,Retired,1,0
2023,15,2023-09-17,Singapore Grand Prix,marina_bay,gasly,GAS,alpine,12,6,6.0,8.0,62,Finished,0,0
2023,15,2023-09-17,Singapore Grand Prix,marina_bay,hamilton,HAM,mercedes,5,3,3.0,16.0,62,Finished,0,0
2023,15,2023-09-17,Singapore Grand Prix,marina_bay,hulkenberg,HUL,haas,9,13,13.0,0.0,62,Finished,0,0
2023,15,2023-09-17,Singapore Grand Prix,marina_bay,kevin_magnussen,MAG,haas,6,10,10.0,1.0,62,Finished,0,0
2023,15,2023-09-17,Singapore Grand Prix,marina_bay,lawson,LAW,alphatauri,10,9,9.0,2.0,62,Finished,0,0
2023,15,2023-09-17,Singapore Grand Prix,marina_bay,leclerc,LEC,ferrari,3,4,4.0,12.0,62,Finished,0,0
2023,15,2023-09-17,Singapore Grand Prix,marina_bay,max_verstappen,VER,red_bull,11,5,5.0,10.0,62,Finished,0,0
2023,15,2023-09-17,Singapore Grand Prix,marina_bay,norris,NOR,mclaren,4,2,2.0,18.0,62,Finished,0,0
2023,15,2023-09-17,Singapore Grand Prix,marina_bay,ocon,OCO,alpine,8,R,,0.0,42,Retired,1,0
2023,15,2023-09-17,Singapore Grand Prix,marina_bay,perez,PER,red_bull,13,8,8.0,4.0,62,Finished,0,0
2023,15,2023-09-17,Singapore Grand Prix,marina_bay,piastri,PIA,mclaren,17,7,7.0,6.0,62,Finished,0,0
2023,15,2023-09-17,Singapore Grand Prix,marina_bay,russell,RUS,mercedes,2,16,16.0,0.0,61,Retired,0,0
2023,15,2023-09-17,Singapore Grand Prix,marina_bay,sainz,SAI,ferrari,1,1,1.0,25.0,62,Finished,0,1
2023,15,2023-09-17,Singapore Grand Prix,marina_bay,sargeant,SAR,williams,18,14,14.0,0.0,62,Finished,0,0
2023,15,2023-09-17,Singapore Grand Prix,marina_bay,stroll,STR,aston_martin,0,W,,0.0,0,Withdrew,1,0
2023,15,2023-09-17,Singapore Grand Prix,marina_bay,tsunoda,TSU,alphatauri,15,R,,0.0,0,Retired,1,0
2023,15,2023-09-17,Singapore Grand Prix,marina_bay,zhou,ZHO,alfa,19,12,12.0,0.0,62,Finished,0,0
2023,16,2023-09-24,Japanese Grand Prix,suzuka,albon,ALB,williams,13,R,,0.0,26,Retired,1,0
2023,16,2023-09-24,Japanese Grand Prix,suzuka,alonso,ALO,aston_martin,10,8,8.0,4.0,53,Finished,0,0
2023,16,2023-09-24,Japanese Grand Prix,suzuka,bottas,BOT,alfa,16,R,,0.0,7,Retired,1,0
2023,16,2023-09-24,Japanese Grand Prix,suzuka,gasly,GAS,alpine,12,10,10.0,1.0,53,Finished,0,0
2023,16,2023-09-24,Japanese Grand Prix,suzuka,hamilton,HAM,mercedes,7,5,5.0,10.0,53,Finished,0,0
2023,16,2023-09-24,Japanese Grand Prix,suzuka,hulkenberg,HUL,haas,18,14,14.0,0.0,52,Lapped,0,0
2023,16,2023-09-24,Japanese Grand Prix,suzuka,kevin_magnussen,MAG,haas,15,15,15.0,0.0,52,Lapped,0,0
2023,16,2023-09-24,Japanese Grand Prix,suzuka,lawson,LAW,alphatauri,11,11,11.0,0.0,52,Lapped,0,0
2023,16,2023-09-24,Japanese Grand Prix,suzuka,leclerc,LEC,ferrari,4,4,4.0,12.0,53,Finished,0,0
2023,16,2023-09-24,Japanese Grand Prix,suzuka,max_verstappen,VER,red_bull,1,1,1.0,26.0,53,Finished,0,1
2023,16,2023-09-24,Japanese Grand Prix,suzuka,norris,NOR,mclaren,3,2,2.0,18.0,53,Finished,0,0
2023,16,2023-09-24,Japanese Grand Prix,suzuka,ocon,OCO,alpine,14,9,9.0,2.0,53,Finished,0,0
2023,16,2023-09-24,Japanese Grand Prix,suzuka,perez,PER,red_bull,5,R,,0.0,15,Retired,1,0
2023,16,2023-09-24,Japanese Grand Prix,suzuka,piastri,PIA,mclaren,2,3,3.0,15.0,53,Finished,0,0
2023,16,2023-09-24,Japanese Grand Prix,suzuka,russell,RUS,mercedes,8,7,7.0,6.0,53,Finished,0,0
2023,16,2023-09-24,Japanese Grand Prix,suzuka,sainz,SAI,ferrari,6,6,6.0,8.0,53,Finished,0,0
2023,16,2023-09-24,Japanese Grand Prix,suzuka,sargeant,SAR,williams,20,R,,0.0,22,Retired,1,0
2023,16,2023-09-24,Japanese Grand Prix,suzuka,stroll,STR,aston_martin,17,R,,0.0,20,Retired,1,0
2023,16,2023-09-24,Japanese Grand Prix,suzuka,tsunoda,TSU,alphatauri,9,12,12.0,0.0,52,Lapped,0,0
2023,16,2023-09-24,Japanese Grand Prix,suzuka,zhou,ZHO,alfa,19,13,13.0,0.0,52,Lapped,0,0
2023,17,2023-10-08,Qatar Grand Prix,losail,albon,ALB,williams,13,13,13.0,0.0,57,Finished,0,0
2023,17,2023-10-08,Qatar Grand Prix,losail,alonso,ALO,aston_martin,4,6,6.0,8.0,57,Finished,0,0
2023,17,2023-10-08,Qatar Grand Prix,losail,bottas,BOT,alfa,9,8,8.0,4.0,57,Finished,0,0
2023,17,2023-10-08,Qatar Grand Prix,losail,gasly,GAS,alpine,7,12,12.0,0.0,57,Finished,0,0
2023,17,2023-10-08,Qatar Grand Prix,losail,hamilton,HAM,mercedes,3,R,,0.0,0,Retired,1,0
2023,17,2023-10-08,Qatar Grand Prix,losail,hulkenberg,HUL,haas,14,16,16.0,0.0,56,Lapped,0,0
2023,17,2023-10-08,Qatar Grand Prix,losail,kevin_magnussen,MAG,haas,18,14,14.0,0.0,56,Lapped,0,0
2023,17,2023-10-08,Qatar Grand Prix,losail,lawson,LAW,alphatauri,17,17,17.0,0.0,56,Lapped,0,0
2023,17,2023-10-08,Qatar Grand Prix,losail,leclerc,LEC,ferrari,5,5,5.0,10.0,57,Finished,0,0
2023,17,2023-10-08,Qatar Grand Prix,losail,max_verstappen,VER,red_bull,1,1,1.0,26.0,57,Finished,0,1
2023,17,2023-10-08,Qatar Grand Prix,losail,norris,NOR,mclaren,10,3,3.0,15.0,57,Finished,0,0
2023,17,2023-10-08,Qatar Grand Prix,losail,ocon,OCO,alpine,8,7,7.0,6.0,57,Finished,0,0
2023,17,2023-10-08,Qatar Grand Prix,losail,perez,PER,red_bull,20,10,10.0,1.0,57,Finished,0,0
2023,17,2023-10-08,Qatar Grand Prix,losail,piastri,PIA,mclaren,6,2,2.0,18.0,57,Finished,0,0
2023,17,2023-10-08,Qatar Grand Prix,losail,russell,RUS,mercedes,2,4,4.0,12.0,57,Finished,0,0
2023,17,2023-10-08,Qatar Grand Prix,losail,sainz,SAI,ferrari,12,W,,0.0,0,Did not start,1,0
2023,17,2023-10-08,Qatar Grand Prix,losail,sargeant,SAR,williams,15,R,,0.0,40,Retired,1,0
2023,17,2023-10-08,Qatar Grand Prix,losail,stroll,STR,aston_martin,16,11,11.0,0.0,57,Finished,0,0
2023,17,2023-10-08,Qatar Grand Prix,losail,tsunoda,TSU,alphatauri,11,15,15.0,0.0,56,Lapped,0,0
2023,17,2023-10-08,Qatar Grand Prix,losail,zhou,ZHO,alfa,19,9,9.0,2.0,57,Finished,0,0
2023,18,2023-10-22,United States Grand Prix,americas,albon,ALB,williams,15,9,9.0,2.0,56,Finished,0,0
2023,18,2023-10-22,United States Grand Prix,americas,alonso,ALO,aston_martin,19,R,,0.0,49,Retired,1,0
2023,18,2023-10-22,United States Grand Prix,americas,bottas,BOT,alfa,13,12,12.0,0.0,56,Finished,0,0
2023,18,2023-10-22,United States Grand Prix,americas,gasly,GAS,alpine,7,6,6.0,8.0,56,Finished,0,0
2023,18,2023-10-22,United States Grand Prix,americas,hamilton,HAM,mercedes,3,19,19.0,0.0,56,Disqualified,0,0
2023,18,2023-10-22,United States Grand Prix,americas,hulkenberg,HUL,haas,18,11,11.0,0.0,56,Finished,0,0
2023,18,2023-10-22,United States Grand Prix,americas,kevin_magnussen,MAG,haas,17,14,14.0,0.0,55,Lapped,0,0
2023,18,2023-10-22,United States Grand Prix,americas,leclerc,LEC,ferrari,1,20,20.0,0.0,56,Disqualified,0,0
2023,18,2023-10-22,United States Grand Prix,americas,max_verstappen,VER,red_bull,6,1,1.0,25.0,56,Finished,0,1
2023,18,2023-10-22,United States Grand Prix,americas,norris,NOR,mclaren,2,2,2.0,18.0,56,Finished,0,0
2023,18,2023-10-22,United States Grand Prix,americas,ocon,OCO,alpine,8,R,,0.0,6,Retired,1,0
2023,18,2023-10-22,United States Grand Prix,americas,perez,PER,red_bull,9,4,4.0,12.0,56,Finished,0,0
2023,18,2023-10-22,United States Grand Prix,americas,piastri,PIA,mclaren,10,R,,0.0,10,Retired,1,0
2023,18,2023-10-22,United States Grand Prix,americas,ricciardo,RIC,alphatauri,14,15,15.0,0.0,55,Lapped,0,0
2023,18,2023-10-22,United States Grand Prix,americas,russell,RUS,mercedes,5,5,5.0,10.0,56,Finished,0,0
2023,18,2023-10-22,United States Grand Prix,americas,sainz,SAI,ferrari,4,3,3.0,15.0,56,Finished,0,0
2023,18,2023-10-22,United States Grand Prix,americas,sargeant,SAR,williams,16,10,10.0,1.0,56,Finished,0,0
2023,18,2023-10-22,United States Grand Prix,americas,stroll,STR,aston_martin,20,7,7.0,6.0,56,Finished,0,0
2023,18,2023-10-22,United States Grand Prix,americas,tsunoda,TSU,alphatauri,11,8,8.0,5.0,56,Finished,0,0
2023,18,2023-10-22,United States Grand Prix,americas,zhou,ZHO,alfa,12,13,13.0,0.0,55,Lapped,0,0
2023,19,2023-10-29,Mexico City Grand Prix,rodriguez,albon,ALB,williams,14,9,9.0,2.0,71,Finished,0,0
2023,19,2023-10-29,Mexico City Grand Prix,rodriguez,alonso,ALO,aston_martin,13,W,,0.0,47,Withdrew,1,0
2023,19,2023-10-29,Mexico City Grand Prix,rodriguez,bottas,BOT,alfa,9,15,15.0,0.0,71,Finished,0,0
2023,19,2023-10-29,Mexico City Grand Prix,rodriguez,gasly,GAS,alpine,11,11,11.0,0.0,71,Finished,0,0
2023,19,2023-10-29,Mexico City Grand Prix,rodriguez,hamilton,HAM,mercedes,6,2,2.0,19.0,71,Finished,0,0
2023,19,2023-10-29,Mexico City Grand Prix,rodriguez,hulkenberg,HUL,haas,12,13,13.0,0.0,71,Finished,0,0
2023,19,2023-10-29,Mexico City Grand Prix,rodriguez,kevin_magnussen,MAG,haas,16,R,,0.0,31,Accident,1,0
2023,19,2023-10-29,Mexico City Grand Prix,rodriguez,leclerc,LEC,ferrari,1,3,3.0,15.0,71,Finished,0,0
2023,19,2023-10-29,Mexico City Grand Prix,rodriguez,max_verstappen,VER,red_bull,3,1,1.0,25.0,71,Finished,0,1
2023,19,2023-10-29,Mexico City Grand Prix,rodriguez,norris,NOR,mclaren,17,5,5.0,10.0,71,Finished,0,0
2023,19,2023-10-29,Mexico City Grand Prix,rodriguez,ocon,OCO,alpine,15,10,10.0,1.0,71,Finished,0,0
2023,19,2023-10-29,Mexico City Grand Prix,rodriguez,perez,PER,red_bull,5,R,,0.0,1,Collision damage,1,0
2023,19,2023-10-29,Mexico City Grand Prix,rodriguez,piastri,PIA,mclaren,7,8,8.0,4.0,71,Finished,0,0
2023,19,2023-10-29,Mexico City Grand Prix,rodriguez,ricciardo,RIC,alphatauri,4,7,7.0,6.0,71,Finished,0,0
2023,19,2023-10-29,Mexico City Grand Prix,rodriguez,russell,RUS,mercedes,8,6,6.0,8.0,71,Finished,0,0
2023,19,2023-10-29,Mexico City Grand Prix,rodriguez,sainz,SAI,ferrari,2,4,4.0,12.0,71,Finished,0,0
2023,19,2023-10-29,Mexico City Grand Prix,rodriguez,sargeant,SAR,williams,19,16,16.0,0.0,70,Retired,0,0
2023,19,2023-10-29,Mexico City Grand Prix,rodriguez,stroll,STR,aston_martin,0,17,17.0,0.0,66,Collision damage,0,0
2023,19,2023-10-29,Mexico City Grand Prix,rodriguez,tsunoda,TSU,alphatauri,18,12,12.0,0.0,71,Finished,0,0
2023,19,2023-10-29,Mexico City Grand Prix,rodriguez,zhou,ZHO,alfa,10,14,14.0,0.0,71,Finished,0,0
2023,20,2023-11-05,São Paulo Grand Prix,interlagos,albon,ALB,williams,13,R,,0.0,0,Retired,1,0
2023,20,2023-11-05,São Paulo Grand Prix,interlagos,alonso,ALO,aston_martin,4,3,3.0,15.0,71,Finished,0,0
2023,20,2023-11-05,São Paulo Grand Prix,interlagos,bottas,BOT,alfa,18,R,,0.0,39,Retired,1,0
2023,20,2023-11-05,São Paulo Grand Prix,interlagos,gasly,GAS,alpine,15,7,7.0,6.0,71,Finished,0,0
2023,20,2023-11-05,São Paulo Grand Prix,interlagos,hamilton,HAM,mercedes,5,8,8.0,4.0,71,Finished,0,0
2023,20,2023-11-05,São Paulo Grand Prix,interlagos,hulkenberg,HUL,haas,11,12,12.0,0.0,70,Lapped,0,0
2023,20,2023-11-05,São Paulo Grand Prix,interlagos,kevin_magnussen,MAG,haas,12,R,,0.0,0,Retired,1,0
2023,20,2023-11-05,São Paulo Grand Prix,interlagos,leclerc,LEC,ferrari,2,W,,0.0,0,Did not start,1,0
2023,20,2023-11-05,São Paulo Grand Prix,interlagos,max_verstappen,VER,red_bull,1,1,1.0,25.0,71,Finished,0,1
2023,20,2023-11-05,São Paulo Grand Prix,interlagos,norris,NOR,mclaren,6,2,2.0,19.0,71,Finished,0,0
2023,20,2023-11-05,São Paulo Grand Prix,interlagos,ocon,OCO,alpine,14,10,10.0,1.0,70,Lapped,0,0
2023,20,2023-11-05,São Paulo Grand Prix,interlagos,perez,PER,red_bull,9,4,4.0,12.0,71,Finished,0,0
2023,20,2023-11-05,São Paulo Grand Prix,interlagos,piastri,PIA,mclaren,10,14,14.0,0.0,69,Lapped,0,0
2023,20,2023-11-05,São Paulo Grand Prix,interlagos,ricciardo,RIC,alphatauri,17,13,13.0,0.0,70,Lapped,0,0
2023,20,2023-11-05,São Paulo Grand Prix,interlagos,russell,RUS,mercedes,8,R,,0.0,57,Retired,1,0
2023,20,2023-11-05,São Paulo Grand Prix,interlagos,sainz,SAI,ferrari,7,6,6.0,8.0,71,Finished,0,0
2023,20,2023-11-05,São Paulo Grand Prix,interlagos,sargeant,SAR,williams,19,11,11.0,0.0,70,Lapped,0,0
2023,20,2023-11-05,São Paulo Grand Prix,interlagos,stroll,STR,aston_martin,3,5,5.0,10.0,71,Finished,0,0
2023,20,2023-11-05,São Paulo Grand Prix,interlagos,tsunoda,TSU,alphatauri,16,9,9.0,2.0,71,Finished,0,0
2023,20,2023-11-05,São Paulo Grand Prix,interlagos,zhou,ZHO,alfa,20,R,,0.0,22,Retired,1,0
2023,21,2023-11-19,Las Vegas Grand Prix,vegas,albon,ALB,williams,5,12,12.0,0.0,50,Finished,0,0
2023,21,2023-11-19,Las Vegas Grand Prix,vegas,alonso,ALO,aston_martin,9,9,9.0,2.0,50,Finished,0,0
2023,21,2023-11-19,Las Vegas Grand Prix,vegas,bottas,BOT,alfa,7,17,17.0,0.0,50,Finished,0,0
2023,21,2023-11-19,Las Vegas Grand Prix,vegas,gasly,GAS,alpine,4,11,11.0,0.0,50,Finished,0,0
2023,21,2023-11-19,Las Vegas Grand Prix,vegas,hamilton,HAM,mercedes,10,7,7.0,6.0,50,Finished,0,0
2023,21,2023-11-19,Las Vegas Grand Prix,vegas,hulkenberg,HUL,haas,13,19,19.0,0.0,45,Retired,0,0
2023,21,2023-11-19,Las Vegas Grand Prix,vegas,kevin_magnussen,MAG,haas,8,13,13.0,0.0,50,Finished,0,0
2023,21,2023-11-19,Las Vegas Grand Prix,vegas,leclerc,LEC,ferrari,1,2,2.0,18.0,50,Finished,0,0
2023,21,2023-11-19,Las Vegas Grand Prix,vegas,max_verstappen,VER,red_bull,2,1,1.0,25.0,50,Finished,0,1
2023,21,2023-11-19,Las Vegas Grand Prix,vegas,norris,NOR,mclaren,15,R,,0.0,2,Retired,1,0
2023,21,2023-11-19,Las Vegas Grand Prix,vegas,ocon,OCO,alpine,16,4,4.0,12.0,50,Finished,0,0
2023,21,2023-11-19,Las Vegas Grand Prix,vegas,perez,PER,red_bull,11,3,3.0,15.0,50,Finished,0,0
2023,21,2023-11-19,Las Vegas Grand Prix,vegas,piastri,PIA,mclaren,18,10,10.0,2.0,50,Finished,0,0
2023,21,2023-11-19,Las Vegas Grand Prix,vegas,ricciardo,RIC,alphatauri,14,14,14.0,0.0,50,Finished,0,0
2023,21,2023-11-19,Las Vegas Grand Prix,vegas,russell,RUS,mercedes,3,8,8.0,4.0,50,Finished,0,0
2023,21,2023-11-19,Las Vegas Grand Prix,vegas,sainz,SAI,ferrari,12,6,6.0,8.0,50,Finished,0,0
2023,21,2023-11-19,Las Vegas Grand Prix,vegas,sargeant,SAR,williams,6,16,16.0,0.0,50,Finished,0,0
2023,21,2023-11-19,Las Vegas Grand Prix,vegas,stroll,STR,aston_martin,19,5,5.0,10.0,50,Finished,0,0
2023,21,2023-11-19,Las Vegas Grand Prix,vegas,tsunoda,TSU,alphatauri,20,18,18.0,0.0,46,Retired,0,0
2023,21,2023-11-19,Las Vegas Grand Prix,vegas,zhou,ZHO,alfa,17,15,15.0,0.0,50,Finished,0,0
2023,22,2023-11-26,Abu Dhabi Grand Prix,yas_marina,albon,ALB,williams,14,14,14.0,0.0,58,Finished,0,0
2023,22,2023-11-26,Abu Dhabi Grand Prix,yas_marina,alonso,ALO,aston_martin,7,7,7.0,6.0,58,Finished,0,0
2023,22,2023-11-26,Abu Dhabi Grand Prix,yas_marina,bottas,BOT,alfa,18,19,19.0,0.0,57,Lapped,0,0
2023,22,2023-11-26,Abu Dhabi Grand Prix,yas_marina,gasly,GAS,alpine,10,13,13.0,0.0,58,Finished,0,0
2023,22,2023-11-26,Abu Dhabi Grand Prix,yas_marina,hamilton,HAM,mercedes,11,9,9.0,2.0,58,Finished,0,0
2023,22,2023-11-26,Abu Dhabi Grand Prix,yas_marina,hulkenberg,HUL,haas,8,15,15.0,0.0,58,Finished,0,0
2023,22,2023-11-26,Abu Dhabi Grand Prix,yas_marina,kevin_magnussen,MAG,haas,17,20,20.0,0.0,57,Lapped,0,0
2023,22,2023-11-26,Abu Dhabi Grand Prix,yas_marina,leclerc,LEC,ferrari,2,2,2.0,18.0,58,Finished,0,0
2023,22,2023-11-26,Abu Dhabi Grand Prix,yas_marina,max_verstappen,VER,red_bull,1,1,1.0,26.0,58,Finished,0,1
2023,22,2023-11-26,Abu Dhabi Grand Prix,yas_marina,norris,NOR,mclaren,5,5,5.0,10.0,58,Finished,0,0
2023,22,2023-11-26,Abu Dhabi Grand Prix,yas_marina,ocon,OCO,alpine,12,12,12.0,0.0,58,Finished,0,0
2023,22,2023-11-26,Abu Dhabi Grand Prix,yas_marina,perez,PER,red_bull,9,4,4.0,12.0,58,Finished,0,0
2023,22,2023-11-26,Abu Dhabi Grand Prix,yas_marina,piastri,PIA,mclaren,3,6,6.0,8.0,58,Finished,0,0
2023,22,2023-11-26,Abu Dhabi Grand Prix,yas_marina,ricciardo,RIC,alphatauri,15,11,11.0,0.0,58,Finished,0,0
2023,22,2023-11-26,Abu Dhabi Grand Prix,yas_marina,russell,RUS,mercedes,4,3,3.0,15.0,58,Finished,0,0
2023,22,2023-11-26,Abu Dhabi Grand Prix,yas_marina,sainz,SAI,ferrari,16,18,18.0,0.0,57,Retired,0,0
2023,22,2023-11-26,Abu Dhabi Grand Prix,yas_marina,sargeant,SAR,williams,20,16,16.0,0.0,58,Finished,0,0
2023,22,2023-11-26,Abu Dhabi Grand Prix,yas_marina,stroll,STR,aston_martin,13,10,10.0,1.0,58,Finished,0,0
2023,22,2023-11-26,Abu Dhabi Grand Prix,yas_marina,tsunoda,TSU,alphatauri,6,8,8.0,4.0,58,Finished,0,0
2023,22,2023-11-26,Abu Dhabi Grand Prix,yas_marina,zhou,ZHO,alfa,19,17,17.0,0.0,58,Finished,0,0
2024,1,2024-03-02,Bahrain Grand Prix,bahrain,albon,ALB,williams,13,15,15.0,0.0,56,Lapped,0,0
2024,1,2024-03-02,Bahrain Grand Prix,bahrain,alonso,ALO,aston_martin,6,9,9.0,2.0,57,Finished,0,0
2024,1,2024-03-02,Bahrain Grand Prix,bahrain,bottas,BOT,sauber,16,19,19.0,0.0,56,Lapped,0,0
2024,1,2024-03-02,Bahrain Grand Prix,bahrain,gasly,GAS,alpine,20,18,18.0,0.0,56,Lapped,0,0
2024,1,2024-03-02,Bahrain Grand Prix,bahrain,hamilton,HAM,mercedes,9,7,7.0,6.0,57,Finished,0,0
2024,1,2024-03-02,Bahrain Grand Prix,bahrain,hulkenberg,HUL,haas,10,16,16.0,0.0,56,Lapped,0,0
2024,1,2024-03-02,Bahrain Grand Prix,bahrain,kevin_magnussen,MAG,haas,15,12,12.0,0.0,56,Lapped,0,0
2024,1,2024-03-02,Bahrain Grand Prix,bahrain,leclerc,LEC,ferrari,2,4,4.0,12.0,57,Finished,0,0
2024,1,2024-03-02,Bahrain Grand Prix,bahrain,max_verstappen,VER,red_bull,1,1,1.0,26.0,57,Finished,0,1
2024,1,2024-03-02,Bahrain Grand Prix,bahrain,norris,NOR,mclaren,7,6,6.0,8.0,57,Finished,0,0
2024,1,2024-03-02,Bahrain Grand Prix,bahrain,ocon,OCO,alpine,19,17,17.0,0.0,56,Lapped,0,0
2024,1,2024-03-02,Bahrain Grand Prix,bahrain,perez,PER,red_bull,5,2,2.0,18.0,57,Finished,0,0
2024,1,2024-03-02,Bahrain Grand Prix,bahrain,piastri,PIA,mclaren,8,8,8.0,4.0,57,Finished,0,0
2024,1,2024-03-02,Bahrain Grand Prix,bahrain,ricciardo,RIC,rb,14,13,13.0,0.0,56,Lapped,0,0
2024,1,2024-03-02,Bahrain Grand Prix,bahrain,russell,RUS,mercedes,3,5,5.0,10.0,57,Finished,0,0
2024,1,2024-03-02,Bahrain Grand Prix,bahrain,sainz,SAI,ferrari,4,3,3.0,15.0,57,Finished,0,0
2024,1,2024-03-02,Bahrain Grand Prix,bahrain,sargeant,SAR,williams,18,20,20.0,0.0,55,Lapped,0,0
2024,1,2024-03-02,Bahrain Grand Prix,bahrain,stroll,STR,aston_martin,12,10,10.0,1.0,57,Finished,0,0
2024,1,2024-03-02,Bahrain Grand Prix,bahrain,tsunoda,TSU,rb,11,14,14.0,0.0,56,Lapped,0,0
2024,1,2024-03-02,Bahrain Grand Prix,bahrain,zhou,ZHO,sauber,17,11,11.0,0.0,56,Lapped,0,0
2024,2,2024-03-09,Saudi Arabian Grand Prix,jeddah,albon,ALB,williams,12,11,11.0,0.0,50,Finished,0,0
2024,2,2024-03-09,Saudi Arabian Grand Prix,jeddah,alonso,ALO,aston_martin,4,5,5.0,10.0,50,Finished,0,0
2024,2,2024-03-09,Saudi Arabian Grand Prix,jeddah,bearman,BEA,ferrari,11,7,7.0,6.0,50,Finished,0,0
2024,2,2024-03-09,Saudi Arabian Grand Prix,jeddah,bottas,BOT,sauber,16,17,17.0,0.0,49,Lapped,0,0
2024,2,2024-03-09,Saudi Arabian Grand Prix,jeddah,gasly,GAS,alpine,18,R,,0.0,1,Retired,1,0
2024,2,2024-03-09,Saudi Arabian Grand Prix,jeddah,hamilton,HAM,mercedes,8,9,9.0,2.0,50,Finished,0,0
2024,2,2024-03-09,Saudi Arabian Grand Prix,jeddah,hulkenberg,HUL,haas,15,10,10.0,1.0,50,Finished,0,0
2024,2,2024-03-09,Saudi Arabian Grand Prix,jeddah,kevin_magnussen,MAG,haas,13,12,12.0,0.0,50,Finished,0,0
2024,2,2024-03-09,Saudi Arabian Grand Prix,jeddah,leclerc,LEC,ferrari,2,3,3.0,16.0,50,Finished,0,0
2024,2,2024-03-09,Saudi Arabian Grand Prix,jeddah,max_verstappen,VER,red_bull,1,1,1.0,25.0,50,Finished,0,1
2024,2,2024-03-09,Saudi Arabian Grand Prix,jeddah,norris,NOR,mclaren,6,8,8.0,4.0,50,Finished,0,0
2024,2,2024-03-09,Saudi Arabian Grand Prix,jeddah,ocon,OCO,alpine,17,13,13.0,0.0,49,Lapped,0,0
2024,2,2024-03-09,Saudi Arabian Grand Prix,jeddah,perez,PER,red_bull,3,2,2.0,18.0,50,Finished,0,0
2024,2,2024-03-09,Saudi Arabian Grand Prix,jeddah,piastri,PIA,mclaren,5,4,4.0,12.0,50,Finished,0,0
2024,2,2024-03-09,Saudi Arabian Grand Prix,jeddah,ricciardo,RIC,rb,14,16,16.0,0.0,49,Lapped,0,0
2024,2,2024-03-09,Saudi Arabian Grand Prix,jeddah,russell,RUS,mercedes,7,6,6.0,8.0,50,Finished,0,0
2024,2,2024-03-09,Saudi Arabian Grand Prix,jeddah,sargeant,SAR,williams,19,14,14.0,0.0,49,Lapped,0,0
2024,2,2024-03-09,Saudi Arabian Grand Prix,jeddah,stroll,STR,aston_martin,10,R,,0.0,5,Retired,1,0
2024,2,2024-03-09,Saudi Arabian Grand Prix,jeddah,tsunoda,TSU,rb,9,15,15.0,0.0,49,Lapped,0,0
2024,2,2024-03-09,Saudi Arabian Grand Prix,jeddah,zhou,ZHO,sauber,20,18,18.0,0.0,49,Lapped,0,0
2024,3,2024-03-24,Australian Grand Prix,albert_park,albon,ALB,williams,12,11,11.0,0.0,57,Lapped,0,0
2024,3,2024-03-24,Australian Grand Prix,albert_park,alonso,ALO,aston_martin,10,8,8.0,4.0,58,Finished,0,0
2024,3,2024-03-24,Australian Grand Prix,albert_park,bottas,BOT,sauber,13,14,14.0,0.0,57,Lapped,0,0
2024,3,2024-03-24,Australian Grand Prix,albert_park,gasly,GAS,alpine,17,13,13.0,0.0,57,Lapped,0,0
2024,3,2024-03-24,Australian Grand Prix,albert_park,hamilton,HAM,mercedes,11,R,,0.0,15,Retired,1,0
2024,3,2024-03-24,Australian Grand Prix,albert_park,hulkenberg,HUL,haas,16,9,9.0,2.0,58,Finished,0,0
2024,3,2024-03-24,Australian Grand Prix,albert_park,kevin_magnussen,MAG,haas,14,10,10.0,1.0,57,Lapped,0,0
2024,3,2024-03-24,Australian Grand Prix,albert_park,leclerc,LEC,ferrari,4,2,2.0,19.0,58,Finished,0,0
2024,3,2024-03-24,Australian Grand Prix,albert_park,max_verstappen,VER,red_bull,1,R,,0.0,3,Retired,1,0
2024,3,2024-03-24,Australian Grand Prix,albert_park,norris,NOR,mclaren,3,3,3.0,15.0,58,Finished,0,0
2024,3,2024-03-24,Australian Grand Prix,albert_park,ocon,OCO,alpine,15,16,16.0,0.0,57,Lapped,0,0
2024,3,2024-03-24,Australian Grand Prix,albert_park,perez,PER,red_bull,6,5,5.0,10.0,58,Finished,0,0
2024,3,2024-03-24,Australian Grand Prix,albert_park,piastri,PIA,mclaren,5,4,4.0,12.0,58,Finished,0,0
2024,3,2024-03-24,Australian Grand Prix,albert_park,ricciardo,RIC,rb,18,12,12.0,0.0,57,Lapped,0,0
2024,3,2024-03-24,Australian Grand Prix,albert_park,russell,RUS,mercedes,7,17,17.0,0.0,56,Retired,0,0
2024,3,2024-03-24,Australian Grand Prix,albert_park,sainz,SAI,ferrari,2,1,1.0,25.0,58,Finished,0,1
2024,3,2024-03-24,Australian Grand Prix,albert_park,stroll,STR,aston_martin,9,6,6.0,8.0,58,Finished,0,0
2024,3,2024-03-24,Australian Grand Prix,albert_park,tsunoda,TSU,rb,8,7,7.0,6.0,58,Finished,0,0
2024,3,2024-03-24,Australian Grand Prix,albert_park,zhou,ZHO,sauber,19,15,15.0,0.0,57,Lapped,0,0
2024,4,2024-04-07,Japanese Grand Prix,suzuka,albon,ALB,williams,14,R,,0.0,0,Retired,1,0
2024,4,2024-04-07,Japanese Grand Prix,suzuka,alonso,ALO,aston_martin,5,6,6.0,8.0,53,Finished,0,0
2024,4,2024-04-07,Japanese Grand Prix,suzuka,bottas,BOT,sauber,13,14,14.0,0.0,52,Lapped,0,0
2024,4,2024-04-07,Japanese Grand Prix,suzuka,gasly,GAS,alpine,17,16,16.0,0.0,52,Lapped,0,0
2024,4,2024-04-07,Japanese Grand Prix,suzuka,hamilton,HAM,mercedes,7,9,9.0,2.0,53,Finished,0,0
2024,4,2024-04-07,Japanese Grand Prix,suzuka,hulkenberg,HUL,haas,12,11,11.0,0.0,52,Lapped,0,0
2024,4,2024-04-07,Japanese Grand Prix,suzuka,kevin_magnussen,MAG,haas,18,13,13.0,0.0,52,Lapped,0,0
2024,4,2024-04-07,Japanese Grand Prix,suzuka,leclerc,LEC,ferrari,8,4,4.0,12.0,53,Finished,0,0
2024,4,2024-04-07,Japanese Grand Prix,suzuka,max_verstappen,VER,red_bull,1,1,1.0,26.0,53,Finished,0,1
2024,4,2024-04-07,Japanese Grand Prix,suzuka,norris,NOR,mclaren,3,5,5.0,10.0,53,Finished,0,0
2024,4,2024-04-07,Japanese Grand Prix,suzuka,ocon,OCO,alpine,15,15,15.0,0.0,52,Lapped,0,0
2024,4,2024-04-07,Japanese Grand Prix,suzuka,perez,PER,red_bull,2,2,2.0,18.0,53,Finished,0,0
2024,4,2024-04-07,Japanese Grand Prix,suzuka,piastri,PIA,mclaren,6,8,8.0,4.0,53,Finished,0,0
2024,4,2024-04-07,Japanese Grand Prix,suzuka,ricciardo,RIC,rb,11,R,,0.0,0,Retired,1,0
2024,4,2024-04-07,Japanese Grand Prix,suzuka,russell,RUS,mercedes,9,7,7.0,6.0,53,Finished,0,0
2024,4,2024-04-07,Japanese Grand Prix,suzuka,sainz,SAI,ferrari,4,3,3.0,15.0,53,Finished,0,0
2024,4,2024-04-07,Japanese Grand Prix,suzuka,sargeant,SAR,williams,19,17,17.0,0.0,52,Lapped,0,0
2024,4,2024-04-07,Japanese Grand Prix,suzuka,stroll,STR,aston_martin,16,12,12.0,0.0,52,Lapped,0,0
2024,4,2024-04-07,Japanese Grand Prix,suzuka,tsunoda,TSU,rb,10,10,10.0,1.0,52,Lapped,0,0
2024,4,2024-04-07,Japanese Grand Prix,suzuka,zhou,ZHO,sauber,20,R,,0.0,12,Retired,1,0
2024,5,2024-04-21,Chinese Grand Prix,shanghai,albon,ALB,williams,14,12,12.0,0.0,56,Finished,0,0
2024,5,2024-04-21,Chinese Grand Prix,shanghai,alonso,ALO,aston_martin,3,7,7.0,7.0,56,Finished,0,0
2024,5,2024-04-21,Chinese Grand Prix,shanghai,bottas,BOT,sauber,10,R,,0.0,19,Retired,1,0
2024,5,2024-04-21,Chinese Grand Prix,shanghai,gasly,GAS,alpine,15,13,13.0,0.0,56,Finished,0,0
2024,5,2024-04-21,Chinese Grand Prix,shanghai,hamilton,HAM,mercedes,18,9,9.0,2.0,56,Finished,0,0
2024,5,2024-04-21,Chinese Grand Prix,shanghai,hulkenberg,HUL,haas,9,10,10.0,1.0,56,Finished,0,0
2024,5,2024-04-21,Chinese Grand Prix,shanghai,kevin_magnussen,MAG,haas,17,16,16.0,0.0,56,Finished,0,0
2024,5,2024-04-21,Chinese Grand Prix,shanghai,leclerc,LEC,ferrari,6,4,4.0,12.0,56,Finished,0,0
2024,5,2024-04-21,Chinese Grand Prix,shanghai,max_verstappen,VER,red_bull,1,1,1.0,25.0,56,Finished,0,1
2024,5,2024-04-21,Chinese Grand Prix,shanghai,norris,NOR,mclaren,4,2,2.0,18.0,56,Finished,0,0
2024,5,2024-04-21,Chinese Grand Prix,shanghai,ocon,OCO,alpine,13,11,11.0,0.0,56,Finished,0,0
2024,5,2024-04-21,Chinese Grand Prix,shanghai,perez,PER,red_bull,2,3,3.0,15.0,56,Finished,0,0
2024,5,2024-04-21,Chinese Grand Prix,shanghai,piastri,PIA,mclaren,5,8,8.0,4.0,56,Finished,0,0
2024,5,2024-04-21,Chinese Grand Prix,shanghai,ricciardo,RIC,rb,12,R,,0.0,33,Retired,1,0
2024,5,2024-04-21,Chinese Grand Prix,shanghai,russell,RUS,mercedes,8,6,6.0,8.0,56,Finished,0,0
2024,5,2024-04-21,Chinese Grand Prix,shanghai,sainz,SAI,ferrari,7,5,5.0,10.0,56,Finished,0,0
2024,5,2024-04-21,Chinese Grand Prix,shanghai,sargeant,SAR,williams,20,17,17.0,0.0,56,Finished,0,0
2024,5,2024-04-21,Chinese Grand Prix,shanghai,stroll,STR,aston_martin,11,15,15.0,0.0,56,Finished,0,0
2024,5,2024-04-21,Chinese Grand Prix,shanghai,tsunoda,TSU,rb,19,R,,0.0,26,Retired,1,0
2024,5,2024-04-21,Chinese Grand Prix,shanghai,zhou,ZHO,sauber,16,14,14.0,0.0,56,Finished,0,0
2024,6,2024-05-05,Miami Grand Prix,miami,albon,ALB,williams,14,18,18.0,0.0,57,Finished,0,0
2024,6,2024-05-05,Miami Grand Prix,miami,alonso,ALO,aston_martin,15,9,9.0,2.0,57,Finished,0,0
2024,6,2024-05-05,Miami Grand Prix,miami,bottas,BOT,sauber,16,16,16.0,0.0,57,Finished,0,0
2024,6,2024-05-05,Miami Grand Prix,miami,gasly,GAS,alpine,12,12,12.0,0.0,57,Finished,0,0
2024,6,2024-05-05,Miami Grand Prix,miami,hamilton,HAM,mercedes,8,6,6.0,8.0,57,Finished,0,0
2024,6,2024-05-05,Miami Grand Prix,miami,hulkenberg,HUL,haas,9,11,11.0,0.0,57,Finished,0,0
2024,6,2024-05-05,Miami Grand Prix,miami,kevin_magnussen,MAG,haas,18,19,19.0,0.0,57,Finished,0,0
2024,6,2024-05-05,Miami Grand Prix,miami,leclerc,LEC,ferrari,2,3,3.0,15.0,57,Finished,0,0
2024,6,2024-05-05,Miami Grand Prix,miami,max_verstappen,VER,red_bull,1,2,2.0,18.0,57,Finished,0,0
2024,6,2024-05-05,Miami Grand Prix,miami,norris,NOR,mclaren,5,1,1.0,25.0,57,Finished,0,1
2024,6,2024-05-05,Miami Grand Prix,miami,ocon,OCO,alpine,13,10,10.0,1.0,57,Finished,0,0
2024,6,2024-05-05,Miami Grand Prix,miami,perez,PER,red_bull,4,4,4.0,12.0,57,Finished,0,0
2024,6,2024-05-05,Miami Grand Prix,miami,piastri,PIA,mclaren,6,13,13.0,0.0,57,Finished,0,0
2024,6,2024-05-05,Miami Grand Prix,miami,ricciardo,RIC,rb,20,15,15.0,0.0,57,Finished,0,0
2024,6,2024-05-05,Miami Grand Prix,miami,russell,RUS,mercedes,7,8,8.0,4.0,57,Finished,0,0
2024,6,2024-05-05,Miami Grand Prix,miami,sainz,SAI,ferrari,3,5,5.0,10.0,57,Finished,0,0
2024,6,2024-05-05,Miami Grand Prix,miami,sargeant,SAR,williams,17,R,,0.0,27,Retired,1,0
2024,6,2024-05-05,Miami Grand Prix,miami,stroll,STR,aston_martin,11,17,17.0,0.0,57,Finished,0,0
2024,6,2024-05-05,Miami Grand Prix,miami,tsunoda,TSU,rb,10,7,7.0,6.0,57,Finished,0,0
2024,6,2024-05-05,Miami Grand Prix,miami,zhou,ZHO,sauber,19,14,14.0,0.0,57,Finished,0,0
2024,7,2024-05-19,Emilia Romagna Grand Prix,imola,albon,ALB,williams,14,R,,0.0,51,Retired,1,0
2024,7,2024-05-19,Emilia Romagna Grand Prix,imola,alonso,ALO,aston_martin,20,19,19.0,0.0,62,Lapped,0,0
2024,7,2024-05-19,Emilia Romagna Grand Prix,imola,bottas,BOT,sauber,16,18,18.0,0.0,62,Lapped,0,0
2024,7,2024-05-19,Emilia Romagna Grand Prix,imola,gasly,GAS,alpine,15,16,16.0,0.0,62,Lapped,0,0
2024,7,2024-05-19,Emilia Romagna Grand Prix,imola,hamilton,HAM,mercedes,8,6,6.0,8.0,63,Finished,0,0
2024,7,2024-05-19,Emilia Romagna Grand Prix,imola,hulkenberg,HUL,haas,10,11,11.0,0.0,62,Lapped,0,0
2024,7,2024-05-19,Emilia Romagna Grand Prix,imola,kevin_magnussen,MAG,haas,18,12,12.0,0.0,62,Lapped,0,0
2024,7,2024-05-19,Emilia Romagna Grand Prix,imola,leclerc,LEC,ferrari,3,3,3.0,15.0,63,Finished,0,0
2024,7,2024-05-19,Emilia Romagna Grand Prix,imola,max_verstappen,VER,red_bull,1,1,1.0,25.0,63,Finished,0,1
2024,7,2024-05-19,Emilia Romagna Grand Prix,imola,norris,NOR,mclaren,2,2,2.0,18.0,63,Finished,0,0
2024,7,2024-05-19,Emilia Romagna Grand Prix,imola,ocon,OCO,alpine,12,14,14.0,0.0,62,Lapped,0,0
2024,7,2024-05-19,Emilia Romagna Grand Prix,imola,perez,PER,red_bull,11,8,8.0,4.0,63,Finished,0,0
2024,7,2024-05-19,Emilia Romagna Grand Prix,imola,piastri,PIA,mclaren,5,4,4.0,12.0,63,Finished,0,0
2024,7,2024-05-19,Emilia Romagna Grand Prix,imola,ricciardo,RIC,rb,9,13,13.0,0.0,62,Lapped,0,0
2024,7,2024-05-19,Emilia Romagna Grand Prix,imola,russell,RUS,mercedes,6,7,7.0,7.0,63,Finished,0,0
2024,7,2024-05-19,Emilia Romagna Grand Prix,imola,sainz,SAI,ferrari,4,5,5.0,10.0,63,Finished,0,0
2024,7,2024-05-19,Emilia Romagna Grand Prix,imola,sargeant,SAR,williams,19,17,17.0,0.0,62,Lapped,0,0
2024,7,2024-05-19,Emilia Romagna Grand Prix,imola,stroll,STR,aston_martin,13,9,9.0,2.0,63,Finished,0,0
2024,7,2024-05-19,Emilia Romagna Grand Prix,imola,tsunoda,TSU,rb,7,10,10.0,1.0,62,Lapped,0,0
2024,7,2024-05-19,Emilia Romagna Grand Prix,imola,zhou,ZHO,sauber,17,15,15.0,0.0,62,Lapped,0,0
2024,8,2024-05-26,Monaco Grand Prix,monaco,albon,ALB,williams,9,9,9.0,2.0,77,Lapped,0,0
2024,8,2024-05-26,Monaco Grand Prix,monaco,alonso,ALO,aston_martin,14,11,11.0,0.0,76,Lapped,0,0
2024,8,2024-05-26,Monaco Grand Prix,monaco,bottas,BOT,sauber,17,13,13.0,0.0,76,Lapped,0,0
2024,8,2024-05-26,Monaco Grand Prix,monaco,gasly,GAS,alpine,10,10,10.0,1.0,77,Lapped,0,0
2024,8,2024-05-26,Monaco Grand Prix,monaco,hamilton,HAM,mercedes,7,7,7.0,7.0,78,Finished,0,0
2024,8,2024-05-26,Monaco Grand Prix,monaco,hulkenberg,HUL,haas,19,R,,0.0,0,Retired,1,0
2024,8,2024-05-26,Monaco Grand Prix,monaco,kevin_magnussen,MAG,haas,20,R,,0.0,0,Retired,1,0
2024,8,2024-05-26,Monaco Grand Prix,monaco,leclerc,LEC,ferrari,1,1,1.0,25.0,78,Finished,0,1
2024,8,2024-05-26,Monaco Grand Prix,monaco,max_verstappen,VER,red_bull,6,6,6.0,8.0,78,Finished,0,0
2024,8,2024-05-26,Monaco Grand Prix,monaco,norris,NOR,mclaren,4,4,4.0,12.0,78,Finished,0,0
2024,8,2024-05-26,Monaco Grand Prix,monaco,ocon,OCO,alpine,11,R,,0.0,0,Retired,1,0
2024,8,2024-05-26,Monaco Grand Prix,monaco,perez,PER,red_bull,16,R,,0.0,0,Retired,1,0
2024,8,2024-05-26,Monaco Grand Prix,monaco,piastri,PIA,mclaren,2,2,2.0,18.0,78,Finished,0,0
2024,8,2024-05-26,Monaco Grand Prix,monaco,ricciardo,RIC,rb,12,12,12.0,0.0,76,Lapped,0,0
2024,8,2024-05-26,Monaco Grand Prix,monaco,russell,RUS,mercedes,5,5,5.0,10.0,78,Finished,0,0
2024,8,2024-05-26,Monaco Grand Prix,monaco,sainz,SAI,ferrari,3,3,3.0,15.0,78,Finished,0,0
2024,8,2024-05-26,Monaco Grand Prix,monaco,sargeant,SAR,williams,15,15,15.0,0.0,76,Lapped,0,0
2024,8,2024-05-26,Monaco Grand Prix,monaco,stroll,STR,aston_martin,13,14,14.0,0.0,76,Lapped,0,0
2024,8,2024-05-26,Monaco Grand Prix,monaco,tsunoda,TSU,rb,8,8,8.0,4.0,77,Lapped,0,0
2024,8,2024-05-26,Monaco Grand Prix,monaco,zhou,ZHO,sauber,18,16,16.0,0.0,76,Lapped,0,0
2024,9,2024-06-09,Canadian Grand Prix,villeneuve,albon,ALB,williams,10,R,,0.0,52,Retired,1,0
2024,9,2024-06-09,Canadian Grand Prix,villeneuve,alonso,ALO,aston_martin,6,6,6.0,8.0,70,Finished,0,0
2024,9,2024-06-09,Canadian Grand Prix,villeneuve,bottas,BOT,sauber,19,13,13.0,0.0,70,Finished,0,0
2024,9,2024-06-09,Canadian Grand Prix,villeneuve,gasly,GAS,alpine,15,9,9.0,2.0,70,Finished,0,0
2024,9,2024-06-09,Canadian Grand Prix,villeneuve,hamilton,HAM,mercedes,7,4,4.0,13.0,70,Finished,0,0
2024,9,2024-06-09,Canadian Grand Prix,villeneuve,hulkenberg,HUL,haas,17,11,11.0,0.0,70,Finished,0,0
2024,9,2024-06-09,Canadian Grand Prix,villeneuve,kevin_magnussen,MAG,haas,14,12,12.0,0.0,70,Finished,0,0
2024,9,2024-06-09,Canadian Grand Prix,villeneuve,leclerc,LEC,ferrari,11,R,,0.0,40,Retired,1,0
2024,9,2024-06-09,Canadian Grand Prix,villeneuve,max_verstappen,VER,red_bull,2,1,1.0,25.0,70,Finished,0,1
2024,9,2024-06-09,Canadian Grand Prix,villeneuve,norris,NOR,mclaren,3,2,2.0,18.0,70,Finished,0,0
2024,9,2024-06-09,Canadian Grand Prix,villeneuve,ocon,OCO,alpine,18,10,10.0,1.0,70,Finished,0,0
2024,9,2024-06-09,Canadian Grand Prix,villeneuve,perez,PER,red_bull,16,R,,0.0,51,Retired,1,0
2024,9,2024-06-09,Canadian Grand Prix,villeneuve,piastri,PIA,mclaren,4,5,5.0,10.0,70,Finished,0,0
2024,9,2024-06-09,Canadian Grand Prix,villeneuve,ricciardo,RIC,rb,5,8,8.0,4.0,70,Finished,0,0
2024,9,2024-06-09,Canadian Grand Prix,villeneuve,russell,RUS,mercedes,1,3,3.0,15.0,70,Finished,0,0
2024,9,2024-06-09,Canadian Grand Prix,villeneuve,sainz,SAI,ferrari,12,R,,0.0,52,Retired,1,0
2024,9,2024-06-09,Canadian Grand Prix,villeneuve,sargeant,SAR,williams,13,R,,0.0,23,Retired,1,0
2024,9,2024-06-09,Canadian Grand Prix,villeneuve,stroll,STR,aston_martin,9,7,7.0,6.0,70,Finished,0,0
2024,9,2024-06-09,Canadian Grand Prix,villeneuve,tsunoda,TSU,rb,8,14,14.0,0.0,70,Finished,0,0
2024,9,2024-06-09,Canadian Grand Prix,villeneuve,zhou,ZHO,sauber,20,15,15.0,0.0,69,Lapped,0,0
2024,10,2024-06-23,Spanish Grand Prix,catalunya,albon,ALB,williams,20,18,18.0,0.0,65,Lapped,0,0
2024,10,2024-06-23,Spanish Grand Prix,catalunya,alonso,ALO,aston_martin,10,12,12.0,0.0,65,Lapped,0,0
2024,10,2024-06-23,Spanish Grand Prix,catalunya,bottas,BOT,sauber,12,16,16.0,0.0,65,Lapped,0,0
2024,10,2024-06-23,Spanish Grand Prix,catalunya,gasly,GAS,alpine,7,9,9.0,2.0,66,Finished,0,0
2024,10,2024-06-23,Spanish Grand Prix,catalunya,hamilton,HAM,mercedes,3,3,3.0,15.0,66,Finished,0,0
2024,10,2024-06-23,Spanish Grand Prix,catalunya,hulkenberg,HUL,haas,13,11,11.0,0.0,66,Finished,0,0
2024,10,2024-06-23,Spanish Grand Prix,catalunya,kevin_magnussen,MAG,haas,16,17,17.0,0.0,65,Lapped,0,0
2024,10,2024-06-23,Spanish Grand Prix,catalunya,leclerc,LEC,ferrari,5,5,5.0,10.0,66,Finished,0,0
2024,10,2024-06-23,Spanish Grand Prix,catalunya,max_verstappen,VER,red_bull,2,1,1.0,25.0,66,Finished,0,1
2024,10,2024-06-23,Spanish Grand Prix,catalunya,norris,NOR,mclaren,1,2,2.0,19.0,66,Finished,0,0
2024,10,2024-06-23,Spanish Grand Prix,catalunya,ocon,OCO,alpine,8,10,10.0,1.0,66,Finished,0,0
2024,10,2024-06-23,Spanish Grand Prix,catalunya,perez,PER,red_bull,11,8,8.0,4.0,66,Finished,0,0
2024,10,2024-06-23,Spanish Grand Prix,catalunya,piastri,PIA,mclaren,9,7,7.0,6.0,66,Finished,0,0
2024,10,2024-06-23,Spanish Grand Prix,catalunya,ricciardo,RIC,rb,18,15,15.0,0.0,65,Lapped,0,0
2024,10,2024-06-23,Spanish Grand Prix,catalunya,russell,RUS,mercedes,4,4,4.0,12.0,66,Finished,0,0
2024,10,2024-06-23,Spanish Grand Prix,catalunya,sainz,SAI,ferrari,6,6,6.0,8.0,66,Finished,0,0
2024,10,2024-06-23,Spanish Grand Prix,catalunya,sargeant,SAR,williams,19,20,20.0,0.0,64,Lapped,0,0
2024,10,2024-06-23,Spanish Grand Prix,catalunya,stroll,STR,aston_martin,14,14,14.0,0.0,65,Lapped,0,0
2024,10,2024-06-23,Spanish Grand Prix,catalunya,tsunoda,TSU,rb,17,19,19.0,0.0,65,Lapped,0,0
2024,10,2024-06-23,Spanish Grand Prix,catalunya,zhou,ZHO,sauber,15,13,13.0,0.0,65,Lapped,0,0
2024,11,2024-06-30,Austrian Grand Prix,red_bull_ring,albon,ALB,williams,16,15,15.0,0.0,70,Lapped,0,0
2024,11,2024-06-30,Austrian Grand Prix,red_bull_ring,alonso,ALO,aston_martin,15,18,18.0,0.0,70,Lapped,0,0
2024,11,2024-06-30,Austrian Grand Prix,red_bull_ring,bottas,BOT,sauber,18,16,16.0,0.0,70,Lapped,0,0
2024,11,2024-06-30,Austrian Grand Prix,red_bull_ring,gasly,GAS,alpine,13,10,10.0,1.0,71,Finished,0,0
2024,11,2024-06-30,Austrian Grand Prix,red_bull_ring,hamilton,HAM,mercedes,5,4,4.0,12.0,71,Finished,0,0
2024,11,2024-06-30,Austrian Grand Prix,red_bull_ring,hulkenberg,HUL,haas,9,6,6.0,8.0,71,Finished,0,0
2024,11,2024-06-30,Austrian Grand Prix,red_bull_ring,kevin_magnussen,MAG,haas,12,8,8.0,4.0,71,Finished,0,0
2024,11,2024-06-30,Austrian Grand Prix,red_bull_ring,leclerc,LEC,ferrari,6,11,11.0,0.0,71,Finished,0,0
2024,11,2024-06-30,Austrian Grand Prix,red_bull_ring,max_verstappen,VER,red_bull,1,5,5.0,10.0,71,Finished,0,0
2024,11,2024-06-30,Austrian Grand Prix,red_bull_ring,norris,NOR,mclaren,2,20,20.0,0.0,64,Lapped,0,0
2024,11,2024-06-30,Austrian Grand Prix,red_bull_ring,ocon,OCO,alpine,10,12,12.0,0.0,71,Finished,0,0
2024,11,2024-06-30,Austrian Grand Prix,red_bull_ring,perez,PER,red_bull,8,7,7.0,6.0,71,Finished,0,0
2024,11,2024-06-30,Austrian Grand Prix,red_bull_ring,piastri,PIA,mclaren,7,2,2.0,18.0,71,Finished,0,0
2024,11,2024-06-30,Austrian Grand Prix,red_bull_ring,ricciardo,RIC,rb,11,9,9.0,2.0,71,Finished,0,0
2024,11,2024-06-30,Austrian Grand Prix,red_bull_ring,russell,RUS,mercedes,3,1,1.0,25.0,71,Finished,0,1
2024,11,2024-06-30,Austrian Grand Prix,red_bull_ring,sainz,SAI,ferrari,4,3,3.0,15.0,71,Finished,0,0
2024,11,2024-06-30,Austrian Grand Prix,red_bull_ring,sargeant,SAR,williams,19,19,19.0,0.0,69,Lapped,0,0
2024,11,2024-06-30,Austrian Grand Prix,red_bull_ring,stroll,STR,aston_martin,17,13,13.0,0.0,70,Lapped,0,0
2024,11,2024-06-30,Austrian Grand Prix,red_bull_ring,tsunoda,TSU,rb,14,14,14.0,0.0,70,Lapped,0,0
2024,11,2024-06-30,Austrian Grand Prix,red_bull_ring,zhou,ZHO,sauber,20,17,17.0,0.0,70,Lapped,0,0
2024,12,2024-07-07,British Grand Prix,silverstone,albon,ALB,williams,9,9,9.0,2.0,52,Finished,0,0
2024,12,2024-07-07,British Grand Prix,silverstone,alonso,ALO,aston_martin,10,8,8.0,4.0,52,Finished,0,0
2024,12,2024-07-07,British Grand Prix,silverstone,bottas,BOT,sauber,16,15,15.0,0.0,51,Lapped,0,0
2024,12,2024-07-07,British Grand Prix,silverstone,gasly,GAS,alpine,19,W,,0.0,0,Did not start,1,0
2024,12,2024-07-07,British Grand Prix,silverstone,hamilton,HAM,mercedes,2,1,1.0,25.0,52,Finished,0,1
2024,12,2024-07-07,British Grand Prix,silverstone,hulkenberg,HUL,haas,6,6,6.0,8.0,52,Finished,0,0
2024,12,2024-07-07,British Grand Prix,silverstone,kevin_magnussen,MAG,haas,17,12,12.0,0.0,52,Finished,0,0
2024,12,2024-07-07,British Grand Prix,silverstone,leclerc,LEC,ferrari,11,14,14.0,0.0,51,Lapped,0,0
2024,12,2024-07-07,British Grand Prix,silverstone,max_verstappen,VER,red_bull,4,2,2.0,18.0,52,Finished,0,0
2024,12,2024-07-07,British Grand Prix,silverstone,norris,NOR,mclaren,3,3,3.0,15.0,52,Finished,0,0
2024,12,2024-07-07,British Grand Prix,silverstone,ocon,OCO,alpine,18,16,16.0,0.0,50,Lapped,0,0
2024,12,2024-07-07,British Grand Prix,silverstone,perez,PER,red_bull,20,17,17.0,0.0,50,Lapped,0,0
2024,12,2024-07-07,British Grand Prix,silverstone,piastri,PIA,mclaren,5,4,4.0,12.0,52,Finished,0,0
2024,12,2024-07-07,British Grand Prix,silverstone,ricciardo,RIC,rb,15,13,13.0,0.0,51,Lapped,0,0
2024,12,2024-07-07,British Grand Prix,silverstone,russell,RUS,mercedes,1,R,,0.0,33,Retired,1,0
2024,12,2024-07-07,British Grand Prix,silverstone,sainz,SAI,ferrari,7,5,5.0,11.0,52,Finished,0,0
2024,12,2024-07-07,British Grand Prix,silverstone,sargeant,SAR,williams,12,11,11.0,0.0,52,Finished,0,0
2024,12,2024-07-07,British Grand Prix,silverstone,stroll,STR,aston_martin,8,7,7.0,6.0,52,Finished,0,0
2024,12,2024-07-07,British Grand Prix,silverstone,tsunoda,TSU,rb,13,10,10.0,1.0,52,Finished,0,0
2024,12,2024-07-07,British Grand Prix,silverstone,zhou,ZHO,sauber,14,18,18.0,0.0,50,Lapped,0,0
2024,13,2024-07-21,Hungarian Grand Prix,hungaroring,albon,ALB,williams,13,14,14.0,0.0,69,Lapped,0,0
2024,13,2024-07-21,Hungarian Grand Prix,hungaroring,alonso,ALO,aston_martin,7,11,11.0,0.0,70,Finished,0,0
2024,13,2024-07-21,Hungarian Grand Prix,hungaroring,bottas,BOT,sauber,12,16,16.0,0.0,69,Lapped,0,0
2024,13,2024-07-21,Hungarian Grand Prix,hungaroring,gasly,GAS,alpine,20,R,,0.0,33,Retired,1,0
2024,13,2024-07-21,Hungarian Grand Prix,hungaroring,hamilton,HAM,mercedes,5,3,3.0,15.0,70,Finished,0,0
2024,13,2024-07-21,Hungarian Grand Prix,hungaroring,hulkenberg,HUL,haas,11,13,13.0,0.0,69,Lapped,0,0
2024,13,2024-07-21,Hungarian Grand Prix,hungaroring,kevin_magnussen,MAG,haas,15,15,15.0,0.0,69,Lapped,0,0
2024,13,2024-07-21,Hungarian Grand Prix,hungaroring,leclerc,LEC,ferrari,6,4,4.0,12.0,70,Finished,0,0
2024,13,2024-07-21,Hungarian Grand Prix,hungaroring,max_verstappen,VER,red_bull,3,5,5.0,10.0,70,Finished,0,0
2024,13,2024-07-21,Hungarian Grand Prix,hungaroring,norris,NOR,mclaren,1,2,2.0,18.0,70,Finished,0,0
2024,13,2024-07-21,Hungarian Grand Prix,hungaroring,ocon,OCO,alpine,19,18,18.0,0.0,69,Lapped,0,0
2024,13,2024-07-21,Hungarian Grand Prix,hungaroring,perez,PER,red_bull,16,7,7.0,6.0,70,Finished,0,0
2024,13,2024-07-21,Hungarian Grand Prix,hungaroring,piastri,PIA,mclaren,2,1,1.0,25.0,70,Finished,0,1
2024,13,2024-07-21,Hungarian Grand Prix,hungaroring,ricciardo,RIC,rb,9,12,12.0,0.0,69,Lapped,0,0
2024,13,2024-07-21,Hungarian Grand Prix,hungaroring,russell,RUS,mercedes,17,8,8.0,5.0,70,Finished,0,0
2024,13,2024-07-21,Hungarian Grand Prix,hungaroring,sainz,SAI,ferrari,4,6,6.0,8.0,70,Finished,0,0
2024,13,2024-07-21,Hungarian Grand Prix,hungaroring,sargeant,SAR,williams,14,17,17.0,0.0,69,Lapped,0,0
2024,13,2024-07-21,Hungarian Grand Prix,hungaroring,stroll,STR,aston_martin,8,10,10.0,1.0,70,Finished,0,0
2024,13,2024-07-21,Hungarian Grand Prix,hungaroring,tsunoda,TSU,rb,10,9,9.0,2.0,70,Finished,0,0
2024,13,2024-07-21,Hungarian Grand Prix,hungaroring,zhou,ZHO,sauber,18,19,19.0,0.0,69,Lapped,0,0
2024,14,2024-07-28,Belgian Grand Prix,spa,albon,ALB,williams,10,12,12.0,0.0,44,Finished,0,0
2024,14,2024-07-28,Belgian Grand Prix,spa,alonso,ALO,aston_martin,8,8,8.0,4.0,44,Finished,0,0
2024,14,2024-07-28,Belgian Grand Prix,spa,bottas,BOT,sauber,14,15,15.0,0.0,44,Finished,0,0
2024,14,2024-07-28,Belgian Grand Prix,spa,gasly,GAS,alpine,12,13,13.0,0.0,44,Finished,0,0
2024,14,2024-07-28,Belgian Grand Prix,spa,hamilton,HAM,mercedes,3,1,1.0,25.0,44,Finished,0,1
2024,14,2024-07-28,Belgian Grand Prix,spa,hulkenberg,HUL,haas,16,18,18.0,0.0,44,Finished,0,0
2024,14,2024-07-28,Belgian Grand Prix,spa,kevin_magnussen,MAG,haas,17,14,14.0,0.0,44,Finished,0,0
2024,14,2024-07-28,Belgian Grand Prix,spa,leclerc,LEC,ferrari,1,3,3.0,15.0,44,Finished,0,0
2024,14,2024-07-28,Belgian Grand Prix,spa,max_verstappen,VER,red_bull,11,4,4.0,12.0,44,Finished,0,0
2024,14,2024-07-28,Belgian Grand Prix,spa,norris,NOR,mclaren,4,5,5.0,10.0,44,Finished,0,0
2024,14,2024-07-28,Belgian Grand Prix,spa,ocon,OCO,alpine,9,9,9.0,2.0,44,Finished,0,0
2024,14,2024-07-28,Belgian Grand Prix,spa,perez,PER,red_bull,2,7,7.0,7.0,44,Finished,0,0
2024,14,2024-07-28,Belgian Grand Prix,spa,piastri,PIA,mclaren,5,2,2.0,18.0,44,Finished,0,0
2024,14,2024-07-28,Belgian Grand Prix,spa,ricciardo,RIC,rb,13,10,10.0,1.0,44,Finished,0,0
2024,14,2024-07-28,Belgian Grand Prix,spa,russell,RUS,mercedes,6,20,20.0,0.0,44,Disqualified,0,0
2024,14,2024-07-28,Belgian Grand Prix,spa,sainz,SAI,ferrari,7,6,6.0,8.0,44,Finished,0,0
2024,14,2024-07-28,Belgian Grand Prix,spa,sargeant,SAR,williams,18,17,17.0,0.0,44,Finished,0,0
2024,14,2024-07-28,Belgian Grand Prix,spa,stroll,STR,aston_martin,15,11,11.0,0.0,44,Finished,0,0
2024,14,2024-07-28,Belgian Grand Prix,spa,tsunoda,TSU,rb,20,16,16.0,0.0,44,Finished,0,0
2024,14,2024-07-28,Belgian Grand Prix,spa,zhou,ZHO,sauber,19,R,,0.0,5,Retired,1,0
2024,15,2024-08-25,Dutch Grand Prix,zandvoort,albon,ALB,williams,19,14,14.0,0.0,71,Lapped,0,0
2024,15,2024-08-25,Dutch Grand Prix,zandvoort,alonso,ALO,aston_martin,7,10,10.0,1.0,71,Lapped,0,0
2024,15,2024-08-25,Dutch Grand Prix,zandvoort,bottas,BOT,sauber,16,19,19.0,0.0,70,Lapped,0,0
2024,15,2024-08-25,Dutch Grand Prix,zandvoort,gasly,GAS,alpine,9,9,9.0,2.0,71,Lapped,0,0
2024,15,2024-08-25,Dutch Grand Prix,zandvoort,hamilton,HAM,mercedes,14,8,8.0,4.0,72,Finished,0,0
2024,15,2024-08-25,Dutch Grand Prix,zandvoort,hulkenberg,HUL,haas,12,11,11.0,0.0,71,Lapped,0,0
2024,15,2024-08-25,Dutch Grand Prix,zandvoort,kevin_magnussen,MAG,haas,20,18,18.0,0.0,71,Lapped,0,0
2024,15,2024-08-25,Dutch Grand Prix,zandvoort,leclerc,LEC,ferrari,6,3,3.0,15.0,72,Finished,0,0
2024,15,2024-08-25,Dutch Grand Prix,zandvoort,max_verstappen,VER,red_bull,2,2,2.0,18.0,72,Finished,0,0
2024,15,2024-08-25,Dutch Grand Prix,zandvoort,norris,NOR,mclaren,1,1,1.0,26.0,72,Finished,0,1
2024,15,2024-08-25,Dutch Grand Prix,zandvoort,ocon,OCO,alpine,15,15,15.0,0.0,71,Lapped,0,0
2024,15,2024-08-25,Dutch Grand Prix,zandvoort,perez,PER,red_bull,5,6,6.0,8.0,72,Finished,0,0
2024,15,2024-08-25,Dutch Grand Prix,zandvoort,piastri,PIA,mclaren,3,4,4.0,12.0,72,Finished,0,0
2024,15,2024-08-25,Dutch Grand Prix,zandvoort,ricciardo,RIC,rb,13,12,12.0,0.0,71,Lapped,0,0
2024,15,2024-08-25,Dutch Grand Prix,zandvoort,russell,RUS,mercedes,4,7,7.0,6.0,72,Finished,0,0
2024,15,2024-08-25,Dutch Grand Prix,zandvoort,sainz,SAI,ferrari,10,5,5.0,10.0,72,Finished,0,0
2024,15,2024-08-25,Dutch Grand Prix,zandvoort,sargeant,SAR,williams,18,16,16.0,0.0,71,Lapped,0,0
2024,15,2024-08-25,Dutch Grand Prix,zandvoort,stroll,STR,aston_martin,8,13,13.0,0.0,71,Lapped,0,0
2024,15,2024-08-25,Dutch Grand Prix,zandvoort,tsunoda,TSU,rb,11,17,17.0,0.0,71,Lapped,0,0
2024,15,2024-08-25,Dutch Grand Prix,zandvoort,zhou,ZHO,sauber,17,20,20.0,0.0,70,Lapped,0,0
2024,16,2024-09-01,Italian Grand Prix,monza,albon,ALB,williams,9,9,9.0,2.0,53,Finished,0,0
2024,16,2024-09-01,Italian Grand Prix,monza,alonso,ALO,aston_martin,11,11,11.0,0.0,53,Finished,0,0
2024,16,2024-09-01,Italian Grand Prix,monza,bottas,BOT,sauber,19,16,16.0,0.0,52,Lapped,0,0
2024,16,2024-09-01,Italian Grand Prix,monza,colapinto,COL,williams,18,12,12.0,0.0,53,Finished,0,0
2024,16,2024-09-01,Italian Grand Prix,monza,gasly,GAS,alpine,14,15,15.0,0.0,52,Lapped,0,0
2024,16,2024-09-01,Italian Grand Prix,monza,hamilton,HAM,mercedes,6,5,5.0,10.0,53,Finished,0,0
2024,16,2024-09-01,Italian Grand Prix,monza,hulkenberg,HUL,haas,10,17,17.0,0.0,52,Lapped,0,0
2024,16,2024-09-01,Italian Grand Prix,monza,kevin_magnussen,MAG,haas,13,10,10.0,1.0,53,Finished,0,0
2024,16,2024-09-01,Italian Grand Prix,monza,leclerc,LEC,ferrari,4,1,1.0,25.0,53,Finished,0,1
2024,16,2024-09-01,Italian Grand Prix,monza,max_verstappen,VER,red_bull,7,6,6.0,8.0,53,Finished,0,0
2024,16,2024-09-01,Italian Grand Prix,monza,norris,NOR,mclaren,1,3,3.0,16.0,53,Finished,0,0
2024,16,2024-09-01,Italian Grand Prix,monza,ocon,OCO,alpine,15,14,14.0,0.0,52,Lapped,0,0
2024,16,2024-09-01,Italian Grand Prix,monza,perez,PER,red_bull,8,8,8.0,4.0,53,Finished,0,0
2024,16,2024-09-01,Italian Grand Prix,monza,piastri,PIA,mclaren,2,2,2.0,18.0,53,Finished,0,0
2024,16,2024-09-01,Italian Grand Prix,monza,ricciardo,RIC,rb,12,13,13.0,0.0,53,Finished,0,0
2024,16,2024-09-01,Italian Grand Prix,monza,russell,RUS,mercedes,3,7,7.0,6.0,53,Finished,0,0
2024,16,2024-09-01,Italian Grand Prix,monza,sainz,SAI,ferrari,5,4,4.0,12.0,53,Finished,0,0
2024,16,2024-09-01,Italian Grand Prix,monza,stroll,STR,aston_martin,17,19,19.0,0.0,52,Lapped,0,0
2024,16,2024-09-01,Italian Grand Prix,monza,tsunoda,TSU,rb,16,R,,0.0,7,Retired,1,0
2024,16,2024-09-01,Italian Grand Prix,monza,zhou,ZHO,sauber,20,18,18.0,0.0,52,Lapped,0,0
2024,17,2024-09-15,Azerbaijan Grand Prix,baku,albon,ALB,williams,9,7,7.0,6.0,51,Finished,0,0
2024,17,2024-09-15,Azerbaijan Grand Prix,baku,alonso,ALO,aston_martin,7,6,6.0,8.0,51,Finished,0,0
2024,17,2024-09-15,Azerbaijan Grand Prix,baku,bearman,BEA,haas,10,10,10.0,1.0,51,Finished,0,0
2024,17,2024-09-15,Azerbaijan Grand Prix,baku,bottas,BOT,sauber,16,16,16.0,0.0,50,Lapped,0,0
2024,17,2024-09-15,Azerbaijan Grand Prix,baku,colapinto,COL,williams,8,8,8.0,4.0,51,Finished,0,0
2024,17,2024-09-15,Azerbaijan Grand Prix,baku,gasly,GAS,alpine,18,12,12.0,0.0,51,Finished,0,0
2024,17,2024-09-15,Azerbaijan Grand Prix,baku,hamilton,HAM,mercedes,19,9,9.0,2.0,51,Finished,0,0
2024,17,2024-09-15,Azerbaijan Grand Prix,baku,hulkenberg,HUL,haas,12,11,11.0,0.0,51,Finished,0,0
2024,17,2024-09-15,Azerbaijan Grand Prix,baku,leclerc,LEC,ferrari,1,2,2.0,18.0,51,Finished,0,0
2024,17,2024-09-15,Azerbaijan Grand Prix,baku,max_verstappen,VER,red_bull,6,5,5.0,10.0,51,Finished,0,0
2024,17,2024-09-15,Azerbaijan Grand Prix,baku,norris,NOR,mclaren,15,4,4.0,13.0,51,Finished,0,0
2024,17,2024-09-15,Azerbaijan Grand Prix,baku,ocon,OCO,alpine,20,15,15.0,0.0,50,Lapped,0,0
2024,17,2024-09-15,Azerbaijan Grand Prix,baku,perez,PER,red_bull,4,17,17.0,0.0,49,Retired,0,0
2024,17,2024-09-15,Azerbaijan Grand Prix,baku,piastri,PIA,mclaren,2,1,1.0,25.0,51,Finished,0,1
2024,17,2024-09-15,Azerbaijan Grand Prix,baku,ricciardo,RIC,rb,14,13,13.0,0.0,51,Finished,0,0
2024,17,2024-09-15,Azerbaijan Grand Prix,baku,russell,RUS,mercedes,5,3,3.0,15.0,51,Finished,0,0
2024,17,2024-09-15,Azerbaijan Grand Prix,baku,sainz,SAI,ferrari,3,18,18.0,0.0,49,Retired,0,0
2024,17,2024-09-15,Azerbaijan Grand Prix,baku,stroll,STR,aston_martin,13,19,19.0,0.0,45,Retired,0,0
2024,17,2024-09-15,Azerbaijan Grand Prix,baku,tsunoda,TSU,rb,11,R,,0.0,14,Retired,1,0
2024,17,2024-09-15,Azerbaijan Grand Prix,baku,zhou,ZHO,sauber,17,14,14.0,0.0,51,Finished,0,0
2024,18,2024-09-22,Singapore Grand Prix,marina_bay,albon,ALB,williams,11,R,,0.0,15,Retired,1,0
2024,18,2024-09-22,Singapore Grand Prix,marina_bay,alonso,ALO,aston_martin,7,8,8.0,4.0,61,Lapped,0,0
2024,18,2024-09-22,Singapore Grand Prix,marina_bay,bottas,BOT,sauber,19,16,16.0,0.0,61,Lapped,0,0
2024,18,2024-09-22,Singapore Grand Prix,marina_bay,colapinto,COL,williams,12,11,11.0,0.0,61,Lapped,0,0
2024,18,2024-09-22,Singapore Grand Prix,marina_bay,gasly,GAS,alpine,18,17,17.0,0.0,61,Lapped,0,0
2024,18,2024-09-22,Singapore Grand Prix,marina_bay,hamilton,HAM,mercedes,3,6,6.0,8.0,62,Finished,0,0
2024,18,2024-09-22,Singapore Grand Prix,marina_bay,hulkenberg,HUL,haas,6,9,9.0,2.0,61,Lapped,0,0
2024,18,2024-09-22,Singapore Grand Prix,marina_bay,kevin_magnussen,MAG,haas,14,19,19.0,0.0,57,Retired,0,0
2024,18,2024-09-22,Singapore Grand Prix,marina_bay,leclerc,LEC,ferrari,9,5,5.0,10.0,62,Finished,0,0
2024,18,2024-09-22,Singapore Grand Prix,marina_bay,max_verstappen,VER,red_bull,2,2,2.0,18.0,62,Finished,0,0
2024,18,2024-09-22,Singapore Grand Prix,marina_bay,norris,NOR,mclaren,1,1,1.0,25.0,62,Finished,0,1
2024,18,2024-09-22,Singapore Grand Prix,marina_bay,ocon,OCO,alpine,15,13,13.0,0.0,61,Lapped,0,0
2024,18,2024-09-22,Singapore Grand Prix,marina_bay,perez,PER,red_bull,13,10,10.0,1.0,61,Lapped,0,0
2024,18,2024-09-22,Singapore Grand Prix,marina_bay,piastri,PIA,mclaren,5,3,3.0,15.0,62,Finished,0,0
2024,18,2024-09-22,Singapore Grand Prix,marina_bay,ricciardo,RIC,rb,16,18,18.0,0.0,61,Lapped,0,0
2024,18,2024-09-22,Singapore Grand Prix,marina_bay,russell,RUS,mercedes,4,4,4.0,12.0,62,Finished,0,0
2024,18,2024-09-22,Singapore Grand Prix,marina_bay,sainz,SAI,ferrari,10,7,7.0,6.0,62,Finished,0,0
2024,18,2024-09-22,Singapore Grand Prix,marina_bay,stroll,STR,aston_martin,17,14,14.0,0.0,61,Lapped,0,0
2024,18,2024-09-22,Singapore Grand Prix,marina_bay,tsunoda,TSU,rb,8,12,12.0,0.0,61,Lapped,0,0
2024,18,2024-09-22,Singapore Grand Prix,marina_bay,zhou,ZHO,sauber,20,15,15.0,0.0,61,Lapped,0,0
2024,19,2024-10-20,United States Grand Prix,americas,albon,ALB,williams,14,16,16.0,0.0,55,Lapped,0,0
2024,19,2024-10-20,United States Grand Prix,americas,alonso,ALO,aston_martin,7,13,13.0,0.0,55,Lapped,0,0
2024,19,2024-10-20,United States Grand Prix,americas,bottas,BOT,sauber,16,17,17.0,0.0,55,Lapped,0,0
2024,19,2024-10-20,United States Grand Prix,americas,colapinto,COL,williams,15,10,10.0,1.0,56,Finished,0,0
2024,19,2024-10-20,United States Grand Prix,americas,gasly,GAS,alpine,6,12,12.0,0.0,56,Finished,0,0
2024,19,2024-10-20,United States Grand Prix,americas,hamilton,HAM,mercedes,17,R,,0.0,1,Retired,1,0
2024,19,2024-10-20,United States Grand Prix,americas,hulkenberg,HUL,haas,11,8,8.0,4.0,56,Finished,0,0
2024,19,2024-10-20,United States Grand Prix,americas,kevin_magnussen,MAG,haas,8,11,11.0,0.0,56,Finished,0,0
2024,19,2024-10-20,United States Grand Prix,americas,lawson,LAW,rb,19,9,9.0,2.0,56,Finished,0,0
2024,19,2024-10-20,United States Grand Prix,americas,leclerc,LEC,ferrari,4,1,1.0,25.0,56,Finished,0,1
2024,19,2024-10-20,United States Grand Prix,americas,max_verstappen,VER,red_bull,2,3,3.0,15.0,56,Finished,0,0
2024,19,2024-10-20,United States Grand Prix,americas,norris,NOR,mclaren,1,4,4.0,12.0,56,Finished,0,0
2024,19,2024-10-20,United States Grand Prix,americas,ocon,OCO,alpine,12,18,18.0,0.0,55,Lapped,0,0
2024,19,2024-10-20,United States Grand Prix,americas,perez,PER,red_bull,9,7,7.0,6.0,56,Finished,0,0
2024,19,2024-10-20,United States Grand Prix,americas,piastri,PIA,mclaren,5,5,5.0,10.0,56,Finished,0,0
2024,19,2024-10-20,United States Grand Prix,americas,russell,RUS,mercedes,20,6,6.0,8.0,56,Finished,0,0
2024,19,2024-10-20,United States Grand Prix,americas,sainz,SAI,ferrari,3,2,2.0,18.0,56,Finished,0,0
2024,19,2024-10-20,United States Grand Prix,americas,stroll,STR,aston_martin,13,15,15.0,0.0,55,Lapped,0,0
2024,19,2024-10-20,United States Grand Prix,americas,tsunoda,TSU,rb,10,14,14.0,0.0,55,Lapped,0,0
2024,19,2024-10-20,United States Grand Prix,americas,zhou,ZHO,sauber,18,19,19.0,0.0,55,Lapped,0,0
2024,20,2024-10-27,Mexico City Grand Prix,rodriguez,albon,ALB,williams,9,R,,0.0,0,Retired,1,0
2024,20,2024-10-27,Mexico City Grand Prix,rodriguez,alonso,ALO,aston_martin,13,R,,0.0,15,Retired,1,0
2024,20,2024-10-27,Mexico City Grand Prix,rodriguez,bottas,BOT,sauber,15,14,14.0,0.0,70,Lapped,0,0
2024,20,2024-10-27,Mexico City Grand Prix,rodriguez,colapinto,COL,williams,16,12,12.0,0.0,70,Lapped,0,0
2024,20,2024-10-27,Mexico City Grand Prix,rodriguez,gasly,GAS,alpine,8,10,10.0,1.0,70,Lapped,0,0
2024,20,2024-10-27,Mexico City Grand Prix,rodriguez,hamilton,HAM,mercedes,6,4,4.0,12.0,71,Finished,0,0
2024,20,2024-10-27,Mexico City Grand Prix,rodriguez,hulkenberg,HUL,haas,10,9,9.0,2.0,70,Lapped,0,0
2024,20,2024-10-27,Mexico City Grand Prix,rodriguez,kevin_magnussen,MAG,haas,7,7,7.0,6.0,71,Finished,0,0
2024,20,2024-10-27,Mexico City Grand Prix,rodriguez,lawson,LAW,rb,12,16,16.0,0.0,70,Lapped,0,0
2024,20,2024-10-27,Mexico City Grand Prix,rodriguez,leclerc,LEC,ferrari,4,3,3.0,16.0,71,Finished,0,0
2024,20,2024-10-27,Mexico City Grand Prix,rodriguez,max_verstappen,VER,red_bull,2,6,6.0,8.0,71,Finished,0,0
2024,20,2024-10-27,Mexico City Grand Prix,rodriguez,norris,NOR,mclaren,3,2,2.0,18.0,71,Finished,0,0
2024,20,2024-10-27,Mexico City Grand Prix,rodriguez,ocon,OCO,alpine,0,13,13.0,0.0,70,Lapped,0,0
2024,20,2024-10-27,Mexico City Grand Prix,rodriguez,perez,PER,red_bull,18,17,17.0,0.0,70,Lapped,0,0
2024,20,2024-10-27,Mexico City Grand Prix,rodriguez,piastri,PIA,mclaren,17,8,8.0,4.0,71,Finished,0,0
2024,20,2024-10-27,Mexico City Grand Prix,rodriguez,russell,RUS,mercedes,5,5,5.0,10.0,71,Finished,0,0
2024,20,2024-10-27,Mexico City Grand Prix,rodriguez,sainz,SAI,ferrari,1,1,1.0,25.0,71,Finished,0,1
2024,20,2024-10-27,Mexico City Grand Prix,rodriguez,stroll,STR,aston_martin,14,11,11.0,0.0,70,Lapped,0,0
2024,20,2024-10-27,Mexico City Grand Prix,rodriguez,tsunoda,TSU,rb,11,R,,0.0,0,Retired,1,0
2024,20,2024-10-27,Mexico City Grand Prix,rodriguez,zhou,ZHO,sauber,19,15,15.0,0.0,70,Lapped,0,0
2024,21,2024-11-03,São Paulo Grand Prix,interlagos,albon,ALB,williams,7,W,,0.0,0,Did not start,1,0
2024,21,2024-11-03,São Paulo Grand Prix,interlagos,alonso,ALO,aston_martin,9,14,14.0,0.0,69,Finished,0,0
2024,21,2024-11-03,São Paulo Grand Prix,interlagos,bearman,BEA,haas,15,12,12.0,0.0,69,Finished,0,0
2024,21,2024-11-03,São Paulo Grand Prix,interlagos,bottas,BOT,sauber,11,13,13.0,0.0,69,Finished,0,0
2024,21,2024-11-03,São Paulo Grand Prix,interlagos,colapinto,COL,williams,16,R,,0.0,30,Retired,1,0
2024,21,2024-11-03,São Paulo Grand Prix,interlagos,gasly,GAS,alpine,13,3,3.0,15.0,69,Finished,0,0
2024,21,2024-11-03,São Paulo Grand Prix,interlagos,hamilton,HAM,mercedes,14,10,10.0,1.0,69,Finished,0,0
2024,21,2024-11-03,São Paulo Grand Prix,interlagos,hulkenberg,HUL,haas,18,D,,0.0,0,Disqualified,1,0
2024,21,2024-11-03,São Paulo Grand Prix,interlagos,lawson,LAW,rb,5,9,9.0,2.0,69,Finished,0,0
2024,21,2024-11-03,São Paulo Grand Prix,interlagos,leclerc,LEC,ferrari,6,5,5.0,10.0,69,Finished,0,0
2024,21,2024-11-03,São Paulo Grand Prix,interlagos,max_verstappen,VER,red_bull,17,1,1.0,26.0,69,Finished,0,1
2024,21,2024-11-03,São Paulo Grand Prix,interlagos,norris,NOR,mclaren,1,6,6.0,8.0,69,Finished,0,0
2024,21,2024-11-03,São Paulo Grand Prix,interlagos,ocon,OCO,alpine,4,2,2.0,18.0,69,Finished,0,0
2024,21,2024-11-03,São Paulo Grand Prix,interlagos,perez,PER,red_bull,12,11,11.0,0.0,69,Finished,0,0
2024,21,2024-11-03,São Paulo Grand Prix,interlagos,piastri,PIA,mclaren,8,8,8.0,4.0,69,Finished,0,0
2024,21,2024-11-03,São Paulo Grand Prix,interlagos,russell,RUS,mercedes,2,4,4.0,12.0,69,Finished,0,0
2024,21,2024-11-03,São Paulo Grand Prix,interlagos,sainz,SAI,ferrari,20,R,,0.0,38,Retired,1,0
2024,21,2024-11-03,São Paulo Grand Prix,interlagos,stroll,STR,aston_martin,10,W,,0.0,0,Did not start,1,0
2024,21,2024-11-03,São Paulo Grand Prix,interlagos,tsunoda,TSU,rb,3,7,7.0,6.0,69,Finished,0,0
2024,21,2024-11-03,São Paulo Grand Prix,interlagos,zhou,ZHO,sauber,19,15,15.0,0.0,69,Finished,0,0
2024,22,2024-11-23,Las Vegas Grand Prix,vegas,albon,ALB,williams,17,R,,0.0,25,Retired,1,0
2024,22,2024-11-23,Las Vegas Grand Prix,vegas,alonso,ALO,aston_martin,16,11,11.0,0.0,50,Finished,0,0
2024,22,2024-11-23,Las Vegas Grand Prix,vegas,bottas,BOT,sauber,19,18,18.0,0.0,49,Lapped,0,0
2024,22,2024-11-23,Las Vegas Grand Prix,vegas,colapinto,COL,williams,20,14,14.0,0.0,50,Finished,0,0
2024,22,2024-11-23,Las Vegas Grand Prix,vegas,gasly,GAS,alpine,3,R,,0.0,15,Retired,1,0
2024,22,2024-11-23,Las Vegas Grand Prix,vegas,hamilton,HAM,mercedes,10,2,2.0,18.0,50,Finished,0,0
2024,22,2024-11-23,Las Vegas Grand Prix,vegas,hulkenberg,HUL,haas,9,8,8.0,4.0,50,Finished,0,0
2024,22,2024-11-23,Las Vegas Grand Prix,vegas,kevin_magnussen,MAG,haas,12,12,12.0,0.0,50,Finished,0,0
2024,22,2024-11-23,Las Vegas Grand Prix,vegas,lawson,LAW,rb,14,16,16.0,0.0,50,Finished,0,0
2024,22,2024-11-23,Las Vegas Grand Prix,vegas,leclerc,LEC,ferrari,4,4,4.0,12.0,50,Finished,0,0
2024,22,2024-11-23,Las Vegas Grand Prix,vegas,max_verstappen,VER,red_bull,5,5,5.0,10.0,50,Finished,0,0
2024,22,2024-11-23,Las Vegas Grand Prix,vegas,norris,NOR,mclaren,6,6,6.0,9.0,50,Finished,0,0
2024,22,2024-11-23,Las Vegas Grand Prix,vegas,ocon,OCO,alpine,11,17,17.0,0.0,49,Lapped,0,0
2024,22,2024-11-23,Las Vegas Grand Prix,vegas,perez,PER,red_bull,15,10,10.0,1.0,50,Finished,0,0
2024,22,2024-11-23,Las Vegas Grand Prix,vegas,piastri,PIA,mclaren,8,7,7.0,6.0,50,Finished,0,0
2024,22,2024-11-23,Las Vegas Grand Prix,vegas,russell,RUS,mercedes,1,1,1.0,25.0,50,Finished,0,1
2024,22,2024-11-23,Las Vegas Grand Prix,vegas,sainz,SAI,ferrari,2,3,3.0,15.0,50,Finished,0,0
2024,22,2024-11-23,Las Vegas Grand Prix,vegas,stroll,STR,aston_martin,18,15,15.0,0.0,50,Finished,0,0
2024,22,2024-11-23,Las Vegas Grand Prix,vegas,tsunoda,TSU,rb,7,9,9.0,2.0,50,Finished,0,0
2024,22,2024-11-23,Las Vegas Grand Prix,vegas,zhou,ZHO,sauber,13,13,13.0,0.0,50,Finished,0,0
2024,23,2024-12-01,Qatar Grand Prix,losail,albon,ALB,williams,16,15,15.0,0.0,56,Lapped,0,0
2024,23,2024-12-01,Qatar Grand Prix,losail,alonso,ALO,aston_martin,8,7,7.0,6.0,57,Finished,0,0
2024,23,2024-12-01,Qatar Grand Prix,losail,bottas,BOT,sauber,13,11,11.0,0.0,57,Finished,0,0
2024,23,2024-12-01,Qatar Grand Prix,losail,colapinto,COL,williams,19,R,,0.0,0,Retired,1,0
2024,23,2024-12-01,Qatar Grand Prix,losail,gasly,GAS,alpine,11,5,5.0,10.0,57,Finished,0,0
2024,23,2024-12-01,Qatar Grand Prix,losail,hamilton,HAM,mercedes,6,12,12.0,0.0,57,Finished,0,0
2024,23,2024-12-01,Qatar Grand Prix,losail,hulkenberg,HUL,haas,18,R,,0.0,39,Retired,1,0
2024,23,2024-12-01,Qatar Grand Prix,losail,kevin_magnussen,MAG,haas,10,9,9.0,2.0,57,Finished,0,0
2024,23,2024-12-01,Qatar Grand Prix,losail,lawson,LAW,rb,17,14,14.0,0.0,57,Finished,0,0
2024,23,2024-12-01,Qatar Grand Prix,losail,leclerc,LEC,ferrari,5,2,2.0,18.0,57,Finished,0,0
2024,23,2024-12-01,Qatar Grand Prix,losail,max_verstappen,VER,red_bull,2,1,1.0,25.0,57,Finished,0,1
2024,23,2024-12-01,Qatar Grand Prix,losail,norris,NOR,mclaren,3,10,10.0,2.0,57,Finished,0,0
2024,23,2024-12-01,Qatar Grand Prix,losail,ocon,OCO,alpine,20,R,,0.0,0,Retired,1,0
2024,23,2024-12-01,Qatar Grand Prix,losail,perez,PER,red_bull,9,R,,0.0,38,Retired,1,0
2024,23,2024-12-01,Qatar Grand Prix,losail,piastri,PIA,mclaren,4,3,3.0,15.0,57,Finished,0,0
2024,23,2024-12-01,Qatar Grand Prix,losail,russell,RUS,mercedes,1,4,4.0,12.0,57,Finished,0,0
2024,23,2024-12-01,Qatar Grand Prix,losail,sainz,SAI,ferrari,7,6,6.0,8.0,57,Finished,0,0
2024,23,2024-12-01,Qatar Grand Prix,losail,stroll,STR,aston_martin,15,R,,0.0,8,Retired,1,0
2024,23,2024-12-01,Qatar Grand Prix,losail,tsunoda,TSU,rb,14,13,13.0,0.0,57,Finished,0,0
2024,23,2024-12-01,Qatar Grand Prix,losail,zhou,ZHO,sauber,12,8,8.0,4.0,57,Finished,0,0
2024,24,2024-12-08,Abu Dhabi Grand Prix,yas_marina,albon,ALB,williams,18,11,11.0,0.0,57,Lapped,0,0
2024,24,2024-12-08,Abu Dhabi Grand Prix,yas_marina,alonso,ALO,aston_martin,8,9,9.0,2.0,58,Finished,0,0
2024,24,2024-12-08,Abu Dhabi Grand Prix,yas_marina,bottas,BOT,sauber,9,R,,0.0,30,Retired,1,0
2024,24,2024-12-08,Abu Dhabi Grand Prix,yas_marina,colapinto,COL,williams,20,R,,0.0,26,Retired,1,0
2024,24,2024-12-08,Abu Dhabi Grand Prix,yas_marina,doohan,DOO,alpine,17,15,15.0,0.0,57,Lapped,0,0
2024,24,2024-12-08,Abu Dhabi Grand Prix,yas_marina,gasly,GAS,alpine,5,7,7.0,6.0,58,Finished,0,0
2024,24,2024-12-08,Abu Dhabi Grand Prix,yas_marina,hamilton,HAM,mercedes,16,4,4.0,12.0,58,Finished,0,0
2024,24,2024-12-08,Abu Dhabi Grand Prix,yas_marina,hulkenberg,HUL,haas,7,8,8.0,4.0,58,Finished,0,0
2024,24,2024-12-08,Abu Dhabi Grand Prix,yas_marina,kevin_magnussen,MAG,haas,14,16,16.0,0.0,57,Lapped,0,0
2024,24,2024-12-08,Abu Dhabi Grand Prix,yas_marina,lawson,LAW,rb,12,17,17.0,0.0,55,Retired,0,0
2024,24,2024-12-08,Abu Dhabi Grand Prix,yas_marina,leclerc,LEC,ferrari,19,3,3.0,15.0,58,Finished,0,0
2024,24,2024-12-08,Abu Dhabi Grand Prix,yas_marina,max_verstappen,VER,red_bull,4,6,6.0,8.0,58,Finished,0,0
2024,24,2024-12-08,Abu Dhabi Grand Prix,yas_marina,norris,NOR,mclaren,1,1,1.0,25.0,58,Finished,0,1
2024,24,2024-12-08,Abu Dhabi Grand Prix,yas_marina,perez,PER,red_bull,10,R,,0.0,0,Retired,1,0
2024,24,2024-12-08,Abu Dhabi Grand Prix,yas_marina,piastri,PIA,mclaren,2,10,10.0,1.0,58,Finished,0,0
2024,24,2024-12-08,Abu Dhabi Grand Prix,yas_marina,russell,RUS,mercedes,6,5,5.0,10.0,58,Finished,0,0
2024,24,2024-12-08,Abu Dhabi Grand Prix,yas_marina,sainz,SAI,ferrari,3,2,2.0,18.0,58,Finished,0,0
2024,24,2024-12-08,Abu Dhabi Grand Prix,yas_marina,stroll,STR,aston_martin,13,14,14.0,0.0,57,Lapped,0,0
2024,24,2024-12-08,Abu Dhabi Grand Prix,yas_marina,tsunoda,TSU,rb,11,12,12.0,0.0,57,Lapped,0,0
2024,24,2024-12-08,Abu Dhabi Grand Prix,yas_marina,zhou,ZHO,sauber,15,13,13.0,0.0,57,Lapped,0,0
2025,1,2025-03-16,Australian Grand Prix,albert_park,albon,ALB,williams,6,5,5.0,10.0,57,Finished,0,0
2025,1,2025-03-16,Australian Grand Prix,albert_park,alonso,ALO,aston_martin,12,R,,0.0,32,Retired,1,0
2025,1,2025-03-16,Australian Grand Prix,albert_park,antonelli,ANT,mercedes,16,4,4.0,12.0,57,Finished,0,0
2025,1,2025-03-16,Australian Grand Prix,albert_park,bearman,BEA,haas,20,14,14.0,0.0,57,Finished,0,0
2025,1,2025-03-16,Australian Grand Prix,albert_park,bortoleto,BOR,sauber,15,R,,0.0,45,Retired,1,0
2025,1,2025-03-16,Australian Grand Prix,albert_park,doohan,DOO,alpine,14,R,,0.0,0,Retired,1,0
2025,1,2025-03-16,Australian Grand Prix,albert_park,gasly,GAS,alpine,9,11,11.0,0.0,57,Finished,0,0
2025,1,2025-03-16,Australian Grand Prix,albert_park,hadjar,HAD,rb,11,R,,0.0,0,Retired,1,0
2025,1,2025-03-16,Australian Grand Prix,albert_park,hamilton,HAM,ferrari,8,10,10.0,1.0,57,Finished,0,0
2025,1,2025-03-16,Australian Grand Prix,albert_park,hulkenberg,HUL,sauber,17,7,7.0,6.0,57,Finished,0,0
2025,1,2025-03-16,Australian Grand Prix,albert_park,lawson,LAW,red_bull,18,R,,0.0,46,Retired,1,0
2025,1,2025-03-16,Australian Grand Prix,albert_park,leclerc,LEC,ferrari,7,8,8.0,4.0,57,Finished,0,0
2025,1,2025-03-16,Australian Grand Prix,albert_park,max_verstappen,VER,red_bull,3,2,2.0,18.0,57,Finished,0,0
2025,1,2025-03-16,Australian Grand Prix,albert_park,norris,NOR,mclaren,1,1,1.0,25.0,57,Finished,0,1
2025,1,2025-03-16,Australian Grand Prix,albert_park,ocon,OCO,haas,19,13,13.0,0.0,57,Finished,0,0
2025,1,2025-03-16,Australian Grand Prix,albert_park,piastri,PIA,mclaren,2,9,9.0,2.0,57,Finished,0,0
2025,1,2025-03-16,Australian Grand Prix,albert_park,russell,RUS,mercedes,4,3,3.0,15.0,57,Finished,0,0
2025,1,2025-03-16,Australian Grand Prix,albert_park,sainz,SAI,williams,10,R,,0.0,0,Retired,1,0
2025,1,2025-03-16,Australian Grand Prix,albert_park,stroll,STR,aston_martin,13,6,6.0,8.0,57,Finished,0,0
2025,1,2025-03-16,Australian Grand Prix,albert_park,tsunoda,TSU,rb,5,12,12.0,0.0,57,Finished,0,0
2025,2,2025-03-23,Chinese Grand Prix,shanghai,albon,ALB,williams,10,7,7.0,6.0,56,Finished,0,0
2025,2,2025-03-23,Chinese Grand Prix,shanghai,alonso,ALO,aston_martin,13,R,,0.0,4,Retired,1,0
2025,2,2025-03-23,Chinese Grand Prix,shanghai,antonelli,ANT,mercedes,8,6,6.0,8.0,56,Finished,0,0
2025,2,2025-03-23,Chinese Grand Prix,shanghai,bearman,BEA,haas,17,8,8.0,4.0,56,Finished,0,0
2025,2,2025-03-23,Chinese Grand Prix,shanghai,bortoleto,BOR,sauber,19,14,14.0,0.0,55,Lapped,0,0
2025,2,2025-03-23,Chinese Grand Prix,shanghai,doohan,DOO,alpine,18,13,13.0,0.0,56,Finished,0,0
2025,2,2025-03-23,Chinese Grand Prix,shanghai,gasly,GAS,alpine,16,D,,0.0,0,Disqualified,1,0
2025,2,2025-03-23,Chinese Grand Prix,shanghai,hadjar,HAD,rb,7,11,11.0,0.0,56,Finished,0,0
2025,2,2025-03-23,Chinese Grand Prix,shanghai,hamilton,HAM,ferrari,5,D,,0.0,0,Disqualified,1,0
2025,2,2025-03-23,Chinese Grand Prix,shanghai,hulkenberg,HUL,sauber,12,15,15.0,0.0,55,Lapped,0,0
2025,2,2025-03-23,Chinese Grand Prix,shanghai,lawson,LAW,red_bull,20,12,12.0,0.0,56,Finished,0,0
2025,2,2025-03-23,Chinese Grand Prix,shanghai,leclerc,LEC,ferrari,6,D,,0.0,0,Disqualified,1,0
2025,2,2025-03-23,Chinese Grand Prix,shanghai,max_verstappen,VER,red_bull,4,4,4.0,12.0,56,Finished,0,0
2025,2,2025-03-23,Chinese Grand Prix,shanghai,norris,NOR,mclaren,3,2,2.0,18.0,56,Finished,0,0
2025,2,2025-03-23,Chinese Grand Prix,shanghai,ocon,OCO,haas,11,5,5.0,10.0,56,Finished,0,0
2025,2,2025-03-23,Chinese Grand Prix,shanghai,piastri,PIA,mclaren,1,1,1.0,25.0,56,Finished,0,1
2025,2,2025-03-23,Chinese Grand Prix,shanghai,russell,RUS,mercedes,2,3,3.0,15.0,56,Finished,0,0
2025,2,2025-03-23,Chinese Grand Prix,shanghai,sainz,SAI,williams,15,10,10.0,1.0,56,Finished,0,0
2025,2,2025-03-23,Chinese Grand Prix,shanghai,stroll,STR,aston_martin,14,9,9.0,2.0,56,Finished,0,0
2025,2,2025-03-23,Chinese Grand Prix,shanghai,tsunoda,TSU,rb,9,16,16.0,0.0,55,Lapped,0,0
2025,3,2025-04-06,Japanese Grand Prix,suzuka,albon,ALB,williams,9,9,9.0,2.0,53,Finished,0,0
2025,3,2025-04-06,Japanese Grand Prix,suzuka,alonso,ALO,aston_martin,12,11,11.0,0.0,53,Finished,0,0
2025,3,2025-04-06,Japanese Grand Prix,suzuka,antonelli,ANT,mercedes,6,6,6.0,8.0,53,Finished,0,0
2025,3,2025-04-06,Japanese Grand Prix,suzuka,bearman,BEA,haas,10,10,10.0,1.0,53,Finished,0,0
2025,3,2025-04-06,Japanese Grand Prix,suzuka,bortoleto,BOR,sauber,17,19,19.0,0.0,53,Finished,0,0
2025,3,2025-04-06,Japanese Grand Prix,suzuka,doohan,DOO,alpine,19,15,15.0,0.0,53,Finished,0,0
2025,3,2025-04-06,Japanese Grand Prix,suzuka,gasly,GAS,alpine,11,13,13.0,0.0,53,Finished,0,0
2025,3,2025-04-06,Japanese Grand Prix,suzuka,hadjar,HAD,rb,7,8,8.0,4.0,53,Finished,0,0
2025,3,2025-04-06,Japanese Grand Prix,suzuka,hamilton,HAM,ferrari,8,7,7.0,6.0,53,Finished,0,0
2025,3,2025-04-06,Japanese Grand Prix,suzuka,hulkenberg,HUL,sauber,16,16,16.0,0.0,53,Finished,0,0
2025,3,2025-04-06,Japanese Grand Prix,suzuka,lawson,LAW,rb,13,17,17.0,0.0,53,Finished,0,0
2025,3,2025-04-06,Japanese Grand Prix,suzuka,leclerc,LEC,ferrari,4,4,4.0,12.0,53,Finished,0,0
2025,3,2025-04-06,Japanese Grand Prix,suzuka,max_verstappen,VER,red_bull,1,1,1.0,25.0,53,Finished,0,1
2025,3,2025-04-06,Japanese Grand Prix,suzuka,norris,NOR,mclaren,2,2,2.0,18.0,53,Finished,0,0
2025,3,2025-04-06,Japanese Grand Prix,suzuka,ocon,OCO,haas,18,18,18.0,0.0,53,Finished,0,0
2025,3,2025-04-06,Japanese Grand Prix,suzuka,piastri,PIA,mclaren,3,3,3.0,15.0,53,Finished,0,0
2025,3,2025-04-06,Japanese Grand Prix,suzuka,russell,RUS,mercedes,5,5,5.0,10.0,53,Finished,0,0
2025,3,2025-04-06,Japanese Grand Prix,suzuka,sainz,SAI,williams,15,14,14.0,0.0,53,Finished,0,0
2025,3,2025-04-06,Japanese Grand Prix,suzuka,stroll,STR,aston_martin,20,20,20.0,0.0,52,Lapped,0,0
2025,3,2025-04-06,Japanese Grand Prix,suzuka,tsunoda,TSU,red_bull,14,12,12.0,0.0,53,Finished,0,0
2025,4,2025-04-13,Bahrain Grand Prix,bahrain,albon,ALB,williams,15,12,12.0,0.0,57,Finished,0,0
2025,4,2025-04-13,Bahrain Grand Prix,bahrain,alonso,ALO,aston_martin,13,15,15.0,0.0,57,Finished,0,0
2025,4,2025-04-13,Bahrain Grand Prix,bahrain,antonelli,ANT,mercedes,5,11,11.0,0.0,57,Finished,0,0
2025,4,2025-04-13,Bahrain Grand Prix,bahrain,bearman,BEA,haas,20,10,10.0,1.0,57,Finished,0,0
2025,4,2025-04-13,Bahrain Grand Prix,bahrain,bortoleto,BOR,sauber,18,18,18.0,0.0,57,Finished,0,0
2025,4,2025-04-13,Bahrain Grand Prix,bahrain,doohan,DOO,alpine,11,14,14.0,0.0,57,Finished,0,0
2025,4,2025-04-13,Bahrain Grand Prix,bahrain,gasly,GAS,alpine,4,7,7.0,6.0,57,Finished,0,0
2025,4,2025-04-13,Bahrain Grand Prix,bahrain,hadjar,HAD,rb,12,13,13.0,0.0,57,Finished,0,0
2025,4,2025-04-13,Bahrain Grand Prix,bahrain,hamilton,HAM,ferrari,9,5,5.0,10.0,57,Finished,0,0
2025,4,2025-04-13,Bahrain Grand Prix,bahrain,hulkenberg,HUL,sauber,16,D,,0.0,0,Disqualified,1,0
2025,4,2025-04-13,Bahrain Grand Prix,bahrain,lawson,LAW,rb,17,16,16.0,0.0,57,Finished,0,0
2025,4,2025-04-13,Bahrain Grand Prix,bahrain,leclerc,LEC,ferrari,2,4,4.0,12.0,57,Finished,0,0
2025,4,2025-04-13,Bahrain Grand Prix,bahrain,max_verstappen,VER,red_bull,7,6,6.0,8.0,57,Finished,0,0
2025,4,2025-04-13,Bahrain Grand Prix,bahrain,norris,NOR,mclaren,6,3,3.0,15.0,57,Finished,0,0
2025,4,2025-04-13,Bahrain Grand Prix,bahrain,ocon,OCO,haas,14,8,8.0,4.0,57,Finished,0,0
2025,4,2025-04-13,Bahrain Grand Prix,bahrain,piastri,PIA,mclaren,1,1,1.0,25.0,57,Finished,0,1
2025,4,2025-04-13,Bahrain Grand Prix,bahrain,russell,RUS,mercedes,3,2,2.0,18.0,57,Finished,0,0
2025,4,2025-04-13,Bahrain Grand Prix,bahrain,sainz,SAI,williams,8,R,,0.0,45,Retired,1,0
2025,4,2025-04-13,Bahrain Grand Prix,bahrain,stroll,STR,aston_martin,19,17,17.0,0.0,57,Finished,0,0
2025,4,2025-04-13,Bahrain Grand Prix,bahrain,tsunoda,TSU,red_bull,10,9,9.0,2.0,57,Finished,0,0
2025,5,2025-04-20,Saudi Arabian Grand Prix,jeddah,albon,ALB,williams,11,9,9.0,2.0,50,Finished,0,0
2025,5,2025-04-20,Saudi Arabian Grand Prix,jeddah,alonso,ALO,aston_martin,13,11,11.0,0.0,50,Finished,0,0
2025,5,2025-04-20,Saudi Arabian Grand Prix,jeddah,antonelli,ANT,mercedes,5,6,6.0,8.0,50,Finished,0,0
2025,5,2025-04-20,Saudi Arabian Grand Prix,jeddah,bearman,BEA,haas,15,13,13.0,0.0,50,Finished,0,0
2025,5,2025-04-20,Saudi Arabian Grand Prix,jeddah,bortoleto,BOR,sauber,20,18,18.0,0.0,49,Lapped,0,0
2025,5,2025-04-20,Saudi Arabian Grand Prix,jeddah,doohan,DOO,alpine,17,17,17.0,0.0,49,Lapped,0,0
2025,5,2025-04-20,Saudi Arabian Grand Prix,jeddah,gasly,GAS,alpine,9,R,,0.0,0,Retired,1,0
2025,5,2025-04-20,Saudi Arabian Grand Prix,jeddah,hadjar,HAD,rb,14,10,10.0,1.0,50,Finished,0,0
2025,5,2025-04-20,Saudi Arabian Grand Prix,jeddah,hamilton,HAM,ferrari,7,7,7.0,6.0,50,Finished,0,0
2025,5,2025-04-20,Saudi Arabian Grand Prix,jeddah,hulkenberg,HUL,sauber,18,15,15.0,0.0,49,Lapped,0,0
2025,5,2025-04-20,Saudi Arabian Grand Prix,jeddah,lawson,LAW,rb,12,12,12.0,0.0,50,Finished,0,0
2025,5,2025-04-20,Saudi Arabian Grand Prix,jeddah,leclerc,LEC,ferrari,4,3,3.0,15.0,50,Finished,0,0
2025,5,2025-04-20,Saudi Arabian Grand Prix,jeddah,max_verstappen,VER,red_bull,1,2,2.0,18.0,50,Finished,0,0
2025,5,2025-04-20,Saudi Arabian Grand Prix,jeddah,norris,NOR,mclaren,10,4,4.0,12.0,50,Finished,0,0
2025,5,2025-04-20,Saudi Arabian Grand Prix,jeddah,ocon,OCO,haas,19,14,14.0,0.0,50,Finished,0,0
2025,5,2025-04-20,Saudi Arabian Grand Prix,jeddah,piastri,PIA,mclaren,2,1,1.0,25.0,50,Finished,0,1
2025,5,2025-04-20,Saudi Arabian Grand Prix,jeddah,russell,RUS,mercedes,3,5,5.0,10.0,50,Finished,0,0
2025,5,2025-04-20,Saudi Arabian Grand Prix,jeddah,sainz,SAI,williams,6,8,8.0,4.0,50,Finished,0,0
2025,5,2025-04-20,Saudi Arabian Grand Prix,jeddah,stroll,STR,aston_martin,16,16,16.0,0.0,49,Lapped,0,0
2025,5,2025-04-20,Saudi Arabian Grand Prix,jeddah,tsunoda,TSU,red_bull,8,R,,0.0,1,Retired,1,0
2025,6,2025-05-04,Miami Grand Prix,miami,albon,ALB,williams,7,5,5.0,10.0,57,Finished,0,0
2025,6,2025-05-04,Miami Grand Prix,miami,alonso,ALO,aston_martin,17,15,15.0,0.0,56,Lapped,0,0
2025,6,2025-05-04,Miami Grand Prix,miami,antonelli,ANT,mercedes,3,6,6.0,8.0,57,Finished,0,0
2025,6,2025-05-04,Miami Grand Prix,miami,bearman,BEA,haas,19,R,,0.0,27,Retired,1,0
2025,6,2025-05-04,Miami Grand Prix,miami,bortoleto,BOR,sauber,13,R,,0.0,30,Retired,1,0
2025,6,2025-05-04,Miami Grand Prix,miami,doohan,DOO,alpine,14,R,,0.0,0,Retired,1,0
2025,6,2025-05-04,Miami Grand Prix,miami,gasly,GAS,alpine,20,13,13.0,0.0,57,Finished,0,0
2025,6,2025-05-04,Miami Grand Prix,miami,hadjar,HAD,rb,11,11,11.0,0.0,57,Finished,0,0
2025,6,2025-05-04,Miami Grand Prix,miami,hamilton,HAM,ferrari,12,8,8.0,4.0,57,Finished,0,0
2025,6,2025-05-04,Miami Grand Prix,miami,hulkenberg,HUL,sauber,16,14,14.0,0.0,56,Lapped,0,0
2025,6,2025-05-04,Miami Grand Prix,miami,lawson,LAW,rb,15,R,,0.0,36,Retired,1,0
2025,6,2025-05-04,Miami Grand Prix,miami,leclerc,LEC,ferrari,8,7,7.0,6.0,57,Finished,0,0
2025,6,2025-05-04,Miami Grand Prix,miami,max_verstappen,VER,red_bull,1,4,4.0,12.0,57,Finished,0,0
2025,6,2025-05-04,Miami Grand Prix,miami,norris,NOR,mclaren,2,2,2.0,18.0,57,Finished,0,0
2025,6,2025-05-04,Miami Grand Prix,miami,ocon,OCO,haas,9,12,12.0,0.0,57,Finished,0,0
2025,6,2025-05-04,Miami Grand Prix,miami,piastri,PIA,mclaren,4,1,1.0,25.0,57,Finished,0,1
2025,6,2025-05-04,Miami Grand Prix,miami,russell,RUS,mercedes,5,3,3.0,15.0,57,Finished,0,0
2025,6,2025-05-04,Miami Grand Prix,miami,sainz,SAI,williams,6,9,9.0,2.0,57,Finished,0,0
2025,6,2025-05-04,Miami Grand Prix,miami,stroll,STR,aston_martin,18,16,16.0,0.0,56,Lapped,0,0
2025,6,2025-05-04,Miami Grand Prix,miami,tsunoda,TSU,red_bull,10,10,10.0,1.0,57,Finished,0,0
2025,7,2025-05-18,Emilia Romagna Grand Prix,imola,albon,ALB,williams,7,5,5.0,10.0,63,Finished,0,0
2025,7,2025-05-18,Emilia Romagna Grand Prix,imola,alonso,ALO,aston_martin,5,11,11.0,0.0,63,Finished,0,0
2025,7,2025-05-18,Emilia Romagna Grand Prix,imola,antonelli,ANT,mercedes,13,R,,0.0,44,Retired,1,0
2025,7,2025-05-18,Emilia Romagna Grand Prix,imola,bearman,BEA,haas,19,17,17.0,0.0,63,Finished,0,0
2025,7,2025-05-18,Emilia Romagna Grand Prix,imola,bortoleto,BOR,sauber,14,18,18.0,0.0,63,Finished,0,0
2025,7,2025-05-18,Emilia Romagna Grand Prix,imola,colapinto,COL,alpine,16,16,16.0,0.0,63,Finished,0,0
2025,7,2025-05-18,Emilia Romagna Grand Prix,imola,gasly,GAS,alpine,10,13,13.0,0.0,63,Finished,0,0
2025,7,2025-05-18,Emilia Romagna Grand Prix,imola,hadjar,HAD,rb,9,9,9.0,2.0,63,Finished,0,0
2025,7,2025-05-18,Emilia Romagna Grand Prix,imola,hamilton,HAM,ferrari,12,4,4.0,12.0,63,Finished,0,0
2025,7,2025-05-18,Emilia Romagna Grand Prix,imola,hulkenberg,HUL,sauber,17,12,12.0,0.0,63,Finished,0,0
2025,7,2025-05-18,Emilia Romagna Grand Prix,imola,lawson,LAW,rb,15,14,14.0,0.0,63,Finished,0,0
2025,7,2025-05-18,Emilia Romagna Grand Prix,imola,leclerc,LEC,ferrari,11,6,6.0,8.0,63,Finished,0,0
2025,7,2025-05-18,Emilia Romagna Grand Prix,imola,max_verstappen,VER,red_bull,2,1,1.0,25.0,63,Finished,0,1
2025,7,2025-05-18,Emilia Romagna Grand Prix,imola,norris,NOR,mclaren,4,2,2.0,18.0,63,Finished,0,0
2025,7,2025-05-18,Emilia Romagna Grand Prix,imola,ocon,OCO,haas,18,R,,0.0,27,Retired,1,0
2025,7,2025-05-18,Emilia Romagna Grand Prix,imola,piastri,PIA,mclaren,1,3,3.0,15.0,63,Finished,0,0
2025,7,2025-05-18,Emilia Romagna Grand Prix,imola,russell,RUS,mercedes,3,7,7.0,6.0,63,Finished,0,0
2025,7,2025-05-18,Emilia Romagna Grand Prix,imola,sainz,SAI,williams,6,8,8.0,4.0,63,Finished,0,0
2025,7,2025-05-18,Emilia Romagna Grand Prix,imola,stroll,STR,aston_martin,8,15,15.0,0.0,63,Finished,0,0
2025,7,2025-05-18,Emilia Romagna Grand Prix,imola,tsunoda,TSU,red_bull,20,10,10.0,1.0,63,Finished,0,0
2025,8,2025-05-25,Monaco Grand Prix,monaco,albon,ALB,williams,10,9,9.0,2.0,76,Lapped,0,0
2025,8,2025-05-25,Monaco Grand Prix,monaco,alonso,ALO,aston_martin,6,R,,0.0,36,Retired,1,0
2025,8,2025-05-25,Monaco Grand Prix,monaco,antonelli,ANT,mercedes,15,18,18.0,0.0,75,Lapped,0,0
2025,8,2025-05-25,Monaco Grand Prix,monaco,bearman,BEA,haas,20,12,12.0,0.0,76,Lapped,0,0
2025,8,2025-05-25,Monaco Grand Prix,monaco,bortoleto,BOR,sauber,16,14,14.0,0.0,76,Lapped,0,0
2025,8,2025-05-25,Monaco Grand Prix,monaco,colapinto,COL,alpine,18,13,13.0,0.0,76,Lapped,0,0
2025,8,2025-05-25,Monaco Grand Prix,monaco,gasly,GAS,alpine,17,R,,0.0,7,Retired,1,0
2025,8,2025-05-25,Monaco Grand Prix,monaco,hadjar,HAD,rb,5,6,6.0,8.0,77,Lapped,0,0
2025,8,2025-05-25,Monaco Grand Prix,monaco,hamilton,HAM,ferrari,7,5,5.0,10.0,78,Finished,0,0
2025,8,2025-05-25,Monaco Grand Prix,monaco,hulkenberg,HUL,sauber,13,16,16.0,0.0,76,Lapped,0,0
2025,8,2025-05-25,Monaco Grand Prix,monaco,lawson,LAW,rb,9,8,8.0,4.0,77,Lapped,0,0
2025,8,2025-05-25,Monaco Grand Prix,monaco,leclerc,LEC,ferrari,2,2,2.0,18.0,78,Finished,0,0
2025,8,2025-05-25,Monaco Grand Prix,monaco,max_verstappen,VER,red_bull,4,4,4.0,12.0,78,Finished,0,0
2025,8,2025-05-25,Monaco Grand Prix,monaco,norris,NOR,mclaren,1,1,1.0,25.0,78,Finished,0,1
2025,8,2025-05-25,Monaco Grand Prix,monaco,ocon,OCO,haas,8,7,7.0,6.0,77,Lapped,0,0
2025,8,2025-05-25,Monaco Grand Prix,monaco,piastri,PIA,mclaren,3,3,3.0,15.0,78,Finished,0,0
2025,8,2025-05-25,Monaco Grand Prix,monaco,russell,RUS,mercedes,14,11,11.0,0.0,76,Lapped,0,0
2025,8,2025-05-25,Monaco Grand Prix,monaco,sainz,SAI,williams,11,10,10.0,1.0,76,Lapped,0,0
2025,8,2025-05-25,Monaco Grand Prix,monaco,stroll,STR,aston_martin,19,15,15.0,0.0,76,Lapped,0,0
2025,8,2025-05-25,Monaco Grand Prix,monaco,tsunoda,TSU,red_bull,12,17,17.0,0.0,76,Lapped,0,0
2025,9,2025-06-01,Spanish Grand Prix,catalunya,albon,ALB,williams,11,R,,0.0,27,Retired,1,0
2025,9,2025-06-01,Spanish Grand Prix,catalunya,alonso,ALO,aston_martin,10,9,9.0,2.0,66,Finished,0,0
2025,9,2025-06-01,Spanish Grand Prix,catalunya,antonelli,ANT,mercedes,6,R,,0.0,53,Retired,1,0
2025,9,2025-06-01,Spanish Grand Prix,catalunya,bearman,BEA,haas,14,17,17.0,0.0,66,Finished,0,0
2025,9,2025-06-01,Spanish Grand Prix,catalunya,bortoleto,BOR,sauber,12,12,12.0,0.0,66,Finished,0,0
2025,9,2025-06-01,Spanish Grand Prix,catalunya,colapinto,COL,alpine,18,15,15.0,0.0,66,Finished,0,0
2025,9,2025-06-01,Spanish Grand Prix,catalunya,gasly,GAS,alpine,8,8,8.0,4.0,66,Finished,0,0
2025,9,2025-06-01,Spanish Grand Prix,catalunya,hadjar,HAD,rb,9,7,7.0,6.0,66,Finished,0,0
2025,9,2025-06-01,Spanish Grand Prix,catalunya,hamilton,HAM,ferrari,5,6,6.0,8.0,66,Finished,0,0
2025,9,2025-06-01,Spanish Grand Prix,catalunya,hulkenberg,HUL,sauber,15,5,5.0,10.0,66,Finished,0,0
2025,9,2025-06-01,Spanish Grand Prix,catalunya,lawson,LAW,rb,13,11,11.0,0.0,66,Finished,0,0
2025,9,2025-06-01,Spanish Grand Prix,catalunya,leclerc,LEC,ferrari,7,3,3.0,15.0,66,Finished,0,0
2025,9,2025-06-01,Spanish Grand Prix,catalunya,max_verstappen,VER,red_bull,3,10,10.0,1.0,66,Finished,0,0
2025,9,2025-06-01,Spanish Grand Prix,catalunya,norris,NOR,mclaren,2,2,2.0,18.0,66,Finished,0,0
2025,9,2025-06-01,Spanish Grand Prix,catalunya,ocon,OCO,haas,16,16,16.0,0.0,66,Finished,0,0
2025,9,2025-06-01,Spanish Grand Prix,catalunya,piastri,PIA,mclaren,1,1,1.0,25.0,66,Finished,0,1
2025,9,2025-06-01,Spanish Grand Prix,catalunya,russell,RUS,mercedes,4,4,4.0,12.0,66,Finished,0,0
2025,9,2025-06-01,Spanish Grand Prix,catalunya,sainz,SAI,williams,17,14,14.0,0.0,66,Finished,0,0
2025,9,2025-06-01,Spanish Grand Prix,catalunya,tsunoda,TSU,red_bull,19,13,13.0,0.0,66,Finished,0,0
2025,10,2025-06-15,Canadian Grand Prix,villeneuve,albon,ALB,williams,9,R,,0.0,46,Retired,1,0
2025,10,2025-06-15,Canadian Grand Prix,villeneuve,alonso,ALO,aston_martin,6,7,7.0,6.0,70,Finished,0,0
2025,10,2025-06-15,Canadian Grand Prix,villeneuve,antonelli,ANT,mercedes,4,3,3.0,15.0,70,Finished,0,0
2025,10,2025-06-15,Canadian Grand Prix,villeneuve,bearman,BEA,haas,13,11,11.0,0.0,69,Lapped,0,0
2025,10,2025-06-15,Canadian Grand Prix,villeneuve,bortoleto,BOR,sauber,15,14,14.0,0.0,69,Lapped,0,0
2025,10,2025-06-15,Canadian Grand Prix,villeneuve,colapinto,COL,alpine,10,13,13.0,0.0,69,Lapped,0,0
2025,10,2025-06-15,Canadian Grand Prix,villeneuve,gasly,GAS,alpine,20,15,15.0,0.0,69,Lapped,0,0
2025,10,2025-06-15,Canadian Grand Prix,villeneuve,hadjar,HAD,rb,12,16,16.0,0.0,69,Lapped,0,0
2025,10,2025-06-15,Canadian Grand Prix,villeneuve,hamilton,HAM,ferrari,5,6,6.0,8.0,70,Finished,0,0
2025,10,2025-06-15,Canadian Grand Prix,villeneuve,hulkenberg,HUL,sauber,11,8,8.0,4.0,70,Finished,0,0
2025,10,2025-06-15,Canadian Grand Prix,villeneuve,lawson,LAW,rb,19,R,,0.0,53,Retired,1,0
2025,10,2025-06-15,Canadian Grand Prix,villeneuve,leclerc,LEC,ferrari,8,5,5.0,10.0,70,Finished,0,0
2025,10,2025-06-15,Canadian Grand Prix,villeneuve,max_verstappen,VER,red_bull,2,2,2.0,18.0,70,Finished,0,0
2025,10,2025-06-15,Canadian Grand Prix,villeneuve,norris,NOR,mclaren,7,18,18.0,0.0,66,Retired,0,0
2025,10,2025-06-15,Canadian Grand Prix,villeneuve,ocon,OCO,haas,14,9,9.0,2.0,69,Lapped,0,0
2025,10,2025-06-15,Canadian Grand Prix,villeneuve,piastri,PIA,mclaren,3,4,4.0,12.0,70,Finished,0,0
2025,10,2025-06-15,Canadian Grand Prix,villeneuve,russell,RUS,mercedes,1,1,1.0,25.0,70,Finished,0,1
2025,10,2025-06-15,Canadian Grand Prix,villeneuve,sainz,SAI,williams,16,10,10.0,1.0,69,Lapped,0,0
2025,10,2025-06-15,Canadian Grand Prix,villeneuve,stroll,STR,aston_martin,17,17,17.0,0.0,69,Lapped,0,0
2025,10,2025-06-15,Canadian Grand Prix,villeneuve,tsunoda,TSU,red_bull,18,12,12.0,0.0,69,Lapped,0,0
2025,11,2025-06-29,Austrian Grand Prix,red_bull_ring,albon,ALB,williams,12,R,,0.0,15,Retired,1,0
2025,11,2025-06-29,Austrian Grand Prix,red_bull_ring,alonso,ALO,aston_martin,11,7,7.0,6.0,69,Lapped,0,0
2025,11,2025-06-29,Austrian Grand Prix,red_bull_ring,antonelli,ANT,mercedes,9,R,,0.0,0,Retired,1,0
2025,11,2025-06-29,Austrian Grand Prix,red_bull_ring,bearman,BEA,haas,15,11,11.0,0.0,69,Lapped,0,0
2025,11,2025-06-29,Austrian Grand Prix,red_bull_ring,bortoleto,BOR,sauber,8,8,8.0,4.0,69,Lapped,0,0
2025,11,2025-06-29,Austrian Grand Prix,red_bull_ring,colapinto,COL,alpine,14,15,15.0,0.0,69,Lapped,0,0
2025,11,2025-06-29,Austrian Grand Prix,red_bull_ring,gasly,GAS,alpine,10,13,13.0,0.0,69,Lapped,0,0
2025,11,2025-06-29,Austrian Grand Prix,red_bull_ring,hadjar,HAD,rb,13,12,12.0,0.0,69,Lapped,0,0
2025,11,2025-06-29,Austrian Grand Prix,red_bull_ring,hamilton,HAM,ferrari,4,4,4.0,12.0,70,Finished,0,0
2025,11,2025-06-29,Austrian Grand Prix,red_bull_ring,hulkenberg,HUL,sauber,20,9,9.0,2.0,69,Lapped,0,0
2025,11,2025-06-29,Austrian Grand Prix,red_bull_ring,lawson,LAW,rb,6,6,6.0,8.0,70,Finished,0,0
2025,11,2025-06-29,Austrian Grand Prix,red_bull_ring,leclerc,LEC,ferrari,2,3,3.0,15.0,70,Finished,0,0
2025,11,2025-06-29,Austrian Grand Prix,red_bull_ring,max_verstappen,VER,red_bull,7,R,,0.0,0,Retired,1,0
2025,11,2025-06-29,Austrian Grand Prix,red_bull_ring,norris,NOR,mclaren,1,1,1.0,25.0,70,Finished,0,1
2025,11,2025-06-29,Austrian Grand Prix,red_bull_ring,ocon,OCO,haas,17,10,10.0,1.0,69,Lapped,0,0
2025,11,2025-06-29,Austrian Grand Prix,red_bull_ring,piastri,PIA,mclaren,3,2,2.0,18.0,70,Finished,0,0
2025,11,2025-06-29,Austrian Grand Prix,red_bull_ring,russell,RUS,mercedes,5,5,5.0,10.0,70,Finished,0,0
2025,11,2025-06-29,Austrian Grand Prix,red_bull_ring,sainz,SAI,williams,19,W,,0.0,0,Did not start,1,0
2025,11,2025-06-29,Austrian Grand Prix,red_bull_ring,stroll,STR,aston_martin,16,14,14.0,0.0,69,Lapped,0,0
2025,11,2025-06-29,Austrian Grand Prix,red_bull_ring,tsunoda,TSU,red_bull,18,16,16.0,0.0,68,Lapped,0,0
2025,12,2025-07-06,British Grand Prix,silverstone,albon,ALB,williams,13,8,8.0,4.0,52,Finished,0,0
2025,12,2025-07-06,British Grand Prix,silverstone,alonso,ALO,aston_martin,7,9,9.0,2.0,52,Finished,0,0
2025,12,2025-07-06,British Grand Prix,silverstone,antonelli,ANT,mercedes,10,R,,0.0,23,Retired,1,0
2025,12,2025-07-06,British Grand Prix,silverstone,bearman,BEA,haas,18,11,11.0,0.0,52,Finished,0,0
2025,12,2025-07-06,British Grand Prix,silverstone,bortoleto,BOR,sauber,16,R,,0.0,3,Retired,1,0
2025,12,2025-07-06,British Grand Prix,silverstone,colapinto,COL,alpine,20,W,,0.0,0,Did not start,1,0
2025,12,2025-07-06,British Grand Prix,silverstone,gasly,GAS,alpine,8,6,6.0,8.0,52,Finished,0,0
2025,12,2025-07-06,British Grand Prix,silverstone,hadjar,HAD,rb,12,R,,0.0,17,Retired,1,0
2025,12,2025-07-06,British Grand Prix,silverstone,hamilton,HAM,ferrari,5,4,4.0,12.0,52,Finished,0,0
2025,12,2025-07-06,British Grand Prix,silverstone,hulkenberg,HUL,sauber,19,3,3.0,15.0,52,Finished,0,0
2025,12,2025-07-06,British Grand Prix,silverstone,lawson,LAW,rb,15,R,,0.0,0,Retired,1,0
2025,12,2025-07-06,British Grand Prix,silverstone,leclerc,LEC,ferrari,6,14,14.0,0.0,52,Finished,0,0
2025,12,2025-07-06,British Grand Prix,silverstone,max_verstappen,VER,red_bull,1,5,5.0,10.0,52,Finished,0,0
2025,12,2025-07-06,British Grand Prix,silverstone,norris,NOR,mclaren,3,1,1.0,25.0,52,Finished,0,1
2025,12,2025-07-06,British Grand Prix,silverstone,ocon,OCO,haas,14,13,13.0,0.0,52,Finished,0,0
2025,12,2025-07-06,British Grand Prix,silverstone,piastri,PIA,mclaren,2,2,2.0,18.0,52,Finished,0,0
2025,12,2025-07-06,British Grand Prix,silverstone,russell,RUS,mercedes,4,10,10.0,1.0,52,Finished,0,0
2025,12,2025-07-06,British Grand Prix,silverstone,sainz,SAI,williams,9,12,12.0,0.0,52,Finished,0,0
2025,12,2025-07-06,British Grand Prix,silverstone,stroll,STR,aston_martin,17,7,7.0,6.0,52,Finished,0,0
2025,12,2025-07-06,British Grand Prix,silverstone,tsunoda,TSU,red_bull,11,15,15.0,0.0,51,Lapped,0,0
2025,13,2025-07-27,Belgian Grand Prix,spa,albon,ALB,williams,5,6,6.0,8.0,44,Finished,0,0
2025,13,2025-07-27,Belgian Grand Prix,spa,alonso,ALO,aston_martin,20,17,17.0,0.0,44,Finished,0,0
2025,13,2025-07-27,Belgian Grand Prix,spa,antonelli,ANT,mercedes,19,16,16.0,0.0,44,Finished,0,0
2025,13,2025-07-27,Belgian Grand Prix,spa,bearman,BEA,haas,12,11,11.0,0.0,44,Finished,0,0
2025,13,2025-07-27,Belgian Grand Prix,spa,bortoleto,BOR,sauber,10,9,9.0,2.0,44,Finished,0,0
2025,13,2025-07-27,Belgian Grand Prix,spa,colapinto,COL,alpine,15,19,19.0,0.0,44,Finished,0,0
2025,13,2025-07-27,Belgian Grand Prix,spa,gasly,GAS,alpine,13,10,10.0,1.0,44,Finished,0,0
2025,13,2025-07-27,Belgian Grand Prix,spa,hadjar,HAD,rb,8,20,20.0,0.0,43,Lapped,0,0
2025,13,2025-07-27,Belgian Grand Prix,spa,hamilton,HAM,ferrari,18,7,7.0,6.0,44,Finished,0,0
2025,13,2025-07-27,Belgian Grand Prix,spa,hulkenberg,HUL,sauber,14,12,12.0,0.0,44,Finished,0,0
2025,13,2025-07-27,Belgian Grand Prix,spa,lawson,LAW,rb,9,8,8.0,4.0,44,Finished,0,0
2025,13,2025-07-27,Belgian Grand Prix,spa,leclerc,LEC,ferrari,3,3,3.0,15.0,44,Finished,0,0
2025,13,2025-07-27,Belgian Grand Prix,spa,max_verstappen,VER,red_bull,4,4,4.0,12.0,44,Finished,0,0
2025,13,2025-07-27,Belgian Grand Prix,spa,norris,NOR,mclaren,1,2,2.0,18.0,44,Finished,0,0
2025,13,2025-07-27,Belgian Grand Prix,spa,ocon,OCO,haas,11,15,15.0,0.0,44,Finished,0,0
2025,13,2025-07-27,Belgian Grand Prix,spa,piastri,PIA,mclaren,2,1,1.0,25.0,44,Finished,0,1
2025,13,2025-07-27,Belgian Grand Prix,spa,russell,RUS,mercedes,6,5,5.0,10.0,44,Finished,0,0
2025,13,2025-07-27,Belgian Grand Prix,spa,sainz,SAI,williams,17,18,18.0,0.0,44,Finished,0,0
2025,13,2025-07-27,Belgian Grand Prix,spa,stroll,STR,aston_martin,16,14,14.0,0.0,44,Finished,0,0
2025,13,2025-07-27,Belgian Grand Prix,spa,tsunoda,TSU,red_bull,7,13,13.0,0.0,44,Finished,0,0
2025,14,2025-08-03,Hungarian Grand Prix,hungaroring,albon,ALB,williams,19,15,15.0,0.0,69,Lapped,0,0
2025,14,2025-08-03,Hungarian Grand Prix,hungaroring,alonso,ALO,aston_martin,5,5,5.0,10.0,70,Finished,0,0
2025,14,2025-08-03,Hungarian Grand Prix,hungaroring,antonelli,ANT,mercedes,15,10,10.0,1.0,69,Lapped,0,0
2025,14,2025-08-03,Hungarian Grand Prix,hungaroring,bearman,BEA,haas,11,R,,0.0,48,Retired,1,0
2025,14,2025-08-03,Hungarian Grand Prix,hungaroring,bortoleto,BOR,sauber,7,6,6.0,8.0,70,Finished,0,0
2025,14,2025-08-03,Hungarian Grand Prix,hungaroring,colapinto,COL,alpine,14,18,18.0,0.0,69,Lapped,0,0
2025,14,2025-08-03,Hungarian Grand Prix,hungaroring,gasly,GAS,alpine,16,19,19.0,0.0,69,Lapped,0,0
2025,14,2025-08-03,Hungarian Grand Prix,hungaroring,hadjar,HAD,rb,10,11,11.0,0.0,69,Lapped,0,0
2025,14,2025-08-03,Hungarian Grand Prix,hungaroring,hamilton,HAM,ferrari,12,12,12.0,0.0,69,Lapped,0,0
2025,14,2025-08-03,Hungarian Grand Prix,hungaroring,hulkenberg,HUL,sauber,18,13,13.0,0.0,69,Lapped,0,0
2025,14,2025-08-03,Hungarian Grand Prix,hungaroring,lawson,LAW,rb,9,8,8.0,4.0,70,Finished,0,0
2025,14,2025-08-03,Hungarian Grand Prix,hungaroring,leclerc,LEC,ferrari,1,4,4.0,12.0,70,Finished,0,0
2025,14,2025-08-03,Hungarian Grand Prix,hungaroring,max_verstappen,VER,red_bull,8,9,9.0,2.0,70,Finished,0,0
2025,14,2025-08-03,Hungarian Grand Prix,hungaroring,norris,NOR,mclaren,3,1,1.0,25.0,70,Finished,0,1
2025,14,2025-08-03,Hungarian Grand Prix,hungaroring,ocon,OCO,haas,17,16,16.0,0.0,69,Lapped,0,0
2025,14,2025-08-03,Hungarian Grand Prix,hungaroring,piastri,PIA,mclaren,2,2,2.0,18.0,70,Finished,0,0
2025,14,2025-08-03,Hungarian Grand Prix,hungaroring,russell,RUS,mercedes,4,3,3.0,15.0,70,Finished,0,0
2025,14,2025-08-03,Hungarian Grand Prix,hungaroring,sainz,SAI,williams,13,14,14.0,0.0,69,Lapped,0,0
2025,14,2025-08-03,Hungarian Grand Prix,hungaroring,stroll,STR,aston_martin,6,7,7.0,6.0,70,Finished,0,0
2025,14,2025-08-03,Hungarian Grand Prix,hungaroring,tsunoda,TSU,red_bull,20,17,17.0,0.0,69,Lapped,0,0
2025,15,2025-08-31,Dutch Grand Prix,zandvoort,albon,ALB,williams,15,5,5.0,10.0,72,Finished,0,0
2025,15,2025-08-31,Dutch Grand Prix,zandvoort,alonso,ALO,aston_martin,10,8,8.0,4.0,72,Finished,0,0
2025,15,2025-08-31,Dutch Grand Prix,zandvoort,antonelli,ANT,mercedes,11,16,16.0,0.0,72,Finished,0,0
2025,15,2025-08-31,Dutch Grand Prix,zandvoort,bearman,BEA,haas,20,6,6.0,8.0,72,Finished,0,0
2025,15,2025-08-31,Dutch Grand Prix,zandvoort,bortoleto,BOR,sauber,13,15,15.0,0.0,72,Finished,0,0
2025,15,2025-08-31,Dutch Grand Prix,zandvoort,colapinto,COL,alpine,16,11,11.0,0.0,72,Finished,0,0
2025,15,2025-08-31,Dutch Grand Prix,zandvoort,gasly,GAS,alpine,14,17,17.0,0.0,72,Finished,0,0
2025,15,2025-08-31,Dutch Grand Prix,zandvoort,hadjar,HAD,rb,4,3,3.0,15.0,72,Finished,0,0
2025,15,2025-08-31,Dutch Grand Prix,zandvoort,hamilton,HAM,ferrari,7,R,,0.0,22,Retired,1,0
2025,15,2025-08-31,Dutch Grand Prix,zandvoort,hulkenberg,HUL,sauber,17,14,14.0,0.0,72,Finished,0,0
2025,15,2025-08-31,Dutch Grand Prix,zandvoort,lawson,LAW,rb,8,12,12.0,0.0,72,Finished,0,0
2025,15,2025-08-31,Dutch Grand Prix,zandvoort,leclerc,LEC,ferrari,6,R,,0.0,52,Retired,1,0
2025,15,2025-08-31,Dutch Grand Prix,zandvoort,max_verstappen,VER,red_bull,3,2,2.0,18.0,72,Finished,0,0
2025,15,2025-08-31,Dutch Grand Prix,zandvoort,norris,NOR,mclaren,2,18,18.0,0.0,64,Retired,0,0
2025,15,2025-08-31,Dutch Grand Prix,zandvoort,ocon,OCO,haas,18,10,10.0,1.0,72,Finished,0,0
2025,15,2025-08-31,Dutch Grand Prix,zandvoort,piastri,PIA,mclaren,1,1,1.0,25.0,72,Finished,0,1
2025,15,2025-08-31,Dutch Grand Prix,zandvoort,russell,RUS,mercedes,5,4,4.0,12.0,72,Finished,0,0
2025,15,2025-08-31,Dutch Grand Prix,zandvoort,sainz,SAI,williams,9,13,13.0,0.0,72,Finished,0,0
2025,15,2025-08-31,Dutch Grand Prix,zandvoort,stroll,STR,aston_martin,19,7,7.0,6.0,72,Finished,0,0
2025,15,2025-08-31,Dutch Grand Prix,zandvoort,tsunoda,TSU,red_bull,12,9,9.0,2.0,72,Finished,0,0
2025,16,2025-09-07,Italian Grand Prix,monza,albon,ALB,williams,14,7,7.0,6.0,53,Finished,0,0
2025,16,2025-09-07,Italian Grand Prix,monza,alonso,ALO,aston_martin,8,R,,0.0,24,Retired,1,0
2025,16,2025-09-07,Italian Grand Prix,monza,antonelli,ANT,mercedes,6,9,9.0,2.0,53,Finished,0,0
2025,16,2025-09-07,Italian Grand Prix,monza,bearman,BEA,haas,11,12,12.0,0.0,53,Finished,0,0
2025,16,2025-09-07,Italian Grand Prix,monza,bortoleto,BOR,sauber,7,8,8.0,4.0,53,Finished,0,0
2025,16,2025-09-07,Italian Grand Prix,monza,colapinto,COL,alpine,17,17,17.0,0.0,52,Lapped,0,0
2025,16,2025-09-07,Italian Grand Prix,monza,gasly,GAS,alpine,20,16,16.0,0.0,52,Lapped,0,0
2025,16,2025-09-07,Italian Grand Prix,monza,hadjar,HAD,rb,19,10,10.0,1.0,53,Finished,0,0
2025,16,2025-09-07,Italian Grand Prix,monza,hamilton,HAM,ferrari,10,6,6.0,8.0,53,Finished,0,0
2025,16,2025-09-07,Italian Grand Prix,monza,hulkenberg,HUL,sauber,12,W,,0.0,0,Did not start,1,0
2025,16,2025-09-07,Italian Grand Prix,monza,lawson,LAW,rb,18,14,14.0,0.0,53,Finished,0,0
2025,16,2025-09-07,Italian Grand Prix,monza,leclerc,LEC,ferrari,4,4,4.0,12.0,53,Finished,0,0
2025,16,2025-09-07,Italian Grand Prix,monza,max_verstappen,VER,red_bull,1,1,1.0,25.0,53,Finished,0,1
2025,16,2025-09-07,Italian Grand Prix,monza,norris,NOR,mclaren,2,2,2.0,18.0,53,Finished,0,0
2025,16,2025-09-07,Italian Grand Prix,monza,ocon,OCO,haas,15,15,15.0,0.0,52,Lapped,0,0
2025,16,2025-09-07,Italian Grand Prix,monza,piastri,PIA,mclaren,3,3,3.0,15.0,53,Finished,0,0
2025,16,2025-09-07,Italian Grand Prix,monza,russell,RUS,mercedes,5,5,5.0,10.0,53,Finished,0,0
2025,16,2025-09-07,Italian Grand Prix,monza,sainz,SAI,williams,13,11,11.0,0.0,53,Finished,0,0
2025,16,2025-09-07,Italian Grand Prix,monza,stroll,STR,aston_martin,16,18,18.0,0.0,52,Lapped,0,0
2025,16,2025-09-07,Italian Grand Prix,monza,tsunoda,TSU,red_bull,9,13,13.0,0.0,53,Finished,0,0
2025,17,2025-09-21,Azerbaijan Grand Prix,baku,albon,ALB,williams,19,13,13.0,0.0,51,Finished,0,0
2025,17,2025-09-21,Azerbaijan Grand Prix,baku,alonso,ALO,aston_martin,11,15,15.0,0.0,51,Finished,0,0
2025,17,2025-09-21,Azerbaijan Grand Prix,baku,antonelli,ANT,mercedes,4,4,4.0,12.0,51,Finished,0,0
2025,17,2025-09-21,Azerbaijan Grand Prix,baku,bearman,BEA,haas,15,12,12.0,0.0,51,Finished,0,0
2025,17,2025-09-21,Azerbaijan Grand Prix,baku,bortoleto,BOR,sauber,13,11,11.0,0.0,51,Finished,0,0
2025,17,2025-09-21,Azerbaijan Grand Prix,baku,colapinto,COL,alpine,16,19,19.0,0.0,50,Lapped,0,0
2025,17,2025-09-21,Azerbaijan Grand Prix,baku,gasly,GAS,alpine,18,18,18.0,0.0,50,Lapped,0,0
2025,17,2025-09-21,Azerbaijan Grand Prix,baku,hadjar,HAD,rb,8,10,10.0,1.0,51,Finished,0,0
2025,17,2025-09-21,Azerbaijan Grand Prix,baku,hamilton,HAM,ferrari,12,8,8.0,4.0,51,Finished,0,0
2025,17,2025-09-21,Azerbaijan Grand Prix,baku,hulkenberg,HUL,sauber,17,16,16.0,0.0,51,Finished,0,0
2025,17,2025-09-21,Azerbaijan Grand Prix,baku,lawson,LAW,rb,3,5,5.0,10.0,51,Finished,0,0
2025,17,2025-09-21,Azerbaijan Grand Prix,baku,leclerc,LEC,ferrari,10,9,9.0,2.0,51,Finished,0,0
2025,17,2025-09-21,Azerbaijan Grand Prix,baku,max_verstappen,VER,red_bull,1,1,1.0,25.0,51,Finished,0,1
2025,17,2025-09-21,Azerbaijan Grand Prix,baku,norris,NOR,mclaren,7,7,7.0,6.0,51,Finished,0,0
2025,17,2025-09-21,Azerbaijan Grand Prix,baku,ocon,OCO,haas,20,14,14.0,0.0,51,Finished,0,0
2025,17,2025-09-21,Azerbaijan Grand Prix,baku,piastri,PIA,mclaren,9,R,,0.0,0,Retired,1,0
2025,17,2025-09-21,Azerbaijan Grand Prix,baku,russell,RUS,mercedes,5,2,2.0,18.0,51,Finished,0,0
2025,17,2025-09-21,Azerbaijan Grand Prix,baku,sainz,SAI,williams,2,3,3.0,15.0,51,Finished,0,0
2025,17,2025-09-21,Azerbaijan Grand Prix,baku,stroll,STR,aston_martin,14,17,17.0,0.0,51,Finished,0,0
2025,17,2025-09-21,Azerbaijan Grand Prix,baku,tsunoda,TSU,red_bull,6,6,6.0,8.0,51,Finished,0,0
2025,18,2025-10-05,Singapore Grand Prix,marina_bay,albon,ALB,williams,20,14,14.0,0.0,61,Lapped,0,0
2025,18,2025-10-05,Singapore Grand Prix,marina_bay,alonso,ALO,aston_martin,10,7,7.0,6.0,62,Finished,0,0
2025,18,2025-10-05,Singapore Grand Prix,marina_bay,antonelli,ANT,mercedes,4,5,5.0,10.0,62,Finished,0,0
2025,18,2025-10-05,Singapore Grand Prix,marina_bay,bearman,BEA,haas,9,9,9.0,2.0,62,Finished,0,0
2025,18,2025-10-05,Singapore Grand Prix,marina_bay,bortoleto,BOR,sauber,14,17,17.0,0.0,61,Lapped,0,0
2025,18,2025-10-05,Singapore Grand Prix,marina_bay,colapinto,COL,alpine,16,16,16.0,0.0,61,Lapped,0,0
2025,18,2025-10-05,Singapore Grand Prix,marina_bay,gasly,GAS,alpine,19,19,19.0,0.0,61,Lapped,0,0
2025,18,2025-10-05,Singapore Grand Prix,marina_bay,hadjar,HAD,rb,8,11,11.0,0.0,61,Lapped,0,0
2025,18,2025-10-05,Singapore Grand Prix,marina_bay,hamilton,HAM,ferrari,6,8,8.0,4.0,62,Finished,0,0
2025,18,2025-10-05,Singapore Grand Prix,marina_bay,hulkenberg,HUL,sauber,11,20,20.0,0.0,61,Lapped,0,0
2025,18,2025-10-05,Singapore Grand Prix,marina_bay,lawson,LAW,rb,12,15,15.0,0.0,61,Lapped,0,0
2025,18,2025-10-05,Singapore Grand Prix,marina_bay,leclerc,LEC,ferrari,7,6,6.0,8.0,62,Finished,0,0
2025,18,2025-10-05,Singapore Grand Prix,marina_bay,max_verstappen,VER,red_bull,2,2,2.0,18.0,62,Finished,0,0
2025,18,2025-10-05,Singapore Grand Prix,marina_bay,norris,NOR,mclaren,5,3,3.0,15.0,62,Finished,0,0
2025,18,2025-10-05,Singapore Grand Prix,marina_bay,ocon,OCO,haas,17,18,18.0,0.0,61,Lapped,0,0
2025,18,2025-10-05,Singapore Grand Prix,marina_bay,piastri,PIA,mclaren,3,4,4.0,12.0,62,Finished,0,0
2025,18,2025-10-05,Singapore Grand Prix,marina_bay,russell,RUS,mercedes,1,1,1.0,25.0,62,Finished,0,1
2025,18,2025-10-05,Singapore Grand Prix,marina_bay,sainz,SAI,williams,18,10,10.0,1.0,61,Lapped,0,0
2025,18,2025-10-05,Singapore Grand Prix,marina_bay,stroll,STR,aston_martin,15,13,13.0,0.0,61,Lapped,0,0
2025,18,2025-10-05,Singapore Grand Prix,marina_bay,tsunoda,TSU,red_bull,13,12,12.0,0.0,61,Lapped,0,0
2025,19,2025-10-19,United States Grand Prix,americas,albon,ALB,williams,18,14,14.0,0.0,56,Finished,0,0
2025,19,2025-10-19,United States Grand Prix,americas,alonso,ALO,aston_martin,10,10,10.0,1.0,56,Finished,0,0
2025,19,2025-10-19,United States Grand Prix,americas,antonelli,ANT,mercedes,7,13,13.0,0.0,56,Finished,0,0
2025,19,2025-10-19,United States Grand Prix,americas,bearman,BEA,haas,8,9,9.0,2.0,56,Finished,0,0
2025,19,2025-10-19,United States Grand Prix,americas,bortoleto,BOR,sauber,16,18,18.0,0.0,55,Lapped,0,0
2025,19,2025-10-19,United States Grand Prix,americas,colapinto,COL,alpine,15,17,17.0,0.0,55,Lapped,0,0
2025,19,2025-10-19,United States Grand Prix,americas,gasly,GAS,alpine,14,19,19.0,0.0,55,Lapped,0,0
2025,19,2025-10-19,United States Grand Prix,americas,hadjar,HAD,rb,20,16,16.0,0.0,56,Finished,0,0
2025,19,2025-10-19,United States Grand Prix,americas,hamilton,HAM,ferrari,5,4,4.0,12.0,56,Finished,0,0
2025,19,2025-10-19,United States Grand Prix,americas,hulkenberg,HUL,sauber,11,8,8.0,4.0,56,Finished,0,0
2025,19,2025-10-19,United States Grand Prix,americas,lawson,LAW,rb,12,11,11.0,0.0,56,Finished,0,0
2025,19,2025-10-19,United States Grand Prix,americas,leclerc,LEC,ferrari,3,3,3.0,15.0,56,Finished,0,0
2025,19,2025-10-19,United States Grand Prix,americas,max_verstappen,VER,red_bull,1,1,1.0,25.0,56,Finished,0,1
2025,19,2025-10-19,United States Grand Prix,americas,norris,NOR,mclaren,2,2,2.0,18.0,56,Finished,0,0
2025,19,2025-10-19,United States Grand Prix,americas,ocon,OCO,haas,17,15,15.0,0.0,56,Finished,0,0
2025,19,2025-10-19,United States Grand Prix,americas,piastri,PIA,mclaren,6,5,5.0,10.0,56,Finished,0,0
2025,19,2025-10-19,United States Grand Prix,americas,russell,RUS,mercedes,4,6,6.0,8.0,56,Finished,0,0
2025,19,2025-10-19,United States Grand Prix,americas,sainz,SAI,williams,9,R,,0.0,5,Retired,1,0
2025,19,2025-10-19,United States Grand Prix,americas,stroll,STR,aston_martin,19,12,12.0,0.0,56,Finished,0,0
2025,19,2025-10-19,United States Grand Prix,americas,tsunoda,TSU,red_bull,13,7,7.0,6.0,56,Finished,0,0
2025,20,2025-10-26,Mexico City Grand Prix,rodriguez,albon,ALB,williams,17,12,12.0,0.0,70,Lapped,0,0
2025,20,2025-10-26,Mexico City Grand Prix,rodriguez,alonso,ALO,aston_martin,14,R,,0.0,34,Retired,1,0
2025,20,2025-10-26,Mexico City Grand Prix,rodriguez,antonelli,ANT,mercedes,6,6,6.0,8.0,71,Finished,0,0
2025,20,2025-10-26,Mexico City Grand Prix,rodriguez,bearman,BEA,haas,9,4,4.0,12.0,71,Finished,0,0
2025,20,2025-10-26,Mexico City Grand Prix,rodriguez,bortoleto,BOR,sauber,16,10,10.0,1.0,71,Finished,0,0
2025,20,2025-10-26,Mexico City Grand Prix,rodriguez,colapinto,COL,alpine,20,16,16.0,0.0,70,Lapped,0,0
2025,20,2025-10-26,Mexico City Grand Prix,rodriguez,gasly,GAS,alpine,18,15,15.0,0.0,70,Lapped,0,0
2025,20,2025-10-26,Mexico City Grand Prix,rodriguez,hadjar,HAD,rb,8,13,13.0,0.0,70,Lapped,0,0
2025,20,2025-10-26,Mexico City Grand Prix,rodriguez,hamilton,HAM,ferrari,3,8,8.0,4.0,71,Finished,0,0
2025,20,2025-10-26,Mexico City Grand Prix,rodriguez,hulkenberg,HUL,sauber,13,R,,0.0,25,Retired,1,0
2025,20,2025-10-26,Mexico City Grand Prix,rodriguez,lawson,LAW,rb,15,R,,0.0,5,Retired,1,0
2025,20,2025-10-26,Mexico City Grand Prix,rodriguez,leclerc,LEC,ferrari,2,2,2.0,18.0,71,Finished,0,0
2025,20,2025-10-26,Mexico City Grand Prix,rodriguez,max_verstappen,VER,red_bull,5,3,3.0,15.0,71,Finished,0,0
2025,20,2025-10-26,Mexico City Grand Prix,rodriguez,norris,NOR,mclaren,1,1,1.0,25.0,71,Finished,0,1
2025,20,2025-10-26,Mexico City Grand Prix,rodriguez,ocon,OCO,haas,11,9,9.0,2.0,71,Finished,0,0
2025,20,2025-10-26,Mexico City Grand Prix,rodriguez,piastri,PIA,mclaren,7,5,5.0,10.0,71,Finished,0,0
2025,20,2025-10-26,Mexico City Grand Prix,rodriguez,russell,RUS,mercedes,4,7,7.0,6.0,71,Finished,0,0
2025,20,2025-10-26,Mexico City Grand Prix,rodriguez,sainz,SAI,williams,12,17,17.0,0.0,67,Retired,0,0
2025,20,2025-10-26,Mexico City Grand Prix,rodriguez,stroll,STR,aston_martin,19,14,14.0,0.0,70,Lapped,0,0
2025,20,2025-10-26,Mexico City Grand Prix,rodriguez,tsunoda,TSU,red_bull,10,11,11.0,0.0,71,Finished,0,0
2025,21,2025-11-09,São Paulo Grand Prix,interlagos,albon,ALB,williams,12,11,11.0,0.0,71,Finished,0,0
2025,21,2025-11-09,São Paulo Grand Prix,interlagos,alonso,ALO,aston_martin,11,14,14.0,0.0,71,Finished,0,0
2025,21,2025-11-09,São Paulo Grand Prix,interlagos,antonelli,ANT,mercedes,2,2,2.0,18.0,71,Finished,0,0
2025,21,2025-11-09,São Paulo Grand Prix,interlagos,bearman,BEA,haas,8,6,6.0,8.0,71,Finished,0,0
2025,21,2025-11-09,São Paulo Grand Prix,interlagos,bortoleto,BOR,sauber,18,R,,0.0,0,Retired,1,0
2025,21,2025-11-09,São Paulo Grand Prix,interlagos,colapinto,COL,alpine,16,15,15.0,0.0,71,Finished,0,0
2025,21,2025-11-09,São Paulo Grand Prix,interlagos,gasly,GAS,alpine,9,10,10.0,1.0,71,Finished,0,0
2025,21,2025-11-09,São Paulo Grand Prix,interlagos,hadjar,HAD,rb,5,8,8.0,4.0,71,Finished,0,0
2025,21,2025-11-09,São Paulo Grand Prix,interlagos,hamilton,HAM,ferrari,13,R,,0.0,37,Retired,1,0
2025,21,2025-11-09,São Paulo Grand Prix,interlagos,hulkenberg,HUL,sauber,10,9,9.0,2.0,71,Finished,0,0
2025,21,2025-11-09,São Paulo Grand Prix,interlagos,lawson,LAW,rb,7,7,7.0,6.0,71,Finished,0,0
2025,21,2025-11-09,São Paulo Grand Prix,interlagos,leclerc,LEC,ferrari,3,R,,0.0,5,Retired,1,0
2025,21,2025-11-09,São Paulo Grand Prix,interlagos,max_verstappen,VER,red_bull,19,3,3.0,15.0,71,Finished,0,0
2025,21,2025-11-09,São Paulo Grand Prix,interlagos,norris,NOR,mclaren,1,1,1.0,25.0,71,Finished,0,1
2025,21,2025-11-09,São Paulo Grand Prix,interlagos,ocon,OCO,haas,20,12,12.0,0.0,71,Finished,0,0
2025,21,2025-11-09,São Paulo Grand Prix,interlagos,piastri,PIA,mclaren,4,5,5.0,10.0,71,Finished,0,0
2025,21,2025-11-09,São Paulo Grand Prix,interlagos,russell,RUS,mercedes,6,4,4.0,12.0,71,Finished,0,0
2025,21,2025-11-09,São Paulo Grand Prix,interlagos,sainz,SAI,williams,15,13,13.0,0.0,71,Finished,0,0
2025,21,2025-11-09,São Paulo Grand Prix,interlagos,stroll,STR,aston_martin,14,16,16.0,0.0,71,Finished,0,0
2025,21,2025-11-09,São Paulo Grand Prix,interlagos,tsunoda,TSU,red_bull,17,17,17.0,0.0,71,Finished,0,0
2025,22,2025-11-23,Las Vegas Grand Prix,vegas,albon,ALB,williams,16,R,,0.0,35,Retired,1,0
2025,22,2025-11-23,Las Vegas Grand Prix,vegas,alonso,ALO,aston_martin,7,11,11.0,0.0,50,Finished,0,0
2025,22,2025-11-23,Las Vegas Grand Prix,vegas,antonelli,ANT,mercedes,17,3,3.0,15.0,50,Finished,0,0
2025,22,2025-11-23,Las Vegas Grand Prix,vegas,bearman,BEA,haas,14,10,10.0,1.0,50,Finished,0,0
2025,22,2025-11-23,Las Vegas Grand Prix,vegas,bortoleto,BOR,sauber,18,R,,0.0,2,Retired,1,0
2025,22,2025-11-23,Las Vegas Grand Prix,vegas,colapinto,COL,alpine,15,15,15.0,0.0,49,Lapped,0,0
2025,22,2025-11-23,Las Vegas Grand Prix,vegas,gasly,GAS,alpine,10,13,13.0,0.0,50,Finished,0,0
2025,22,2025-11-23,Las Vegas Grand Prix,vegas,hadjar,HAD,rb,8,6,6.0,8.0,50,Finished,0,0
2025,22,2025-11-23,Las Vegas Grand Prix,vegas,hamilton,HAM,ferrari,19,8,8.0,4.0,50,Finished,0,0
2025,22,2025-11-23,Las Vegas Grand Prix,vegas,hulkenberg,HUL,sauber,11,7,7.0,6.0,50,Finished,0,0
2025,22,2025-11-23,Las Vegas Grand Prix,vegas,lawson,LAW,rb,6,14,14.0,0.0,49,Lapped,0,0
2025,22,2025-11-23,Las Vegas Grand Prix,vegas,leclerc,LEC,ferrari,9,4,4.0,12.0,50,Finished,0,0
2025,22,2025-11-23,Las Vegas Grand Prix,vegas,max_verstappen,VER,red_bull,2,1,1.0,25.0,50,Finished,0,1
2025,22,2025-11-23,Las Vegas Grand Prix,vegas,norris,NOR,mclaren,1,D,,0.0,50,Disqualified,1,0
2025,22,2025-11-23,Las Vegas Grand Prix,vegas,ocon,OCO,haas,13,9,9.0,2.0,50,Finished,0,0
2025,22,2025-11-23,Las Vegas Grand Prix,vegas,piastri,PIA,mclaren,5,D,,0.0,50,Disqualified,1,0
2025,22,2025-11-23,Las Vegas Grand Prix,vegas,russell,RUS,mercedes,4,2,2.0,18.0,50,Finished,0,0
2025,22,2025-11-23,Las Vegas Grand Prix,vegas,sainz,SAI,williams,3,5,5.0,10.0,50,Finished,0,0
2025,22,2025-11-23,Las Vegas Grand Prix,vegas,stroll,STR,aston_martin,12,R,,0.0,0,Retired,1,0
2025,22,2025-11-23,Las Vegas Grand Prix,vegas,tsunoda,TSU,red_bull,20,12,12.0,0.0,50,Finished,0,0
2025,23,2025-11-30,Qatar Grand Prix,losail,albon,ALB,williams,14,11,11.0,0.0,57,Finished,0,0
2025,23,2025-11-30,Qatar Grand Prix,losail,alonso,ALO,aston_martin,8,7,7.0,6.0,57,Finished,0,0
2025,23,2025-11-30,Qatar Grand Prix,losail,antonelli,ANT,mercedes,5,5,5.0,10.0,57,Finished,0,0
2025,23,2025-11-30,Qatar Grand Prix,losail,bearman,BEA,haas,13,R,,0.0,41,Retired,1,0
2025,23,2025-11-30,Qatar Grand Prix,losail,bortoleto,BOR,sauber,19,13,13.0,0.0,57,Finished,0,0
2025,23,2025-11-30,Qatar Grand Prix,losail,colapinto,COL,alpine,20,14,14.0,0.0,56,Lapped,0,0
2025,23,2025-11-30,Qatar Grand Prix,losail,gasly,GAS,alpine,9,16,16.0,0.0,56,Lapped,0,0
2025,23,2025-11-30,Qatar Grand Prix,losail,hadjar,HAD,rb,6,18,18.0,0.0,55,Retired,0,0
2025,23,2025-11-30,Qatar Grand Prix,losail,hamilton,HAM,ferrari,17,12,12.0,0.0,57,Finished,0,0
2025,23,2025-11-30,Qatar Grand Prix,losail,hulkenberg,HUL,sauber,11,R,,0.0,6,Retired,1,0
2025,23,2025-11-30,Qatar Grand Prix,losail,lawson,LAW,rb,12,9,9.0,2.0,57,Finished,0,0
2025,23,2025-11-30,Qatar Grand Prix,losail,leclerc,LEC,ferrari,10,8,8.0,4.0,57,Finished,0,0
2025,23,2025-11-30,Qatar Grand Prix,losail,max_verstappen,VER,red_bull,3,1,1.0,25.0,57,Finished,0,1
2025,23,2025-11-30,Qatar Grand Prix,losail,norris,NOR,mclaren,2,4,4.0,12.0,57,Finished,0,0
2025,23,2025-11-30,Qatar Grand Prix,losail,ocon,OCO,haas,16,15,15.0,0.0,56,Lapped,0,0
2025,23,2025-11-30,Qatar Grand Prix,losail,piastri,PIA,mclaren,1,2,2.0,18.0,57,Finished,0,0
2025,23,2025-11-30,Qatar Grand Prix,losail,russell,RUS,mercedes,4,6,6.0,8.0,57,Finished,0,0
2025,23,2025-11-30,Qatar Grand Prix,losail,sainz,SAI,williams,7,3,3.0,15.0,57,Finished,0,0
2025,23,2025-11-30,Qatar Grand Prix,losail,stroll,STR,aston_martin,18,17,17.0,0.0,55,Retired,0,0
2025,23,2025-11-30,Qatar Grand Prix,losail,tsunoda,TSU,red_bull,15,10,10.0,1.0,57,Finished,0,0
2025,24,2025-12-07,Abu Dhabi Grand Prix,yas_marina,albon,ALB,williams,17,16,16.0,0.0,58,Finished,0,0
2025,24,2025-12-07,Abu Dhabi Grand Prix,yas_marina,alonso,ALO,aston_martin,6,6,6.0,8.0,58,Finished,0,0
2025,24,2025-12-07,Abu Dhabi Grand Prix,yas_marina,antonelli,ANT,mercedes,14,15,15.0,0.0,58,Finished,0,0
2025,24,2025-12-07,Abu Dhabi Grand Prix,yas_marina,bearman,BEA,haas,11,12,12.0,0.0,58,Finished,0,0
2025,24,2025-12-07,Abu Dhabi Grand Prix,yas_marina,bortoleto,BOR,sauber,7,11,11.0,0.0,58,Finished,0,0
2025,24,2025-12-07,Abu Dhabi Grand Prix,yas_marina,colapinto,COL,alpine,20,20,20.0,0.0,57,Lapped,0,0
2025,24,2025-12-07,Abu Dhabi Grand Prix,yas_marina,gasly,GAS,alpine,19,19,19.0,0.0,57,Lapped,0,0
2025,24,2025-12-07,Abu Dhabi Grand Prix,yas_marina,hadjar,HAD,rb,9,17,17.0,0.0,57,Lapped,0,0
2025,24,2025-12-07,Abu Dhabi Grand Prix,yas_marina,hamilton,HAM,ferrari,16,8,8.0,4.0,58,Finished,0,0
2025,24,2025-12-07,Abu Dhabi Grand Prix,yas_marina,hulkenberg,HUL,sauber,18,9,9.0,2.0,58,Finished,0,0
2025,24,2025-12-07,Abu Dhabi Grand Prix,yas_marina,lawson,LAW,rb,13,18,18.0,0.0,57,Lapped,0,0
2025,24,2025-12-07,Abu Dhabi Grand Prix,yas_marina,leclerc,LEC,ferrari,5,4,4.0,12.0,58,Finished,0,0
2025,24,2025-12-07,Abu Dhabi Grand Prix,yas_marina,max_verstappen,VER,red_bull,1,1,1.0,25.0,58,Finished,0,1
2025,24,2025-12-07,Abu Dhabi Grand Prix,yas_marina,norris,NOR,mclaren,2,3,3.0,15.0,58,Finished,0,0
2025,24,2025-12-07,Abu Dhabi Grand Prix,yas_marina,ocon,OCO,haas,8,7,7.0,6.0,58,Finished,0,0
2025,24,2025-12-07,Abu Dhabi Grand Prix,yas_marina,piastri,PIA,mclaren,3,2,2.0,18.0,58,Finished,0,0
2025,24,2025-12-07,Abu Dhabi Grand Prix,yas_marina,russell,RUS,mercedes,4,5,5.0,10.0,58,Finished,0,0
2025,24,2025-12-07,Abu Dhabi Grand Prix,yas_marina,sainz,SAI,williams,12,13,13.0,0.0,58,Finished,0,0
2025,24,2025-12-07,Abu Dhabi Grand Prix,yas_marina,stroll,STR,aston_martin,15,10,10.0,1.0,58,Finished,0,0
2025,24,2025-12-07,Abu Dhabi Grand Prix,yas_marina,tsunoda,TSU,red_bull,10,14,14.0,0.0,58,Finished,0,0
2026,1,2026-03-08,Australian Grand Prix,albert_park,albon,ALB,williams,15,12,12.0,0.0,57,Lapped,0,0
2026,1,2026-03-08,Australian Grand Prix,albert_park,alonso,ALO,aston_martin,17,R,,0.0,21,Retired,1,0
2026,1,2026-03-08,Australian Grand Prix,albert_park,antonelli,ANT,mercedes,2,2,2.0,18.0,58,Finished,0,0
2026,1,2026-03-08,Australian Grand Prix,albert_park,arvid_lindblad,LIN,rb,9,8,8.0,4.0,57,Lapped,0,0
2026,1,2026-03-08,Australian Grand Prix,albert_park,bearman,BEA,haas,12,7,7.0,6.0,57,Lapped,0,0
2026,1,2026-03-08,Australian Grand Prix,albert_park,bortoleto,BOR,audi,10,9,9.0,2.0,57,Lapped,0,0
2026,1,2026-03-08,Australian Grand Prix,albert_park,bottas,BOT,cadillac,19,R,,0.0,15,Retired,1,0
2026,1,2026-03-08,Australian Grand Prix,albert_park,colapinto,COL,alpine,16,14,14.0,0.0,56,Lapped,0,0
2026,1,2026-03-08,Australian Grand Prix,albert_park,gasly,GAS,alpine,14,10,10.0,1.0,57,Lapped,0,0
2026,1,2026-03-08,Australian Grand Prix,albert_park,hadjar,HAD,red_bull,3,R,,0.0,10,Retired,1,0
2026,1,2026-03-08,Australian Grand Prix,albert_park,hamilton,HAM,ferrari,7,4,4.0,12.0,58,Finished,0,0
2026,1,2026-03-08,Australian Grand Prix,albert_park,hulkenberg,HUL,audi,11,W,,0.0,0,Did not start,1,0
2026,1,2026-03-08,Australian Grand Prix,albert_park,lawson,LAW,rb,8,13,13.0,0.0,57,Lapped,0,0
2026,1,2026-03-08,Australian Grand Prix,albert_park,leclerc,LEC,ferrari,4,3,3.0,15.0,58,Finished,0,0
2026,1,2026-03-08,Australian Grand Prix,albert_park,max_verstappen,VER,red_bull,20,6,6.0,8.0,58,Finished,0,0
2026,1,2026-03-08,Australian Grand Prix,albert_park,norris,NOR,mclaren,6,5,5.0,10.0,58,Finished,0,0
2026,1,2026-03-08,Australian Grand Prix,albert_park,ocon,OCO,haas,13,11,11.0,0.0,57,Lapped,0,0
2026,1,2026-03-08,Australian Grand Prix,albert_park,perez,PER,cadillac,18,16,16.0,0.0,55,Lapped,0,0
2026,1,2026-03-08,Australian Grand Prix,albert_park,piastri,PIA,mclaren,5,W,,0.0,0,Did not start,1,0
2026,1,2026-03-08,Australian Grand Prix,albert_park,russell,RUS,mercedes,1,1,1.0,25.0,58,Finished,0,1
2026,1,2026-03-08,Australian Grand Prix,albert_park,sainz,SAI,williams,21,15,15.0,0.0,56,Lapped,0,0
2026,1,2026-03-08,Australian Grand Prix,albert_park,stroll,STR,aston_martin,22,R,,0.0,43,Lapped,1,0
2026,2,2026-03-15,Chinese Grand Prix,shanghai,albon,ALB,williams,22,W,,0.0,0,Did not start,1,0
2026,2,2026-03-15,Chinese Grand Prix,shanghai,alonso,ALO,aston_martin,18,R,,0.0,32,Retired,1,0
2026,2,2026-03-15,Chinese Grand Prix,shanghai,antonelli,ANT,mercedes,1,1,1.0,25.0,56,Finished,0,1
2026,2,2026-03-15,Chinese Grand Prix,shanghai,arvid_lindblad,LIN,rb,15,12,12.0,0.0,55,Lapped,0,0
2026,2,2026-03-15,Chinese Grand Prix,shanghai,bearman,BEA,haas,10,5,5.0,10.0,56,Finished,0,0
2026,2,2026-03-15,Chinese Grand Prix,shanghai,bortoleto,BOR,audi,16,W,,0.0,0,Did not start,1,0
2026,2,2026-03-15,Chinese Grand Prix,shanghai,bottas,BOT,cadillac,19,13,13.0,0.0,55,Lapped,0,0
2026,2,2026-03-15,Chinese Grand Prix,shanghai,colapinto,COL,alpine,12,10,10.0,1.0,55,Lapped,0,0
2026,2,2026-03-15,Chinese Grand Prix,shanghai,gasly,GAS,alpine,7,6,6.0,8.0,56,Finished,0,0
2026,2,2026-03-15,Chinese Grand Prix,shanghai,hadjar,HAD,red_bull,9,8,8.0,4.0,56,Finished,0,0
2026,2,2026-03-15,Chinese Grand Prix,shanghai,hamilton,HAM,ferrari,3,3,3.0,15.0,56,Finished,0,0
2026,2,2026-03-15,Chinese Grand Prix,shanghai,hulkenberg,HUL,audi,11,11,11.0,0.0,55,Lapped,0,0
2026,2,2026-03-15,Chinese Grand Prix,shanghai,lawson,LAW,rb,14,7,7.0,6.0,56,Finished,0,0
2026,2,2026-03-15,Chinese Grand Prix,shanghai,leclerc,LEC,ferrari,4,4,4.0,12.0,56,Finished,0,0
2026,2,2026-03-15,Chinese Grand Prix,shanghai,max_verstappen,VER,red_bull,8,R,,0.0,45,Retired,1,0
2026,2,2026-03-15,Chinese Grand Prix,shanghai,norris,NOR,mclaren,6,W,,0.0,0,Did not start,1,0
2026,2,2026-03-15,Chinese Grand Prix,shanghai,ocon,OCO,haas,13,14,14.0,0.0,55,Lapped,0,0
2026,2,2026-03-15,Chinese Grand Prix,shanghai,perez,PER,cadillac,21,15,15.0,0.0,55,Lapped,0,0
2026,2,2026-03-15,Chinese Grand Prix,shanghai,piastri,PIA,mclaren,5,W,,0.0,0,Did not start,1,0
2026,2,2026-03-15,Chinese Grand Prix,shanghai,russell,RUS,mercedes,2,2,2.0,18.0,56,Finished,0,0
2026,2,2026-03-15,Chinese Grand Prix,shanghai,sainz,SAI,williams,17,9,9.0,2.0,55,Lapped,0,0
2026,2,2026-03-15,Chinese Grand Prix,shanghai,stroll,STR,aston_martin,20,R,,0.0,9,Retired,1,0
2026,3,2026-03-29,Japanese Grand Prix,suzuka,albon,ALB,williams,17,20,20.0,0.0,51,Lapped,0,0
2026,3,2026-03-29,Japanese Grand Prix,suzuka,alonso,ALO,aston_martin,21,18,18.0,0.0,52,Lapped,0,0
2026,3,2026-03-29,Japanese Grand Prix,suzuka,antonelli,ANT,mercedes,1,1,1.0,25.0,53,Finished,0,1
2026,3,2026-03-29,Japanese Grand Prix,suzuka,arvid_lindblad,LIN,rb,10,14,14.0,0.0,53,Finished,0,0
2026,3,2026-03-29,Japanese Grand Prix,suzuka,bearman,BEA,haas,18,R,,0.0,20,Retired,1,0
2026,3,2026-03-29,Japanese Grand Prix,suzuka,bortoleto,BOR,audi,9,13,13.0,0.0,53,Finished,0,0
2026,3,2026-03-29,Japanese Grand Prix,suzuka,bottas,BOT,cadillac,20,19,19.0,0.0,52,Lapped,0,0
2026,3,2026-03-29,Japanese Grand Prix,suzuka,colapinto,COL,alpine,15,16,16.0,0.0,53,Finished,0,0
2026,3,2026-03-29,Japanese Grand Prix,suzuka,gasly,GAS,alpine,7,7,7.0,6.0,53,Finished,0,0
2026,3,2026-03-29,Japanese Grand Prix,suzuka,hadjar,HAD,red_bull,8,12,12.0,0.0,53,Finished,0,0
2026,3,2026-03-29,Japanese Grand Prix,suzuka,hamilton,HAM,ferrari,6,6,6.0,8.0,53,Finished,0,0
2026,3,2026-03-29,Japanese Grand Prix,suzuka,hulkenberg,HUL,audi,13,11,11.0,0.0,53,Finished,0,0
2026,3,2026-03-29,Japanese Grand Prix,suzuka,lawson,LAW,rb,14,9,9.0,2.0,53,Finished,0,0
2026,3,2026-03-29,Japanese Grand Prix,suzuka,leclerc,LEC,ferrari,4,3,3.0,15.0,53,Finished,0,0
2026,3,2026-03-29,Japanese Grand Prix,suzuka,max_verstappen,VER,red_bull,11,8,8.0,4.0,53,Finished,0,0
2026,3,2026-03-29,Japanese Grand Prix,suzuka,norris,NOR,mclaren,5,5,5.0,10.0,53,Finished,0,0
2026,3,2026-03-29,Japanese Grand Prix,suzuka,ocon,OCO,haas,12,10,10.0,1.0,53,Finished,0,0
2026,3,2026-03-29,Japanese Grand Prix,suzuka,perez,PER,cadillac,19,17,17.0,0.0,53,Finished,0,0
2026,3,2026-03-29,Japanese Grand Prix,suzuka,piastri,PIA,mclaren,3,2,2.0,18.0,53,Finished,0,0
2026,3,2026-03-29,Japanese Grand Prix,suzuka,russell,RUS,mercedes,2,4,4.0,12.0,53,Finished,0,0
2026,3,2026-03-29,Japanese Grand Prix,suzuka,sainz,SAI,williams,16,15,15.0,0.0,53,Finished,0,0
2026,3,2026-03-29,Japanese Grand Prix,suzuka,stroll,STR,aston_martin,22,R,,0.0,30,Retired,1,0
2026,4,2026-05-03,Miami Grand Prix,miami,albon,ALB,williams,15,10,10.0,1.0,57,Finished,0,0
2026,4,2026-05-03,Miami Grand Prix,miami,alonso,ALO,aston_martin,17,15,15.0,0.0,56,Lapped,0,0
2026,4,2026-05-03,Miami Grand Prix,miami,antonelli,ANT,mercedes,1,1,1.0,25.0,57,Finished,0,1
2026,4,2026-05-03,Miami Grand Prix,miami,arvid_lindblad,LIN,rb,16,14,14.0,0.0,56,Lapped,0,0
2026,4,2026-05-03,Miami Grand Prix,miami,bearman,BEA,haas,12,11,11.0,0.0,56,Lapped,0,0
2026,4,2026-05-03,Miami Grand Prix,miami,bortoleto,BOR,audi,21,12,12.0,0.0,56,Lapped,0,0
2026,4,2026-05-03,Miami Grand Prix,miami,bottas,BOT,cadillac,19,18,18.0,0.0,55,Lapped,0,0
2026,4,2026-05-03,Miami Grand Prix,miami,colapinto,COL,alpine,8,7,7.0,6.0,57,Finished,0,0
2026,4,2026-05-03,Miami Grand Prix,miami,gasly,GAS,alpine,9,R,,0.0,4,Retired,1,0
2026,4,2026-05-03,Miami Grand Prix,miami,hadjar,HAD,red_bull,22,R,,0.0,4,Retired,1,0
2026,4,2026-05-03,Miami Grand Prix,miami,hamilton,HAM,ferrari,6,6,6.0,8.0,57,Finished,0,0
2026,4,2026-05-03,Miami Grand Prix,miami,hulkenberg,HUL,audi,10,R,,0.0,7,Retired,1,0
2026,4,2026-05-03,Miami Grand Prix,miami,lawson,LAW,rb,11,R,,0.0,6,Retired,1,0
2026,4,2026-05-03,Miami Grand Prix,miami,leclerc,LEC,ferrari,3,8,8.0,4.0,57,Finished,0,0
2026,4,2026-05-03,Miami Grand Prix,miami,max_verstappen,VER,red_bull,2,5,5.0,10.0,57,Finished,0,0
2026,4,2026-05-03,Miami Grand Prix,miami,norris,NOR,mclaren,4,2,2.0,18.0,57,Finished,0,0
2026,4,2026-05-03,Miami Grand Prix,miami,ocon,OCO,haas,14,13,13.0,0.0,56,Lapped,0,0
2026,4,2026-05-03,Miami Grand Prix,miami,perez,PER,cadillac,20,16,16.0,0.0,56,Lapped,0,0
2026,4,2026-05-03,Miami Grand Prix,miami,piastri,PIA,mclaren,7,3,3.0,15.0,57,Finished,0,0
2026,4,2026-05-03,Miami Grand Prix,miami,russell,RUS,mercedes,5,4,4.0,12.0,57,Finished,0,0
2026,4,2026-05-03,Miami Grand Prix,miami,sainz,SAI,williams,13,9,9.0,2.0,57,Finished,0,0
2026,4,2026-05-03,Miami Grand Prix,miami,stroll,STR,aston_martin,18,17,17.0,0.0,56,Lapped,0,0
2026,5,2026-05-24,Canadian Grand Prix,villeneuve,albon,ALB,williams,18,R,,0.0,11,Retired,1,0
2026,5,2026-05-24,Canadian Grand Prix,villeneuve,alonso,ALO,aston_martin,19,R,,0.0,23,Retired,1,0
2026,5,2026-05-24,Canadian Grand Prix,villeneuve,antonelli,ANT,mercedes,2,1,1.0,25.0,68,Finished,0,1
2026,5,2026-05-24,Canadian Grand Prix,villeneuve,arvid_lindblad,LIN,rb,9,W,,0.0,0,Did not start,1,0
2026,5,2026-05-24,Canadian Grand Prix,villeneuve,bearman,BEA,haas,16,10,10.0,1.0,67,Lapped,0,0
2026,5,2026-05-24,Canadian Grand Prix,villeneuve,bortoleto,BOR,audi,13,13,13.0,0.0,66,Lapped,0,0
2026,5,2026-05-24,Canadian Grand Prix,villeneuve,bottas,BOT,cadillac,21,16,16.0,0.0,64,Lapped,0,0
2026,5,2026-05-24,Canadian Grand Prix,villeneuve,colapinto,COL,alpine,10,6,6.0,8.0,67,Lapped,0,0
2026,5,2026-05-24,Canadian Grand Prix,villeneuve,gasly,GAS,alpine,14,8,8.0,4.0,67,Lapped,0,0
2026,5,2026-05-24,Canadian Grand Prix,villeneuve,hadjar,HAD,red_bull,7,5,5.0,10.0,67,Lapped,0,0
2026,5,2026-05-24,Canadian Grand Prix,villeneuve,hamilton,HAM,ferrari,5,2,2.0,18.0,68,Finished,0,0
2026,5,2026-05-24,Canadian Grand Prix,villeneuve,hulkenberg,HUL,audi,11,12,12.0,0.0,66,Lapped,0,0
2026,5,2026-05-24,Canadian Grand Prix,villeneuve,lawson,LAW,rb,12,7,7.0,6.0,67,Lapped,0,0
2026,5,2026-05-24,Canadian Grand Prix,villeneuve,leclerc,LEC,ferrari,8,4,4.0,12.0,68,Finished,0,0
2026,5,2026-05-24,Canadian Grand Prix,villeneuve,max_verstappen,VER,red_bull,6,3,3.0,15.0,68,Finished,0,0
2026,5,2026-05-24,Canadian Grand Prix,villeneuve,norris,NOR,mclaren,3,R,,0.0,38,Retired,1,0
2026,5,2026-05-24,Canadian Grand Prix,villeneuve,ocon,OCO,haas,17,14,14.0,0.0,66,Lapped,0,0
2026,5,2026-05-24,Canadian Grand Prix,villeneuve,perez,PER,cadillac,20,R,,0.0,39,Retired,1,0
2026,5,2026-05-24,Canadian Grand Prix,villeneuve,piastri,PIA,mclaren,4,11,11.0,0.0,66,Lapped,0,0
2026,5,2026-05-24,Canadian Grand Prix,villeneuve,russell,RUS,mercedes,1,R,,0.0,29,Retired,1,0
2026,5,2026-05-24,Canadian Grand Prix,villeneuve,sainz,SAI,williams,15,9,9.0,2.0,67,Lapped,0,0
2026,5,2026-05-24,Canadian Grand Prix,villeneuve,stroll,STR,aston_martin,22,15,15.0,0.0,64,Lapped,0,0
2026,6,2026-06-07,Monaco Grand Prix,monaco,albon,ALB,williams,11,8,8.0,4.0,78,Finished,0,0
2026,6,2026-06-07,Monaco Grand Prix,monaco,alonso,ALO,aston_martin,21,10,10.0,1.0,78,Finished,0,0
2026,6,2026-06-07,Monaco Grand Prix,monaco,antonelli,ANT,mercedes,1,1,1.0,25.0,78,Finished,0,1
2026,6,2026-06-07,Monaco Grand Prix,monaco,arvid_lindblad,LIN,rb,15,6,6.0,8.0,78,Finished,0,0
2026,6,2026-06-07,Monaco Grand Prix,monaco,bearman,BEA,haas,19,R,,0.0,27,Retired,1,0
2026,6,2026-06-07,Monaco Grand Prix,monaco,bortoleto,BOR,audi,16,11,11.0,0.0,78,Finished,0,0
2026,6,2026-06-07,Monaco Grand Prix,monaco,bottas,BOT,cadillac,20,R,,0.0,15,Retired,1,0
2026,6,2026-06-07,Monaco Grand Prix,monaco,colapinto,COL,alpine,14,14,14.0,0.0,78,Finished,0,0
2026,6,2026-06-07,Monaco Grand Prix,monaco,gasly,GAS,alpine,9,7,7.0,6.0,78,Finished,0,0
2026,6,2026-06-07,Monaco Grand Prix,monaco,hadjar,HAD,red_bull,5,3,3.0,15.0,78,Finished,0,0
2026,6,2026-06-07,Monaco Grand Prix,monaco,hamilton,HAM,ferrari,3,2,2.0,18.0,78,Finished,0,0
2026,6,2026-06-07,Monaco Grand Prix,monaco,hulkenberg,HUL,audi,13,13,13.0,0.0,78,Finished,0,0
2026,6,2026-06-07,Monaco Grand Prix,monaco,lawson,LAW,rb,10,5,5.0,10.0,78,Finished,0,0
2026,6,2026-06-07,Monaco Grand Prix,monaco,leclerc,LEC,ferrari,4,R,,0.0,64,Retired,1,0
2026,6,2026-06-07,Monaco Grand Prix,monaco,max_verstappen,VER,red_bull,2,R,,0.0,0,Retired,1,0
2026,6,2026-06-07,Monaco Grand Prix,monaco,norris,NOR,mclaren,8,R,,0.0,43,Retired,1,0
2026,6,2026-06-07,Monaco Grand Prix,monaco,ocon,OCO,haas,17,9,9.0,2.0,78,Finished,0,0
2026,6,2026-06-07,Monaco Grand Prix,monaco,perez,PER,cadillac,18,15,15.0,0.0,78,Finished,0,0
2026,6,2026-06-07,Monaco Grand Prix,monaco,piastri,PIA,mclaren,7,4,4.0,12.0,78,Finished,0,0
2026,6,2026-06-07,Monaco Grand Prix,monaco,russell,RUS,mercedes,6,12,12.0,0.0,78,Finished,0,0
2026,6,2026-06-07,Monaco Grand Prix,monaco,sainz,SAI,williams,12,16,16.0,0.0,70,Retired,0,0
2026,6,2026-06-07,Monaco Grand Prix,monaco,stroll,STR,aston_martin,22,R,,0.0,56,Retired,1,0
2026,7,2026-06-14,Barcelona Grand Prix,catalunya,albon,ALB,williams,18,R,,0.0,55,Lapped,1,0
2026,7,2026-06-14,Barcelona Grand Prix,catalunya,alonso,ALO,aston_martin,22,R,,0.0,37,Retired,1,0
2026,7,2026-06-14,Barcelona Grand Prix,catalunya,antonelli,ANT,mercedes,3,16,16.0,0.0,61,Retired,0,0
2026,7,2026-06-14,Barcelona Grand Prix,catalunya,arvid_lindblad,LIN,rb,11,9,9.0,2.0,65,Lapped,0,0
2026,7,2026-06-14,Barcelona Grand Prix,catalunya,bearman,BEA,haas,15,17,17.0,0.0,60,Retired,0,0
2026,7,2026-06-14,Barcelona Grand Prix,catalunya,bortoleto,BOR,audi,12,11,11.0,0.0,64,Lapped,0,0
2026,7,2026-06-14,Barcelona Grand Prix,catalunya,bottas,BOT,cadillac,20,R,,0.0,15,Retired,1,0
2026,7,2026-06-14,Barcelona Grand Prix,catalunya,colapinto,COL,alpine,13,10,10.0,1.0,65,Lapped,0,0
2026,7,2026-06-14,Barcelona Grand Prix,catalunya,gasly,GAS,alpine,14,7,7.0,6.0,65,Lapped,0,0
2026,7,2026-06-14,Barcelona Grand Prix,catalunya,hadjar,HAD,red_bull,6,6,6.0,8.0,65,Lapped,0,0
2026,7,2026-06-14,Barcelona Grand Prix,catalunya,hamilton,HAM,ferrari,2,1,1.0,25.0,66,Finished,0,1
2026,7,2026-06-14,Barcelona Grand Prix,catalunya,hulkenberg,HUL,audi,9,R,,0.0,29,Retired,1,0
2026,7,2026-06-14,Barcelona Grand Prix,catalunya,lawson,LAW,rb,8,8,8.0,4.0,65,Lapped,0,0
2026,7,2026-06-14,Barcelona Grand Prix,catalunya,leclerc,LEC,ferrari,10,15,15.0,0.0,62,Retired,0,0
2026,7,2026-06-14,Barcelona Grand Prix,catalunya,max_verstappen,VER,red_bull,5,4,4.0,12.0,66,Finished,0,0
2026,7,2026-06-14,Barcelona Grand Prix,catalunya,norris,NOR,mclaren,4,3,3.0,15.0,66,Finished,0,0
2026,7,2026-06-14,Barcelona Grand Prix,catalunya,ocon,OCO,haas,17,13,13.0,0.0,64,Lapped,0,0
2026,7,2026-06-14,Barcelona Grand Prix,catalunya,perez,PER,cadillac,19,14,14.0,0.0,63,Lapped,0,0
2026,7,2026-06-14,Barcelona Grand Prix,catalunya,piastri,PIA,mclaren,7,5,5.0,10.0,66,Finished,0,0
2026,7,2026-06-14,Barcelona Grand Prix,catalunya,russell,RUS,mercedes,1,2,2.0,18.0,66,Finished,0,0
2026,7,2026-06-14,Barcelona Grand Prix,catalunya,sainz,SAI,williams,16,12,12.0,0.0,64,Lapped,0,0
2026,7,2026-06-14,Barcelona Grand Prix,catalunya,stroll,STR,aston_martin,21,R,,0.0,5,Retired,1,0
2026,8,2026-06-28,Austrian Grand Prix,red_bull_ring,albon,ALB,williams,18,17,17.0,0.0,69,Lapped,0,0
2026,8,2026-06-28,Austrian Grand Prix,red_bull_ring,alonso,ALO,aston_martin,21,18,18.0,0.0,68,Lapped,0,0
2026,8,2026-06-28,Austrian Grand Prix,red_bull_ring,antonelli,ANT,mercedes,4,3,3.0,15.0,71,Finished,0,0
2026,8,2026-06-28,Austrian Grand Prix,red_bull_ring,arvid_lindblad,LIN,rb,10,10,10.0,1.0,70,Lapped,0,0
2026,8,2026-06-28,Austrian Grand Prix,red_bull_ring,bearman,BEA,haas,13,14,14.0,0.0,70,Lapped,0,0
2026,8,2026-06-28,Austrian Grand Prix,red_bull_ring,bortoleto,BOR,audi,12,11,11.0,0.0,70,Lapped,0,0
2026,8,2026-06-28,Austrian Grand Prix,red_bull_ring,bottas,BOT,cadillac,20,R,,0.0,2,Retired,1,0
2026,8,2026-06-28,Austrian Grand Prix,red_bull_ring,colapinto,COL,alpine,16,15,15.0,0.0,70,Lapped,0,0
2026,8,2026-06-28,Austrian Grand Prix,red_bull_ring,gasly,GAS,alpine,11,13,13.0,0.0,70,Lapped,0,0
2026,8,2026-06-28,Austrian Grand Prix,red_bull_ring,hadjar,HAD,red_bull,8,6,6.0,8.0,71,Finished,0,0
2026,8,2026-06-28,Austrian Grand Prix,red_bull_ring,hamilton,HAM,ferrari,3,5,5.0,10.0,71,Finished,0,0
2026,8,2026-06-28,Austrian Grand Prix,red_bull_ring,hulkenberg,HUL,audi,14,12,12.0,0.0,70,Lapped,0,0
2026,8,2026-06-28,Austrian Grand Prix,red_bull_ring,lawson,LAW,rb,9,9,9.0,2.0,70,Lapped,0,0
2026,8,2026-06-28,Austrian Grand Prix,red_bull_ring,leclerc,LEC,ferrari,2,8,8.0,4.0,71,Finished,0,0
2026,8,2026-06-28,Austrian Grand Prix,red_bull_ring,max_verstappen,VER,red_bull,5,2,2.0,18.0,71,Finished,0,0
2026,8,2026-06-28,Austrian Grand Prix,red_bull_ring,norris,NOR,mclaren,6,7,7.0,6.0,71,Finished,0,0
2026,8,2026-06-28,Austrian Grand Prix,red_bull_ring,ocon,OCO,haas,15,16,16.0,0.0,69,Lapped,0,0
2026,8,2026-06-28,Austrian Grand Prix,red_bull_ring,perez,PER,cadillac,19,R,,0.0,4,Retired,1,0
2026,8,2026-06-28,Austrian Grand Prix,red_bull_ring,piastri,PIA,mclaren,7,4,4.0,12.0,71,Finished,0,0
2026,8,2026-06-28,Austrian Grand Prix,red_bull_ring,russell,RUS,mercedes,1,1,1.0,25.0,71,Finished,0,1
2026,8,2026-06-28,Austrian Grand Prix,red_bull_ring,sainz,SAI,williams,17,R,,0.0,23,Retired,1,0
2026,8,2026-06-28,Austrian Grand Prix,red_bull_ring,stroll,STR,aston_martin,22,R,,0.0,45,Retired,1,0
2026,9,2026-07-05,British Grand Prix,silverstone,albon,ALB,williams,16,R,,0.0,43,Retired,1,0
2026,9,2026-07-05,British Grand Prix,silverstone,alonso,ALO,aston_martin,21,18,18.0,0.0,51,Lapped,0,0
2026,9,2026-07-05,British Grand Prix,silverstone,antonelli,ANT,mercedes,1,15,15.0,0.0,52,Finished,0,0
2026,9,2026-07-05,British Grand Prix,silverstone,arvid_lindblad,LIN,rb,9,7,7.0,6.0,52,Finished,0,0
2026,9,2026-07-05,British Grand Prix,silverstone,bearman,BEA,haas,13,12,12.0,0.0,52,Finished,0,0
2026,9,2026-07-05,British Grand Prix,silverstone,bortoleto,BOR,audi,11,8,8.0,4.0,52,Finished,0,0
2026,9,2026-07-05,British Grand Prix,silverstone,bottas,BOT,cadillac,18,16,16.0,0.0,52,Finished,0,0
2026,9,2026-07-05,British Grand Prix,silverstone,colapinto,COL,alpine,19,9,9.0,2.0,52,Finished,0,0
2026,9,2026-07-05,British Grand Prix,silverstone,gasly,GAS,alpine,15,10,10.0,1.0,52,Finished,0,0
2026,9,2026-07-05,British Grand Prix,silverstone,hadjar,HAD,red_bull,5,5,5.0,10.0,52,Finished,0,0
2026,9,2026-07-05,British Grand Prix,silverstone,hamilton,HAM,ferrari,3,3,3.0,15.0,52,Finished,0,0
2026,9,2026-07-05,British Grand Prix,silverstone,hulkenberg,HUL,audi,12,R,,0.0,36,Retired,1,0
2026,9,2026-07-05,British Grand Prix,silverstone,lawson,LAW,rb,10,6,6.0,8.0,52,Finished,0,0
2026,9,2026-07-05,British Grand Prix,silverstone,leclerc,LEC,ferrari,2,1,1.0,25.0,52,Finished,0,1
2026,9,2026-07-05,British Grand Prix,silverstone,max_verstappen,VER,red_bull,7,20,20.0,0.0,46,Retired,0,0
2026,9,2026-07-05,British Grand Prix,silverstone,norris,NOR,mclaren,6,4,4.0,12.0,52,Finished,0,0
2026,9,2026-07-05,British Grand Prix,silverstone,ocon,OCO,haas,17,13,13.0,0.0,52,Finished,0,0
2026,9,2026-07-05,British Grand Prix,silverstone,perez,PER,cadillac,20,14,14.0,0.0,52,Finished,0,0
2026,9,2026-07-05,British Grand Prix,silverstone,piastri,PIA,mclaren,8,11,11.0,0.0,52,Finished,0,0
2026,9,2026-07-05,British Grand Prix,silverstone,russell,RUS,mercedes,4,2,2.0,18.0,52,Finished,0,0
2026,9,2026-07-05,British Grand Prix,silverstone,sainz,SAI,williams,14,17,17.0,0.0,51,Lapped,0,0
2026,9,2026-07-05,British Grand Prix,silverstone,stroll,STR,aston_martin,22,19,19.0,0.0,51,Lapped,0,0
2026,10,2026-07-19,Belgian Grand Prix,spa,albon,ALB,williams,15,15,15.0,0.0,44,Finished,0,0
2026,10,2026-07-19,Belgian Grand Prix,spa,alonso,ALO,aston_martin,22,19,19.0,0.0,42,Lapped,0,0
2026,10,2026-07-19,Belgian Grand Prix,spa,antonelli,ANT,mercedes,1,1,1.0,25.0,44,Finished,0,1
2026,10,2026-07-19,Belgian Grand Prix,spa,arvid_lindblad,LIN,rb,7,9,9.0,2.0,44,Finished,0,0
2026,10,2026-07-19,Belgian Grand Prix,spa,bearman,BEA,haas,14,14,14.0,0.0,44,Finished,0,0
2026,10,2026-07-19,Belgian Grand Prix,spa,bortoleto,BOR,audi,8,8,8.0,4.0,44,Finished,0,0
2026,10,2026-07-19,Belgian Grand Prix,spa,bottas,BOT,cadillac,17,18,18.0,0.0,43,Lapped,0,0
2026,10,2026-07-19,Belgian Grand Prix,spa,colapinto,COL,alpine,11,10,10.0,1.0,44,Finished,0,0
2026,10,2026-07-19,Belgian Grand Prix,spa,gasly,GAS,alpine,10,11,11.0,0.0,44,Finished,0,0
2026,10,2026-07-19,Belgian Grand Prix,spa,hadjar,HAD,red_bull,21,6,6.0,8.0,44,Finished,0,0
2026,10,2026-07-19,Belgian Grand Prix,spa,hamilton,HAM,ferrari,5,4,4.0,12.0,44,Finished,0,0
2026,10,2026-07-19,Belgian Grand Prix,spa,hulkenberg,HUL,audi,12,13,13.0,0.0,44,Finished,0,0
2026,10,2026-07-19,Belgian Grand Prix,spa,lawson,LAW,rb,9,12,12.0,0.0,44,Finished,0,0
2026,10,2026-07-19,Belgian Grand Prix,spa,leclerc,LEC,ferrari,4,2,2.0,18.0,44,Finished,0,0
2026,10,2026-07-19,Belgian Grand Prix,spa,max_verstappen,VER,red_bull,2,3,3.0,15.0,44,Finished,0,0
2026,10,2026-07-19,Belgian Grand Prix,spa,norris,NOR,mclaren,13,7,7.0,6.0,44,Finished,0,0
2026,10,2026-07-19,Belgian Grand Prix,spa,ocon,OCO,haas,16,17,17.0,0.0,44,Finished,0,0
2026,10,2026-07-19,Belgian Grand Prix,spa,perez,PER,cadillac,18,R,,0.0,13,Retired,1,0
2026,10,2026-07-19,Belgian Grand Prix,spa,piastri,PIA,mclaren,6,5,5.0,10.0,44,Finished,0,0
2026,10,2026-07-19,Belgian Grand Prix,spa,russell,RUS,mercedes,3,R,,0.0,0,Retired,1,0
2026,10,2026-07-19,Belgian Grand Prix,spa,sainz,SAI,williams,19,16,16.0,0.0,44,Finished,0,0
2026,10,2026-07-19,Belgian Grand Prix,spa,stroll,STR,aston_martin,20,R,,0.0,25,Retired,1,0
2026,11,2026-07-26,Hungarian Grand Prix,hungaroring,albon,ALB,williams,19,17,17.0,0.0,68,Lapped,0,0
2026,11,2026-07-26,Hungarian Grand Prix,hungaroring,alonso,ALO,aston_martin,16,14,14.0,0.0,69,Lapped,0,0
2026,11,2026-07-26,Hungarian Grand Prix,hungaroring,antonelli,ANT,mercedes,7,3,3.0,15.0,70,Finished,0,0
2026,11,2026-07-26,Hungarian Grand Prix,hungaroring,arvid_lindblad,LIN,rb,9,10,10.0,1.0,69,Lapped,0,0
2026,11,2026-07-26,Hungarian Grand Prix,hungaroring,bearman,BEA,haas,17,19,19.0,0.0,68,Lapped,0,0
2026,11,2026-07-26,Hungarian Grand Prix,hungaroring,bortoleto,BOR,audi,14,11,11.0,0.0,69,Lapped,0,0
2026,11,2026-07-26,Hungarian Grand Prix,hungaroring,bottas,BOT,cadillac,21,R,,0.0,13,Retired,1,0
2026,11,2026-07-26,Hungarian Grand Prix,hungaroring,colapinto,COL,alpine,13,15,15.0,0.0,68,Lapped,0,0
2026,11,2026-07-26,Hungarian Grand Prix,hungaroring,gasly,GAS,alpine,12,12,12.0,0.0,69,Lapped,0,0
2026,11,2026-07-26,Hungarian Grand Prix,hungaroring,hadjar,HAD,red_bull,8,6,6.0,8.0,70,Finished,0,0
2026,11,2026-07-26,Hungarian Grand Prix,hungaroring,hamilton,HAM,ferrari,5,5,5.0,10.0,70,Finished,0,0
2026,11,2026-07-26,Hungarian Grand Prix,hungaroring,hulkenberg,HUL,audi,10,9,9.0,2.0,69,Lapped,0,0
2026,11,2026-07-26,Hungarian Grand Prix,hungaroring,lawson,LAW,rb,11,8,8.0,4.0,69,Lapped,0,0
2026,11,2026-07-26,Hungarian Grand Prix,hungaroring,leclerc,LEC,ferrari,2,4,4.0,12.0,70,Finished,0,0
2026,11,2026-07-26,Hungarian Grand Prix,hungaroring,max_verstappen,VER,red_bull,4,2,2.0,18.0,70,Finished,0,0
2026,11,2026-07-26,Hungarian Grand Prix,hungaroring,norris,NOR,mclaren,1,1,1.0,25.0,70,Finished,0,1
2026,11,2026-07-26,Hungarian Grand Prix,hungaroring,ocon,OCO,haas,15,16,16.0,0.0,68,Lapped,0,0
2026,11,2026-07-26,Hungarian Grand Prix,hungaroring,perez,PER,cadillac,22,R,,0.0,48,Retired,1,0
2026,11,2026-07-26,Hungarian Grand Prix,hungaroring,piastri,PIA,mclaren,3,R,,0.0,55,Retired,1,0
2026,11,2026-07-26,Hungarian Grand Prix,hungaroring,russell,RUS,mercedes,6,7,7.0,6.0,70,Finished,0,0
2026,11,2026-07-26,Hungarian Grand Prix,hungaroring,sainz,SAI,williams,18,18,18.0,0.0,68,Lapped,0,0
2026,11,2026-07-26,Hungarian Grand Prix,hungaroring,stroll,STR,aston_martin,20,13,13.0,0.0,69,Lapped,0,0
2026,12,2026-08-23,Dutch Grand Prix,zandvoort,albon,ALB,williams,16,17,17.0,0.0,66,Retired,0,0
2026,12,2026-08-23,Dutch Grand Prix,zandvoort,alonso,ALO,aston_martin,18,9,9.0,2.0,71,Lapped,0,0
2026,12,2026-08-23,Dutch Grand Prix,zandvoort,antonelli,ANT,mercedes,3,2,2.0,18.0,72,Finished,0,0
2026,12,2026-08-23,Dutch Grand Prix,zandvoort,arvid_lindblad,LIN,rb,10,12,12.0,0.0,71,Lapped,0,0
2026,12,2026-08-23,Dutch Grand Prix,zandvoort,bearman,BEA,haas,20,R,,0.0,2,Retired,1,0
2026,12,2026-08-23,Dutch Grand Prix,zandvoort,bortoleto,BOR,audi,9,13,13.0,0.0,71,Lapped,0,0
2026,12,2026-08-23,Dutch Grand Prix,zandvoort,bottas,BOT,cadillac,21,R,,0.0,61,Retired,1,0
2026,12,2026-08-23,Dutch Grand Prix,zandvoort,colapinto,COL,alpine,14,14,14.0,0.0,70,Lapped,0,0
2026,12,2026-08-23,Dutch Grand Prix,zandvoort,gasly,GAS,alpine,11,10,10.0,1.0,71,Lapped,0,0
2026,12,2026-08-23,Dutch Grand Prix,zandvoort,hamilton,HAM,ferrari,5,4,4.0,12.0,72,Finished,0,0
2026,12,2026-08-23,Dutch Grand Prix,zandvoort,hulkenberg,HUL,audi,13,8,8.0,4.0,71,Lapped,0,0
2026,12,2026-08-23,Dutch Grand Prix,zandvoort,lawson,LAW,red_bull,8,7,7.0,6.0,72,Finished,0,0
2026,12,2026-08-23,Dutch Grand Prix,zandvoort,leclerc,LEC,ferrari,6,5,5.0,10.0,72,Finished,0,0
2026,12,2026-08-23,Dutch Grand Prix,zandvoort,max_verstappen,VER,red_bull,7,R,,0.0,0,Retired,1,0
2026,12,2026-08-23,Dutch Grand Prix,zandvoort,norris,NOR,mclaren,1,1,1.0,25.0,72,Finished,0,1
2026,12,2026-08-23,Dutch Grand Prix,zandvoort,ocon,OCO,haas,15,R,,0.0,52,Retired,1,0
2026,12,2026-08-23,Dutch Grand Prix,zandvoort,perez,PER,cadillac,22,15,15.0,0.0,70,Lapped,0,0
2026,12,2026-08-23,Dutch Grand Prix,zandvoort,piastri,PIA,mclaren,4,6,6.0,8.0,72,Finished,0,0
2026,12,2026-08-23,Dutch Grand Prix,zandvoort,russell,RUS,mercedes,2,3,3.0,15.0,72,Finished,0,0
2026,12,2026-08-23,Dutch Grand Prix,zandvoort,sainz,SAI,williams,17,16,16.0,0.0,70,Lapped,0,0
2026,12,2026-08-23,Dutch Grand Prix,zandvoort,stroll,STR,aston_martin,19,R,,0.0,45,Retired,1,0
2026,12,2026-08-23,Dutch Grand Prix,zandvoort,tsunoda,TSU,rb,12,11,11.0,0.0,71,Lapped,0,0
2026,13,2026-09-06,Italian Grand Prix,monza,albon,ALB,williams,20,17,17.0,0.0,52,Lapped,0,0
2026,13,2026-09-06,Italian Grand Prix,monza,alonso,ALO,aston_martin,21,R,,0.0,23,Retired,1,0
2026,13,2026-09-06,Italian Grand Prix,monza,antonelli,ANT,mercedes,19,1,1.0,25.0,53,Finished,0,1
2026,13,2026-09-06,Italian Grand Prix,monza,arvid_lindblad,LIN,rb,9,8,8.0,4.0,53,Finished,0,0
2026,13,2026-09-06,Italian Grand Prix,monza,bearman,BEA,haas,11,15,15.0,0.0,53,Finished,0,0
2026,13,2026-09-06,Italian Grand Prix,monza,bortoleto,BOR,audi,10,11,11.0,0.0,53,Finished,0,0
2026,13,2026-09-06,Italian Grand Prix,monza,bottas,BOT,cadillac,16,19,19.0,0.0,51,Lapped,0,0
2026,13,2026-09-06,Italian Grand Prix,monza,colapinto,COL,alpine,7,9,9.0,2.0,53,Finished,0,0
2026,13,2026-09-06,Italian Grand Prix,monza,gasly,GAS,alpine,1,7,7.0,6.0,53,Finished,0,0
2026,13,2026-09-06,Italian Grand Prix,monza,hamilton,HAM,ferrari,4,6,6.0,8.0,53,Finished,0,0
2026,13,2026-09-06,Italian Grand Prix,monza,hulkenberg,HUL,audi,12,12,12.0,0.0,53,Finished,0,0
2026,13,2026-09-06,Italian Grand Prix,monza,lawson,LAW,red_bull,22,14,14.0,0.0,53,Finished,0,0
2026,13,2026-09-06,Italian Grand Prix,monza,leclerc,LEC,ferrari,3,R,,0.0,1,Retired,1,0
2026,13,2026-09-06,Italian Grand Prix,monza,max_verstappen,VER,red_bull,5,3,3.0,15.0,53,Finished,0,0
2026,13,2026-09-06,Italian Grand Prix,monza,norris,NOR,mclaren,8,4,4.0,12.0,53,Finished,0,0
2026,13,2026-09-06,Italian Grand Prix,monza,ocon,OCO,haas,14,16,16.0,0.0,52,Lapped,0,0
2026,13,2026-09-06,Italian Grand Prix,monza,perez,PER,cadillac,17,18,18.0,0.0,52,Lapped,0,0
2026,13,2026-09-06,Italian Grand Prix,monza,piastri,PIA,mclaren,6,5,5.0,10.0,53,Finished,0,0
2026,13,2026-09-06,Italian Grand Prix,monza,russell,RUS,mercedes,2,2,2.0,18.0,53,Finished,0,0
2026,13,2026-09-06,Italian Grand Prix,monza,sainz,SAI,williams,13,13,13.0,0.0,53,Finished,0,0
2026,13,2026-09-06,Italian Grand Prix,monza,stroll,STR,aston_martin,18,R,,0.0,26,Retired,1,0
2026,13,2026-09-06,Italian Grand Prix,monza,tsunoda,TSU,rb,15,10,10.0,1.0,53,Finished,0,0
